[2026-09-18 22:28:34] [Info] [export] Starting model export...
[2026-09-18 22:28:34] [Info] [export.dir0] Finished exporting
[2026-09-18 22:28:34] [Info] [export.dir1] Finished exporting
[2026-09-18 22:28:34] [Info] [export.dir2] Finished exporting
[2026-09-18 22:28:34] [Info] [export.dir3] Finished exporting
[2026-09-18 22:28:34] [Info] [export.dir4] Finished exporting
[2026-09-18 22:28:38] [Info] [export.dir5] Finished exporting
[2026-09-18 22:28:38] [Info] [export.dir6] Finished exporting
[2026-09-18 22:28:38] [Info] [export.dir7] Skipping texture untangling for stadium directory.
[2026-09-18 22:28:59] [Info] [export.dir7] Finished exporting
[2026-09-18 22:28:59] [Info] [export.dir8] Skipping texture untangling for stadium directory.
[2026-09-18 22:29:15] [Info] [export.dir8] Finished exporting
[2026-09-18 22:29:15] [Info] [export.dir9] Skipping texture untangling for stadium directory.
[2026-09-18 22:29:33] [Info] [export.dir9] Finished exporting
[2026-09-18 22:29:33] [Info] [export.dir10] Skipping texture untangling for stadium directory.
[2026-09-18 22:29:51] [Info] [export.dir10] Finished exporting
[2026-09-18 22:29:51] [Info] [export.dir11] Skipping texture untangling for stadium directory.
[2026-09-18 22:30:12] [Info] [export.dir11] Finished exporting
[2026-09-18 22:30:12] [Info] [export.dir12] Skipping texture untangling for stadium directory.
[2026-09-18 22:30:30] [Info] [export.dir12] Finished exporting
[2026-09-18 22:30:30] [Info] [export.dir13] Skipping texture untangling for stadium directory.
[2026-09-18 22:30:41] [Info] [export.dir13] Finished exporting
[2026-09-18 22:30:41] [Info] [export.dir14] Skipping texture untangling for stadium directory.
[2026-09-18 22:30:59] [Info] [export.dir14] Finished exporting
[2026-09-18 22:30:59] [Info] [export.dir15] Skipping texture untangling for stadium directory.
[2026-09-18 22:31:16] [Info] [export.dir15] Finished exporting
[2026-09-18 22:31:16] [Info] [export.dir16] Skipping texture untangling for stadium directory.
[2026-09-18 22:31:19] [Info] [export.dir16] Finished exporting
[2026-09-18 22:31:19] [Info] [export.dir17] Finished exporting
[2026-09-18 22:31:21] [Info] [model] [dir 18] Skipping sub-entry: empty reserved equipment slot
[2026-09-18 22:31:21] [Info] [export.dir18] Finished exporting
[2026-09-18 22:31:22] [Info] [model] [dir 19] Skipping sub-entry: empty reserved equipment slot
[2026-09-18 22:31:22] [Info] [export.dir19] Finished exporting
[2026-09-18 22:31:23] [Info] [model] [dir 20] Skipping sub-entry: empty reserved equipment slot
[2026-09-18 22:31:23] [Info] [export.dir20] Finished exporting
[2026-09-18 22:31:24] [Info] [model] [dir 21] Skipping sub-entry: empty reserved equipment slot
[2026-09-18 22:31:24] [Info] [export.dir21] Finished exporting
[2026-09-18 22:31:25] [Info] [export.dir22] Finished exporting
[2026-09-18 22:31:26] [Info] [model] [dir 23] Skipping sub-entry: empty reserved equipment slot
[2026-09-18 22:31:26] [Info] [export.dir23] Finished exporting
[2026-09-18 22:31:27] [Info] [model] [dir 24] Skipping sub-entry: empty reserved equipment slot
[2026-09-18 22:31:27] [Info] [export.dir24] Finished exporting
[2026-09-18 22:31:29] [Info] [model] [dir 25] Skipping sub-entry: empty reserved equipment slot
[2026-09-18 22:31:29] [Info] [export.dir25] Finished exporting
[2026-09-18 22:31:30] [Info] [model] [dir 26] Skipping sub-entry: empty reserved equipment slot
[2026-09-18 22:31:30] [Info] [export.dir26] Finished exporting
[2026-09-18 22:31:31] [Info] [model] [dir 27] Skipping sub-entry: empty reserved equipment slot
[2026-09-18 22:31:31] [Info] [export.dir27] Finished exporting
[2026-09-18 22:31:32] [Info] [export.dir28] Finished exporting
[2026-09-18 22:31:33] [Info] [model] [dir 29] Skipping sub-entry: empty reserved equipment slot
[2026-09-18 22:31:33] [Info] [export.dir29] Finished exporting
[2026-09-18 22:31:34] [Info] [model] [dir 30] Skipping sub-entry: empty reserved equipment slot
[2026-09-18 22:31:34] [Info] [export.dir30] Finished exporting
[2026-09-18 22:31:35] [Info] [model] [dir 31] Skipping sub-entry: empty reserved equipment slot
[2026-09-18 22:31:35] [Info] [export.dir31] Finished exporting
[2026-09-18 22:31:36] [Info] [model] [dir 32] Skipping sub-entry: empty reserved equipment slot
[2026-09-18 22:31:36] [Info] [export.dir32] Finished exporting
[2026-09-18 22:31:37] [Info] [model] [dir 33] Skipping sub-entry: empty reserved equipment slot
[2026-09-18 22:31:37] [Info] [export.dir33] Finished exporting
[2026-09-18 22:31:38] [Info] [model] [dir 34] Skipping sub-entry: empty reserved equipment slot
[2026-09-18 22:31:38] [Info] [export.dir34] Finished exporting
[2026-09-18 22:31:39] [Info] [model] [dir 35] Skipping sub-entry: empty reserved equipment slot
[2026-09-18 22:31:39] [Info] [export.dir35] Finished exporting
[2026-09-18 22:31:41] [Info] [model] [dir 36] Skipping sub-entry: empty reserved equipment slot
[2026-09-18 22:31:41] [Info] [export.dir36] Finished exporting
[2026-09-18 22:31:42] [Info] [model] [dir 37] Skipping sub-entry: empty reserved equipment slot
[2026-09-18 22:31:42] [Info] [export.dir37] Finished exporting
[2026-09-18 22:31:43] [Info] [model] [dir 38] Skipping sub-entry: empty reserved equipment slot
[2026-09-18 22:31:43] [Info] [export.dir38] Finished exporting
[2026-09-18 22:31:44] [Info] [model] [dir 39] Skipping sub-entry: empty reserved equipment slot
[2026-09-18 22:31:44] [Info] [export.dir39] Finished exporting
[2026-09-18 22:31:44] [Info] [model] [dir 40] Skipping sub-entry: empty reserved equipment slot
[2026-09-18 22:31:44] [Info] [export.dir40] Finished exporting
[2026-09-18 22:31:46] [Info] [model] [dir 41] Skipping sub-entry: empty reserved equipment slot
[2026-09-18 22:31:46] [Info] [export.dir41] Finished exporting
[2026-09-18 22:31:47] [Info] [model] [dir 42] Skipping sub-entry: empty reserved equipment slot
[2026-09-18 22:31:47] [Info] [export.dir42] Finished exporting
[2026-09-18 22:31:48] [Info] [model] [dir 43] Skipping sub-entry: empty reserved equipment slot
[2026-09-18 22:31:48] [Info] [export.dir43] Finished exporting
[2026-09-18 22:31:48] [Info] [model] [dir 44] Skipping sub-entry: empty reserved equipment slot
[2026-09-18 22:31:48] [Info] [export.dir44] Finished exporting
[2026-09-18 22:31:49] [Info] [model] [dir 45] Skipping sub-entry: empty reserved equipment slot
[2026-09-18 22:31:49] [Info] [export.dir45] Finished exporting
[2026-09-18 22:31:50] [Info] [model] [dir 46] Skipping sub-entry: empty reserved equipment slot
[2026-09-18 22:31:50] [Info] [export.dir46] Finished exporting
[2026-09-18 22:31:51] [Info] [model] [dir 47] Skipping sub-entry: empty reserved equipment slot
[2026-09-18 22:31:51] [Info] [export.dir47] Finished exporting
[2026-09-18 22:31:52] [Info] [model] [dir 48] Skipping sub-entry: empty reserved equipment slot
[2026-09-18 22:31:52] [Info] [export.dir48] Finished exporting
[2026-09-18 22:31:53] [Info] [model] [dir 49] Skipping sub-entry: empty reserved equipment slot
[2026-09-18 22:31:53] [Info] [export.dir49] Finished exporting
[2026-09-18 22:31:54] [Info] [model] [dir 50] Skipping sub-entry: empty reserved equipment slot
[2026-09-18 22:31:54] [Info] [export.dir50] Finished exporting
[2026-09-18 22:31:55] [Info] [model] [dir 51] Skipping sub-entry: empty reserved equipment slot
[2026-09-18 22:31:55] [Info] [export.dir51] Finished exporting
[2026-09-18 22:31:56] [Info] [model] [dir 52] Skipping sub-entry: empty reserved equipment slot
[2026-09-18 22:31:56] [Info] [export.dir52] Finished exporting
[2026-09-18 22:31:57] [Info] [model] [dir 53] Skipping sub-entry: empty reserved equipment slot
[2026-09-18 22:31:57] [Info] [export.dir53] Finished exporting
[2026-09-18 22:31:58] [Info] [model] [dir 54] Skipping sub-entry: empty reserved equipment slot
[2026-09-18 22:31:58] [Info] [export.dir54] Finished exporting
[2026-09-18 22:31:59] [Info] [model] [dir 55] Skipping sub-entry: empty reserved equipment slot
[2026-09-18 22:31:59] [Info] [export.dir55] Finished exporting
[2026-09-18 22:32:00] [Info] [model] [dir 56] Skipping sub-entry: empty reserved equipment slot
[2026-09-18 22:32:00] [Info] [export.dir56] Finished exporting
[2026-09-18 22:32:01] [Info] [model] [dir 57] Skipping sub-entry: empty reserved equipment slot
[2026-09-18 22:32:01] [Info] [export.dir57] Finished exporting
[2026-09-18 22:32:02] [Info] [model] [dir 58] Skipping sub-entry: empty reserved equipment slot
[2026-09-18 22:32:02] [Info] [export.dir58] Finished exporting
[2026-09-18 22:32:02] [Info] [model] [dir 59] Skipping sub-entry: empty reserved equipment slot
[2026-09-18 22:32:02] [Info] [export.dir59] Finished exporting
[2026-09-18 22:32:03] [Info] [model] [dir 60] Skipping sub-entry: empty reserved equipment slot
[2026-09-18 22:32:03] [Info] [export.dir60] Finished exporting
[2026-09-18 22:32:04] [Info] [model] [dir 61] Skipping sub-entry: empty reserved equipment slot
[2026-09-18 22:32:04] [Info] [export.dir61] Finished exporting
[2026-09-18 22:32:05] [Info] [model] [dir 62] Skipping sub-entry: empty reserved equipment slot
[2026-09-18 22:32:05] [Info] [export.dir62] Finished exporting
[2026-09-18 22:32:06] [Info] [model] [dir 63] Skipping sub-entry: empty reserved equipment slot
[2026-09-18 22:32:06] [Info] [export.dir63] Finished exporting
[2026-09-18 22:32:07] [Info] [model] [dir 64] Skipping sub-entry: empty reserved equipment slot
[2026-09-18 22:32:07] [Info] [export.dir64] Finished exporting
[2026-09-18 22:32:08] [Info] [model] [dir 65] Skipping sub-entry: empty reserved equipment slot
[2026-09-18 22:32:08] [Info] [export.dir65] Finished exporting
[2026-09-18 22:32:09] [Info] [model] [dir 66] Skipping sub-entry: empty reserved equipment slot
[2026-09-18 22:32:09] [Info] [export.dir66] Finished exporting
[2026-09-18 22:32:10] [Info] [model] [dir 67] Skipping sub-entry: empty reserved equipment slot
[2026-09-18 22:32:10] [Info] [export.dir67] Finished exporting
[2026-09-18 22:32:11] [Info] [model] [dir 68] Skipping sub-entry: empty reserved equipment slot
[2026-09-18 22:32:11] [Info] [export.dir68] Finished exporting
[2026-09-18 22:32:12] [Info] [model] [dir 69] Skipping sub-entry: empty reserved equipment slot
[2026-09-18 22:32:12] [Info] [export.dir69] Finished exporting
[2026-09-18 22:32:13] [Info] [model] [dir 70] Skipping sub-entry: empty reserved equipment slot
[2026-09-18 22:32:13] [Info] [export.dir70] Finished exporting
[2026-09-18 22:32:14] [Info] [model] [dir 71] Skipping sub-entry: empty reserved equipment slot
[2026-09-18 22:32:14] [Info] [export.dir71] Finished exporting
[2026-09-18 22:32:15] [Info] [model] [dir 72] Skipping sub-entry: empty reserved equipment slot
[2026-09-18 22:32:15] [Info] [export.dir72] Finished exporting
[2026-09-18 22:32:16] [Info] [model] [dir 73] Skipping sub-entry: empty reserved equipment slot
[2026-09-18 22:32:16] [Info] [export.dir73] Finished exporting
[2026-09-18 22:32:17] [Info] [model] [dir 74] Skipping sub-entry: empty reserved equipment slot
[2026-09-18 22:32:17] [Info] [export.dir74] Finished exporting
[2026-09-18 22:32:18] [Info] [model] [dir 75] Skipping sub-entry: empty reserved equipment slot
[2026-09-18 22:32:18] [Info] [export.dir75] Finished exporting
[2026-09-18 22:32:20] [Warning] [export.dir76] Skipping sub-entry: empty reserved equipment slot
[2026-09-18 22:32:20] [Info] [export.dir76] Finished exporting
[2026-09-18 22:32:21] [Warning] [export.dir77] Skipping sub-entry: empty reserved equipment slot
[2026-09-18 22:32:21] [Info] [export.dir77] Finished exporting
[2026-09-18 22:32:22] [Warning] [export.dir78] Skipping sub-entry: empty reserved equipment slot
[2026-09-18 22:32:22] [Info] [export.dir78] Finished exporting
[2026-09-18 22:32:24] [Warning] [export.dir79] Skipping sub-entry: empty reserved equipment slot
[2026-09-18 22:32:24] [Info] [export.dir79] Finished exporting
[2026-09-18 22:32:25] [Info] [model] [dir 80] Skipping sub-entry: empty reserved equipment slot
[2026-09-18 22:32:25] [Info] [export.dir80] Finished exporting
[2026-09-18 22:32:26] [Info] [model] [dir 81] Skipping sub-entry: empty reserved equipment slot
[2026-09-18 22:32:26] [Info] [export.dir81] Finished exporting
[2026-09-18 22:32:27] [Info] [model] [dir 82] Skipping sub-entry: empty reserved equipment slot
[2026-09-18 22:32:27] [Info] [export.dir82] Finished exporting
[2026-09-18 22:32:28] [Warning] [export.dir83] Skipping sub-entry: empty reserved equipment slot
[2026-09-18 22:32:28] [Info] [export.dir83] Finished exporting
[2026-09-18 22:32:29] [Info] [model] [dir 84] Skipping sub-entry: empty reserved equipment slot
[2026-09-18 22:32:29] [Info] [export.dir84] Finished exporting
[2026-09-18 22:32:30] [Info] [model] [dir 85] Skipping sub-entry: empty reserved equipment slot
[2026-09-18 22:32:30] [Info] [export.dir85] Finished exporting
[2026-09-18 22:32:31] [Info] [model] [dir 86] Skipping sub-entry: empty reserved equipment slot
[2026-09-18 22:32:31] [Info] [export.dir86] Finished exporting
[2026-09-18 22:32:32] [Info] [model] [dir 87] Skipping sub-entry: empty reserved equipment slot
[2026-09-18 22:32:32] [Info] [export.dir87] Finished exporting
[2026-09-18 22:32:33] [Info] [model] [dir 88] Skipping sub-entry: empty reserved equipment slot
[2026-09-18 22:32:33] [Info] [export.dir88] Finished exporting
[2026-09-18 22:32:34] [Info] [model] [dir 89] Skipping sub-entry: empty reserved equipment slot
[2026-09-18 22:32:34] [Info] [export.dir89] Finished exporting
[2026-09-18 22:32:35] [Info] [model] [dir 90] Skipping sub-entry: empty reserved equipment slot
[2026-09-18 22:32:35] [Info] [export.dir90] Finished exporting
[2026-09-18 22:32:36] [Info] [model] [dir 91] Skipping sub-entry: empty reserved equipment slot
[2026-09-18 22:32:36] [Info] [export.dir91] Finished exporting
[2026-09-18 22:32:38] [Info] [model] [dir 92] Skipping sub-entry: empty reserved equipment slot
[2026-09-18 22:32:38] [Info] [export.dir92] Finished exporting
[2026-09-18 22:32:39] [Warning] [export.dir93] Skipping sub-entry: empty reserved equipment slot
[2026-09-18 22:32:39] [Info] [export.dir93] Finished exporting
[2026-09-18 22:32:40] [Info] [model] [dir 94] Skipping sub-entry: empty reserved equipment slot
[2026-09-18 22:32:40] [Info] [export.dir94] Finished exporting
[2026-09-18 22:32:41] [Warning] [export.dir95] Skipping sub-entry: empty reserved equipment slot
[2026-09-18 22:32:41] [Info] [export.dir95] Finished exporting
[2026-09-18 22:32:41] [Warning] [export.dir96] Skipping sub-entry: empty reserved equipment slot
[2026-09-18 22:32:41] [Info] [export.dir96] Finished exporting
[2026-09-18 22:32:42] [Warning] [export.dir97] Skipping sub-entry: empty reserved equipment slot
[2026-09-18 22:32:42] [Info] [export.dir97] Finished exporting
[2026-09-18 22:32:43] [Warning] [export.dir98] Skipping sub-entry: empty reserved equipment slot
[2026-09-18 22:32:43] [Info] [export.dir98] Finished exporting
[2026-09-18 22:32:44] [Warning] [export.dir99] Skipping sub-entry: empty reserved equipment slot
[2026-09-18 22:32:44] [Info] [export.dir99] Finished exporting
[2026-09-18 22:32:45] [Warning] [export.dir100] Skipping sub-entry: empty reserved equipment slot
[2026-09-18 22:32:45] [Info] [export.dir100] Finished exporting
[2026-09-18 22:32:46] [Warning] [export.dir101] Skipping sub-entry: empty reserved equipment slot
[2026-09-18 22:32:46] [Info] [export.dir101] Finished exporting
[2026-09-18 22:32:46] [Warning] [export.dir102] Skipping sub-entry: empty reserved equipment slot
[2026-09-18 22:32:46] [Info] [export.dir102] Finished exporting
[2026-09-18 22:32:47] [Warning] [export.dir103] Skipping sub-entry: empty reserved equipment slot
[2026-09-18 22:32:47] [Info] [export.dir103] Finished exporting
[2026-09-18 22:32:48] [Warning] [export.dir104] Skipping sub-entry: empty reserved equipment slot
[2026-09-18 22:32:48] [Info] [export.dir104] Finished exporting
[2026-09-18 22:32:49] [Warning] [export.dir105] Skipping sub-entry: empty reserved equipment slot
[2026-09-18 22:32:49] [Info] [export.dir105] Finished exporting
[2026-09-18 22:32:50] [Warning] [export.dir106] Skipping sub-entry: empty reserved equipment slot
[2026-09-18 22:32:50] [Info] [export.dir106] Finished exporting
[2026-09-18 22:32:51] [Warning] [export.dir107] Skipping sub-entry: empty reserved equipment slot
[2026-09-18 22:32:51] [Info] [export.dir107] Finished exporting
[2026-09-18 22:32:51] [Warning] [export.dir108] Skipping sub-entry: empty reserved equipment slot
[2026-09-18 22:32:51] [Info] [export.dir108] Finished exporting
[2026-09-18 22:32:52] [Warning] [export.dir109] Skipping sub-entry: empty reserved equipment slot
[2026-09-18 22:32:52] [Info] [export.dir109] Finished exporting
[2026-09-18 22:32:53] [Warning] [export.dir110] Skipping sub-entry: empty reserved equipment slot
[2026-09-18 22:32:53] [Info] [export.dir110] Finished exporting
[2026-09-18 22:32:54] [Warning] [export.dir111] Skipping sub-entry: empty reserved equipment slot
[2026-09-18 22:32:54] [Info] [export.dir111] Finished exporting
[2026-09-18 22:32:55] [Warning] [export.dir112] Skipping sub-entry: empty reserved equipment slot
[2026-09-18 22:32:55] [Info] [export.dir112] Finished exporting
[2026-09-18 22:32:56] [Warning] [export.dir113] Skipping sub-entry: empty reserved equipment slot
[2026-09-18 22:32:56] [Info] [export.dir113] Finished exporting
[2026-09-18 22:32:57] [Warning] [export.dir114] Skipping sub-entry: empty reserved equipment slot
[2026-09-18 22:32:57] [Info] [export.dir114] Finished exporting
[2026-09-18 22:32:57] [Warning] [export.dir115] Skipping sub-entry: empty reserved equipment slot
[2026-09-18 22:32:57] [Info] [export.dir115] Finished exporting
[2026-09-18 22:32:58] [Warning] [export.dir116] Skipping sub-entry: empty reserved equipment slot
[2026-09-18 22:32:58] [Info] [export.dir116] Finished exporting
[2026-09-18 22:32:59] [Warning] [export.dir117] Skipping sub-entry: empty reserved equipment slot
[2026-09-18 22:32:59] [Info] [export.dir117] Finished exporting
[2026-09-18 22:33:00] [Warning] [export.dir118] Skipping sub-entry: empty reserved equipment slot
[2026-09-18 22:33:00] [Info] [export.dir118] Finished exporting
[2026-09-18 22:33:00] [Warning] [export.dir119] Skipping entry: unsupported archive layout
[2026-09-18 22:33:00] [Warning] [export.dir119] Skipping entry: unsupported archive layout
[2026-09-18 22:33:00] [Warning] [export.dir119] Skipping entry: unsupported archive layout
[2026-09-18 22:33:00] [Warning] [export.dir119] Skipping entry: unsupported archive layout
[2026-09-18 22:33:00] [Warning] [export.dir119] Skipping entry: unsupported archive layout
[2026-09-18 22:33:00] [Warning] [export.dir119] Skipping entry: unsupported archive layout
[2026-09-18 22:33:00] [Warning] [export.dir119] Skipping entry: unsupported archive layout
[2026-09-18 22:33:00] [Warning] [export.dir119] Skipping entry: unsupported archive layout
[2026-09-18 22:33:00] [Warning] [export.dir119] Skipping entry: unsupported archive layout
[2026-09-18 22:33:00] [Warning] [export.dir119] Skipping entry: unsupported archive layout
[2026-09-18 22:33:00] [Warning] [export.dir119] Skipping entry: unsupported archive layout
[2026-09-18 22:33:00] [Warning] [export.dir119] Skipping entry: unsupported archive layout
[2026-09-18 22:33:00] [Warning] [export.dir119] Skipping entry: unsupported archive layout
[2026-09-18 22:33:00] [Warning] [export.dir119] Skipping entry: unsupported archive layout
[2026-09-18 22:33:00] [Warning] [export.dir119] Skipping entry: unsupported archive layout
[2026-09-18 22:33:00] [Warning] [export.dir119] Skipping entry: unsupported archive layout
[2026-09-18 22:33:00] [Warning] [export.dir119] Skipping entry: unsupported archive layout
[2026-09-18 22:33:00] [Warning] [export.dir119] Skipping entry: unsupported archive layout
[2026-09-18 22:33:00] [Warning] [export.dir119] Skipping entry: unsupported archive layout
[2026-09-18 22:33:00] [Warning] [export.dir119] Skipping entry: unsupported archive layout
[2026-09-18 22:33:00] [Warning] [export.dir119] Skipping entry: unsupported archive layout
[2026-09-18 22:33:00] [Warning] [export.dir119] Skipping entry: unsupported archive layout
[2026-09-18 22:33:00] [Warning] [export.dir119] Skipping entry: unsupported archive layout
[2026-09-18 22:33:00] [Warning] [export.dir119] Skipping entry: unsupported archive layout
[2026-09-18 22:33:00] [Warning] [export.dir119] Skipping entry: unsupported archive layout
[2026-09-18 22:33:00] [Warning] [export.dir119] Skipping entry: unsupported archive layout
[2026-09-18 22:33:00] [Warning] [export.dir119] Skipping entry: unsupported archive layout
[2026-09-18 22:33:00] [Warning] [export.dir119] Skipping entry: unsupported archive layout
[2026-09-18 22:33:00] [Warning] [export.dir119] Skipping entry: unsupported archive layout
[2026-09-18 22:33:00] [Warning] [export.dir119] Skipping entry: unsupported archive layout
[2026-09-18 22:33:00] [Warning] [export.dir119] Skipping entry: unsupported archive layout
[2026-09-18 22:33:00] [Warning] [export.dir119] Skipping entry: unsupported archive layout
[2026-09-18 22:33:00] [Warning] [export.dir119] Skipping entry: unsupported archive layout
[2026-09-18 22:33:00] [Warning] [export.dir119] Skipping entry: unsupported archive layout
[2026-09-18 22:33:00] [Warning] [export.dir119] Skipping entry: unsupported archive layout
[2026-09-18 22:33:00] [Warning] [export.dir119] Skipping entry: unsupported archive layout
[2026-09-18 22:33:00] [Warning] [export.dir119] Skipping entry: unsupported archive layout
[2026-09-18 22:33:00] [Warning] [export.dir119] Skipping entry: unsupported archive layout
[2026-09-18 22:33:00] [Warning] [export.dir119] Skipping entry: unsupported archive layout
[2026-09-18 22:33:00] [Warning] [export.dir119] Skipping entry: unsupported archive layout
[2026-09-18 22:33:00] [Warning] [export.dir119] Skipping entry: unsupported archive layout
[2026-09-18 22:33:00] [Warning] [export.dir119] Skipping entry: unsupported archive layout
[2026-09-18 22:33:00] [Warning] [export.dir119] Skipping entry: unsupported archive layout
[2026-09-18 22:33:00] [Warning] [export.dir119] Skipping entry: unsupported archive layout
[2026-09-18 22:33:00] [Warning] [export.dir119] Skipping entry: unsupported archive layout
[2026-09-18 22:33:00] [Warning] [export.dir119] Skipping entry: unsupported archive layout
[2026-09-18 22:33:00] [Warning] [export.dir119] Skipping entry: unsupported archive layout
[2026-09-18 22:33:00] [Warning] [export.dir119] Skipping entry: unsupported archive layout
[2026-09-18 22:33:00] [Warning] [export.dir119] Skipping entry: unsupported archive layout
[2026-09-18 22:33:00] [Warning] [export.dir119] Skipping entry: unsupported archive layout
[2026-09-18 22:33:00] [Warning] [export.dir119] Skipping entry: unsupported archive layout
[2026-09-18 22:33:00] [Warning] [export.dir119] Skipping entry: unsupported archive layout
[2026-09-18 22:33:00] [Warning] [export.dir119] Skipping entry: unsupported archive layout
[2026-09-18 22:33:00] [Warning] [export.dir119] Skipping entry: unsupported archive layout
[2026-09-18 22:33:00] [Warning] [export.dir119] Skipping entry: unsupported archive layout
[2026-09-18 22:33:00] [Warning] [export.dir119] Skipping entry: unsupported archive layout
[2026-09-18 22:33:00] [Warning] [export.dir119] Skipping entry: unsupported archive layout
[2026-09-18 22:33:00] [Warning] [export.dir119] Skipping entry: unsupported archive layout
[2026-09-18 22:33:00] [Warning] [export.dir119] Skipping entry: unsupported archive layout
[2026-09-18 22:33:00] [Warning] [export.dir119] Skipping entry: unsupported archive layout
[2026-09-18 22:33:00] [Warning] [export.dir119] Skipping entry: unsupported archive layout
[2026-09-18 22:33:00] [Warning] [export.dir119] Skipping entry: unsupported archive layout
[2026-09-18 22:33:00] [Warning] [export.dir119] Skipping entry: unsupported archive layout
[2026-09-18 22:33:00] [Warning] [export.dir119] Skipping entry: unsupported archive layout
[2026-09-18 22:33:00] [Warning] [export.dir119] Skipping entry: unsupported archive layout
[2026-09-18 22:33:00] [Warning] [export.dir119] Skipping entry: unsupported archive layout
[2026-09-18 22:33:00] [Warning] [export.dir119] Skipping entry: unsupported archive layout
[2026-09-18 22:33:00] [Warning] [export.dir119] Skipping entry: unsupported archive layout
[2026-09-18 22:33:00] [Warning] [export.dir119] Skipping entry: unsupported archive layout
[2026-09-18 22:33:00] [Warning] [export.dir119] Skipping entry: unsupported archive layout
[2026-09-18 22:33:00] [Warning] [export.dir119] Skipping entry: unsupported archive layout
[2026-09-18 22:33:00] [Warning] [export.dir119] Skipping entry: unsupported archive layout
[2026-09-18 22:33:00] [Warning] [export.dir119] Skipping entry: unsupported archive layout
[2026-09-18 22:33:00] [Warning] [export.dir119] Skipping entry: unsupported archive layout
[2026-09-18 22:33:00] [Warning] [export.dir119] Skipping entry: unsupported archive layout
[2026-09-18 22:33:00] [Warning] [export.dir119] Skipping entry: unsupported archive layout
[2026-09-18 22:33:00] [Warning] [export.dir119] Skipping entry: unsupported archive layout
[2026-09-18 22:33:00] [Warning] [export.dir119] Skipping entry: unsupported archive layout
[2026-09-18 22:33:00] [Info] [export.dir119] Finished exporting
[2026-09-18 22:33:00] [Warning] [export.dir120] Skipping entry: unsupported archive layout
[2026-09-18 22:33:00] [Info] [export.dir120] Finished exporting
[2026-09-18 22:33:00] [Info] [export.dir121] Finished exporting
[2026-09-18 22:33:45] [Info] [export.dir122] Finished exporting
[2026-09-18 22:33:45] [Info] [export.dir123] Finished exporting
[2026-09-18 22:33:45] [Info] [export.dir124] Finished exporting
[2026-09-18 22:33:45] [Info] [export.dir125] Finished exporting
[2026-09-18 22:33:54] [Info] [export.dir126] Finished exporting
[2026-09-18 22:34:07] [Info] [export.dir127] Finished exporting
[2026-09-18 22:34:25] [Info] [export.dir128] Finished exporting
[2026-09-18 22:34:35] [Info] [export.dir129] Finished exporting
[2026-09-18 22:34:55] [Info] [export.dir130] Finished exporting
[2026-09-18 22:34:55] [Info] [model] [dir 131] Skipping archive member: not a model entry
[2026-09-18 22:34:55] [Info] [model] [dir 131] Skipping archive member: not a model entry
[2026-09-18 22:34:56] [Info] [model] [dir 131] Skipping archive member: not a model entry
[2026-09-18 22:34:56] [Info] [model] [dir 131] Skipping archive member: not a model entry
[2026-09-18 22:34:56] [Info] [model] [dir 131] Skipping archive member: not a model entry
[2026-09-18 22:34:56] [Info] [model] [dir 131] Skipping archive member: not a model entry
[2026-09-18 22:34:56] [Info] [model] [dir 131] Skipping archive member: not a model entry
[2026-09-18 22:34:56] [Info] [model] [dir 131] Skipping archive member: not a model entry
[2026-09-18 22:34:56] [Info] [model] [dir 131] Skipping archive member: not a model entry
[2026-09-18 22:34:56] [Info] [model] [dir 131] Skipping archive member: not a model entry
[2026-09-18 22:34:56] [Info] [model] [dir 131] Skipping archive member: not a model entry
[2026-09-18 22:34:56] [Info] [model] [dir 131] Skipping archive member: not a model entry
[2026-09-18 22:34:56] [Info] [model] [dir 131] Skipping archive member: not a model entry
[2026-09-18 22:34:56] [Info] [model] [dir 131] Skipping archive member: not a model entry
[2026-09-18 22:34:56] [Info] [model] [dir 131] Skipping archive member: not a model entry
[2026-09-18 22:34:56] [Info] [model] [dir 131] Skipping archive member: not a model entry
[2026-09-18 22:34:56] [Info] [model] [dir 131] Skipping archive member: not a model entry
[2026-09-18 22:34:56] [Info] [model] [dir 131] Skipping archive member: not a model entry
[2026-09-18 22:34:56] [Info] [model] [dir 131] Skipping archive member: not a model entry
[2026-09-18 22:34:56] [Info] [model] [dir 131] Skipping archive member: not a model entry
[2026-09-18 22:34:56] [Info] [model] [dir 131] Skipping archive member: not a model entry
[2026-09-18 22:34:56] [Info] [model] [dir 131] Skipping archive member: not a model entry
[2026-09-18 22:34:56] [Info] [model] [dir 131] Skipping archive member: not a model entry
[2026-09-18 22:34:56] [Info] [model] [dir 131] Skipping archive member: not a model entry
[2026-09-18 22:34:56] [Info] [model] [dir 131] Skipping archive member: not a model entry
[2026-09-18 22:34:56] [Info] [model] [dir 131] Skipping archive member: not a model entry
[2026-09-18 22:34:56] [Info] [model] [dir 131] Skipping archive member: not a model entry
[2026-09-18 22:34:56] [Info] [model] [dir 131] Skipping archive member: not a model entry
[2026-09-18 22:34:56] [Info] [model] [dir 131] Skipping archive member: not a model entry
[2026-09-18 22:34:56] [Info] [model] [dir 131] Skipping archive member: not a model entry
[2026-09-18 22:34:56] [Info] [model] [dir 131] Skipping archive member: not a model entry
[2026-09-18 22:34:56] [Info] [model] [dir 131] Skipping archive member: not a model entry
[2026-09-18 22:34:56] [Info] [model] [dir 131] Skipping archive member: not a model entry
[2026-09-18 22:34:56] [Info] [model] [dir 131] Skipping archive member: not a model entry
[2026-09-18 22:34:56] [Info] [model] [dir 131] Skipping archive member: not a model entry
[2026-09-18 22:34:56] [Info] [model] [dir 131] Skipping archive member: not a model entry
[2026-09-18 22:34:56] [Info] [model] [dir 131] Skipping archive member: not a model entry
[2026-09-18 22:35:04] [Info] [model] [dir 131] Skipping archive member: not a model entry
[2026-09-18 22:35:04] [Info] [model] [dir 131] Skipping archive member: not a model entry
[2026-09-18 22:35:04] [Info] [model] [dir 131] Skipping archive member: not a model entry
[2026-09-18 22:35:04] [Info] [model] [dir 131] Skipping archive member: not a model entry
[2026-09-18 22:35:04] [Info] [model] [dir 131] Skipping archive member: not a model entry
[2026-09-18 22:35:04] [Info] [model] [dir 131] Skipping archive member: not a model entry
[2026-09-18 22:35:04] [Info] [model] [dir 131] Skipping archive member: not a model entry
[2026-09-18 22:35:04] [Info] [model] [dir 131] Skipping archive member: not a model entry
[2026-09-18 22:35:04] [Info] [model] [dir 131] Skipping archive member: not a model entry
[2026-09-18 22:35:04] [Info] [model] [dir 131] Skipping archive member: not a model entry
[2026-09-18 22:35:04] [Info] [model] [dir 131] Skipping archive member: not a model entry
[2026-09-18 22:35:04] [Info] [model] [dir 131] Skipping archive member: not a model entry
[2026-09-18 22:35:04] [Info] [model] [dir 131] Skipping archive member: not a model entry
[2026-09-18 22:35:04] [Info] [model] [dir 131] Skipping archive member: not a model entry
[2026-09-18 22:35:04] [Info] [model] [dir 131] Skipping archive member: not a model entry
[2026-09-18 22:35:04] [Info] [model] [dir 131] Skipping archive member: not a model entry
[2026-09-18 22:35:04] [Info] [model] [dir 131] Skipping archive member: not a model entry
[2026-09-18 22:35:04] [Info] [model] [dir 131] Skipping archive member: not a model entry
[2026-09-18 22:35:04] [Info] [model] [dir 131] Skipping archive member: not a model entry
[2026-09-18 22:35:04] [Info] [model] [dir 131] Skipping archive member: not a model entry
[2026-09-18 22:35:04] [Info] [model] [dir 131] Skipping archive member: not a model entry
[2026-09-18 22:35:04] [Info] [model] [dir 131] Skipping archive member: not a model entry
[2026-09-18 22:35:04] [Info] [model] [dir 131] Skipping archive member: not a model entry
[2026-09-18 22:35:04] [Info] [model] [dir 131] Skipping archive member: not a model entry
[2026-09-18 22:35:04] [Info] [model] [dir 131] Skipping archive member: not a model entry
[2026-09-18 22:35:04] [Info] [model] [dir 131] Skipping archive member: not a model entry
[2026-09-18 22:35:04] [Info] [model] [dir 131] Skipping archive member: not a model entry
[2026-09-18 22:35:04] [Info] [model] [dir 131] Skipping archive member: not a model entry
[2026-09-18 22:35:04] [Info] [model] [dir 131] Skipping archive member: not a model entry
[2026-09-18 22:35:04] [Info] [model] [dir 131] Skipping archive member: not a model entry
[2026-09-18 22:35:04] [Info] [model] [dir 131] Skipping archive member: not a model entry
[2026-09-18 22:35:04] [Info] [model] [dir 131] Skipping archive member: not a model entry
[2026-09-18 22:35:04] [Info] [model] [dir 131] Skipping archive member: not a model entry
[2026-09-18 22:35:04] [Info] [model] [dir 131] Skipping archive member: not a model entry
[2026-09-18 22:35:04] [Info] [model] [dir 131] Skipping archive member: not a model entry
[2026-09-18 22:35:17] [Info] [model] [dir 131] Skipping archive member: not a model entry
[2026-09-18 22:35:17] [Info] [model] [dir 131] Skipping archive member: not a model entry
[2026-09-18 22:35:17] [Info] [model] [dir 131] Skipping archive member: not a model entry
[2026-09-18 22:35:17] [Info] [model] [dir 131] Skipping archive member: not a model entry
[2026-09-18 22:35:17] [Info] [model] [dir 131] Skipping archive member: not a model entry
[2026-09-18 22:35:17] [Info] [model] [dir 131] Skipping archive member: not a model entry
[2026-09-18 22:35:17] [Info] [model] [dir 131] Skipping archive member: not a model entry
[2026-09-18 22:35:17] [Info] [model] [dir 131] Skipping archive member: not a model entry
[2026-09-18 22:35:17] [Info] [model] [dir 131] Skipping archive member: not a model entry
[2026-09-18 22:35:17] [Info] [model] [dir 131] Skipping archive member: not a model entry
[2026-09-18 22:35:17] [Info] [model] [dir 131] Skipping archive member: not a model entry
[2026-09-18 22:35:17] [Info] [model] [dir 131] Skipping archive member: not a model entry
[2026-09-18 22:35:17] [Info] [model] [dir 131] Skipping archive member: not a model entry
[2026-09-18 22:35:17] [Info] [model] [dir 131] Skipping archive member: not a model entry
[2026-09-18 22:35:17] [Info] [model] [dir 131] Skipping archive member: not a model entry
[2026-09-18 22:35:17] [Info] [model] [dir 131] Skipping archive member: not a model entry
[2026-09-18 22:35:17] [Info] [model] [dir 131] Skipping archive member: not a model entry
[2026-09-18 22:35:17] [Info] [model] [dir 131] Skipping archive member: not a model entry
[2026-09-18 22:35:17] [Info] [model] [dir 131] Skipping archive member: not a model entry
[2026-09-18 22:35:17] [Info] [model] [dir 131] Skipping archive member: not a model entry
[2026-09-18 22:35:17] [Info] [model] [dir 131] Skipping archive member: not a model entry
[2026-09-18 22:35:17] [Info] [model] [dir 131] Skipping archive member: not a model entry
[2026-09-18 22:35:17] [Info] [model] [dir 131] Skipping archive member: not a model entry
[2026-09-18 22:35:17] [Info] [model] [dir 131] Skipping archive member: not a model entry
[2026-09-18 22:35:17] [Info] [model] [dir 131] Skipping archive member: not a model entry
[2026-09-18 22:35:17] [Info] [model] [dir 131] Skipping archive member: not a model entry
[2026-09-18 22:35:17] [Info] [model] [dir 131] Skipping archive member: not a model entry
[2026-09-18 22:35:17] [Info] [model] [dir 131] Skipping archive member: not a model entry
[2026-09-18 22:35:17] [Info] [model] [dir 131] Skipping archive member: not a model entry
[2026-09-18 22:35:17] [Info] [model] [dir 131] Skipping archive member: not a model entry
[2026-09-18 22:35:17] [Info] [model] [dir 131] Skipping archive member: not a model entry
[2026-09-18 22:35:17] [Info] [model] [dir 131] Skipping archive member: not a model entry
[2026-09-18 22:35:17] [Info] [model] [dir 131] Skipping archive member: not a model entry
[2026-09-18 22:35:17] [Info] [model] [dir 131] Skipping archive member: not a model entry
[2026-09-18 22:35:17] [Info] [model] [dir 131] Skipping archive member: not a model entry
[2026-09-18 22:35:17] [Info] [model] [dir 131] Skipping archive member: not a model entry
[2026-09-18 22:35:17] [Info] [model] [dir 131] Skipping archive member: not a model entry
[2026-09-18 22:35:17] [Info] [model] [dir 131] Skipping archive member: not a model entry
[2026-09-18 22:35:17] [Info] [model] [dir 131] Skipping archive member: not a model entry
[2026-09-18 22:35:17] [Info] [model] [dir 131] Skipping archive member: not a model entry
[2026-09-18 22:35:17] [Info] [model] [dir 131] Skipping archive member: not a model entry
[2026-09-18 22:35:17] [Info] [model] [dir 131] Skipping archive member: not a model entry
[2026-09-18 22:35:17] [Info] [model] [dir 131] Skipping archive member: not a model entry
[2026-09-18 22:35:17] [Info] [model] [dir 131] Skipping archive member: not a model entry
[2026-09-18 22:35:17] [Info] [model] [dir 131] Skipping archive member: not a model entry
[2026-09-18 22:35:17] [Info] [model] [dir 131] Skipping archive member: not a model entry
[2026-09-18 22:35:17] [Info] [model] [dir 131] Skipping archive member: not a model entry
[2026-09-18 22:35:17] [Info] [model] [dir 131] Skipping archive member: not a model entry
[2026-09-18 22:35:36] [Info] [model] [dir 131] Skipping archive member: not a model entry
[2026-09-18 22:35:36] [Info] [model] [dir 131] Skipping archive member: not a model entry
[2026-09-18 22:35:36] [Info] [model] [dir 131] Skipping archive member: not a model entry
[2026-09-18 22:35:36] [Info] [model] [dir 131] Skipping archive member: not a model entry
[2026-09-18 22:35:36] [Info] [model] [dir 131] Skipping archive member: not a model entry
[2026-09-18 22:35:36] [Info] [model] [dir 131] Skipping archive member: not a model entry
[2026-09-18 22:35:36] [Info] [model] [dir 131] Skipping archive member: not a model entry
[2026-09-18 22:35:36] [Info] [model] [dir 131] Skipping archive member: not a model entry
[2026-09-18 22:35:36] [Info] [model] [dir 131] Skipping archive member: not a model entry
[2026-09-18 22:35:36] [Info] [model] [dir 131] Skipping archive member: not a model entry
[2026-09-18 22:35:36] [Info] [model] [dir 131] Skipping archive member: not a model entry
[2026-09-18 22:35:36] [Info] [model] [dir 131] Skipping archive member: not a model entry
[2026-09-18 22:35:36] [Info] [model] [dir 131] Skipping archive member: not a model entry
[2026-09-18 22:35:36] [Info] [model] [dir 131] Skipping archive member: not a model entry
[2026-09-18 22:35:36] [Info] [model] [dir 131] Skipping archive member: not a model entry
[2026-09-18 22:35:36] [Info] [model] [dir 131] Skipping archive member: not a model entry
[2026-09-18 22:35:36] [Info] [model] [dir 131] Skipping archive member: not a model entry
[2026-09-18 22:35:36] [Info] [model] [dir 131] Skipping archive member: not a model entry
[2026-09-18 22:35:36] [Info] [model] [dir 131] Skipping archive member: not a model entry
[2026-09-18 22:35:36] [Info] [model] [dir 131] Skipping archive member: not a model entry
[2026-09-18 22:35:36] [Info] [model] [dir 131] Skipping archive member: not a model entry
[2026-09-18 22:35:36] [Info] [model] [dir 131] Skipping archive member: not a model entry
[2026-09-18 22:35:36] [Info] [model] [dir 131] Skipping archive member: not a model entry
[2026-09-18 22:35:36] [Info] [model] [dir 131] Skipping archive member: not a model entry
[2026-09-18 22:35:36] [Info] [model] [dir 131] Skipping archive member: not a model entry
[2026-09-18 22:35:36] [Info] [model] [dir 131] Skipping archive member: not a model entry
[2026-09-18 22:35:36] [Info] [model] [dir 131] Skipping archive member: not a model entry
[2026-09-18 22:35:36] [Info] [model] [dir 131] Skipping archive member: not a model entry
[2026-09-18 22:35:36] [Info] [model] [dir 131] Skipping archive member: not a model entry
[2026-09-18 22:35:36] [Info] [model] [dir 131] Skipping archive member: not a model entry
[2026-09-18 22:35:36] [Info] [model] [dir 131] Skipping archive member: not a model entry
[2026-09-18 22:35:36] [Info] [model] [dir 131] Skipping archive member: not a model entry
[2026-09-18 22:35:36] [Info] [model] [dir 131] Skipping archive member: not a model entry
[2026-09-18 22:35:36] [Info] [model] [dir 131] Skipping archive member: not a model entry
[2026-09-18 22:35:36] [Info] [model] [dir 131] Skipping archive member: not a model entry
[2026-09-18 22:35:36] [Info] [model] [dir 131] Skipping archive member: not a model entry
[2026-09-18 22:35:36] [Info] [model] [dir 131] Skipping archive member: not a model entry
[2026-09-18 22:35:36] [Info] [model] [dir 131] Skipping archive member: not a model entry
[2026-09-18 22:35:36] [Info] [model] [dir 131] Skipping archive member: not a model entry
[2026-09-18 22:35:36] [Info] [model] [dir 131] Skipping archive member: not a model entry
[2026-09-18 22:35:46] [Warning] [export.dir131] Skipping sub-entry: empty reserved equipment slot
[2026-09-18 22:35:46] [Info] [model] [dir 131] Skipping archive member: not a model entry
[2026-09-18 22:35:46] [Info] [model] [dir 131] Skipping archive member: not a model entry
[2026-09-18 22:35:46] [Info] [export.dir131] Finished exporting
[2026-09-18 22:35:46] [Info] [model] [dir 132] Skipping archive member: not a model entry
[2026-09-18 22:35:46] [Info] [model] [dir 132] Skipping archive member: not a model entry
[2026-09-18 22:35:46] [Info] [model] [dir 132] Skipping archive member: not a model entry
[2026-09-18 22:35:46] [Info] [model] [dir 132] Skipping archive member: not a model entry
[2026-09-18 22:35:46] [Info] [model] [dir 132] Skipping archive member: not a model entry
[2026-09-18 22:35:46] [Info] [model] [dir 132] Skipping archive member: not a model entry
[2026-09-18 22:35:46] [Info] [model] [dir 132] Skipping archive member: not a model entry
[2026-09-18 22:35:46] [Info] [model] [dir 132] Skipping archive member: not a model entry
[2026-09-18 22:35:46] [Info] [model] [dir 132] Skipping archive member: not a model entry
[2026-09-18 22:35:46] [Info] [model] [dir 132] Skipping archive member: not a model entry
[2026-09-18 22:35:46] [Info] [model] [dir 132] Skipping archive member: not a model entry
[2026-09-18 22:35:46] [Info] [model] [dir 132] Skipping archive member: not a model entry
[2026-09-18 22:35:46] [Info] [model] [dir 132] Skipping archive member: not a model entry
[2026-09-18 22:35:46] [Info] [model] [dir 132] Skipping archive member: not a model entry
[2026-09-18 22:35:46] [Info] [model] [dir 132] Skipping archive member: not a model entry
[2026-09-18 22:35:46] [Info] [model] [dir 132] Skipping archive member: not a model entry
[2026-09-18 22:35:46] [Info] [model] [dir 132] Skipping archive member: not a model entry
[2026-09-18 22:35:46] [Info] [model] [dir 132] Skipping archive member: not a model entry
[2026-09-18 22:35:46] [Info] [model] [dir 132] Skipping archive member: not a model entry
[2026-09-18 22:35:46] [Info] [model] [dir 132] Skipping archive member: not a model entry
[2026-09-18 22:35:46] [Info] [model] [dir 132] Skipping archive member: not a model entry
[2026-09-18 22:35:46] [Info] [model] [dir 132] Skipping archive member: not a model entry
[2026-09-18 22:35:46] [Info] [model] [dir 132] Skipping archive member: not a model entry
[2026-09-18 22:35:46] [Info] [model] [dir 132] Skipping archive member: not a model entry
[2026-09-18 22:35:46] [Info] [model] [dir 132] Skipping archive member: not a model entry
[2026-09-18 22:35:46] [Info] [model] [dir 132] Skipping archive member: not a model entry
[2026-09-18 22:35:46] [Info] [model] [dir 132] Skipping archive member: not a model entry
[2026-09-18 22:35:46] [Info] [model] [dir 132] Skipping archive member: not a model entry
[2026-09-18 22:35:46] [Info] [model] [dir 132] Skipping archive member: not a model entry
[2026-09-18 22:35:46] [Info] [model] [dir 132] Skipping archive member: not a model entry
[2026-09-18 22:35:46] [Info] [model] [dir 132] Skipping archive member: not a model entry
[2026-09-18 22:35:46] [Info] [model] [dir 132] Skipping archive member: not a model entry
[2026-09-18 22:35:46] [Info] [model] [dir 132] Skipping archive member: not a model entry
[2026-09-18 22:35:46] [Info] [model] [dir 132] Skipping archive member: not a model entry
[2026-09-18 22:35:46] [Info] [model] [dir 132] Skipping archive member: not a model entry
[2026-09-18 22:35:46] [Info] [model] [dir 132] Skipping archive member: not a model entry
[2026-09-18 22:35:46] [Info] [model] [dir 132] Skipping archive member: not a model entry
[2026-09-18 22:35:46] [Info] [model] [dir 132] Skipping archive member: not a model entry
[2026-09-18 22:35:46] [Info] [model] [dir 132] Skipping archive member: not a model entry
[2026-09-18 22:35:46] [Info] [model] [dir 132] Skipping archive member: not a model entry
[2026-09-18 22:35:46] [Info] [model] [dir 132] Skipping archive member: not a model entry
[2026-09-18 22:35:46] [Info] [model] [dir 132] Skipping archive member: not a model entry
[2026-09-18 22:35:46] [Info] [model] [dir 132] Skipping archive member: not a model entry
[2026-09-18 22:35:46] [Info] [model] [dir 132] Skipping archive member: not a model entry
[2026-09-18 22:35:46] [Info] [model] [dir 132] Skipping archive member: not a model entry
[2026-09-18 22:35:46] [Info] [model] [dir 132] Skipping archive member: not a model entry
[2026-09-18 22:35:46] [Info] [model] [dir 132] Skipping archive member: not a model entry
[2026-09-18 22:35:46] [Info] [model] [dir 132] Skipping archive member: not a model entry
[2026-09-18 22:35:46] [Info] [model] [dir 132] Skipping archive member: not a model entry
[2026-09-18 22:35:46] [Info] [model] [dir 132] Skipping archive member: not a model entry
[2026-09-18 22:35:46] [Info] [model] [dir 132] Skipping archive member: not a model entry
[2026-09-18 22:35:46] [Info] [model] [dir 132] Skipping archive member: not a model entry
[2026-09-18 22:35:46] [Info] [model] [dir 132] Skipping archive member: not a model entry
[2026-09-18 22:35:46] [Info] [model] [dir 132] Skipping archive member: not a model entry
[2026-09-18 22:35:46] [Info] [model] [dir 132] Skipping archive member: not a model entry
[2026-09-18 22:35:46] [Info] [model] [dir 132] Skipping archive member: not a model entry
[2026-09-18 22:35:46] [Info] [model] [dir 132] Skipping archive member: not a model entry
[2026-09-18 22:35:46] [Info] [model] [dir 132] Skipping archive member: not a model entry
[2026-09-18 22:35:46] [Info] [model] [dir 132] Skipping archive member: not a model entry
[2026-09-18 22:35:46] [Info] [model] [dir 132] Skipping archive member: not a model entry
[2026-09-18 22:35:46] [Info] [model] [dir 132] Skipping archive member: not a model entry
[2026-09-18 22:35:46] [Info] [model] [dir 132] Skipping archive member: not a model entry
[2026-09-18 22:35:46] [Info] [model] [dir 132] Skipping archive member: not a model entry
[2026-09-18 22:35:46] [Info] [model] [dir 132] Skipping archive member: not a model entry
[2026-09-18 22:35:46] [Info] [model] [dir 132] Skipping archive member: not a model entry
[2026-09-18 22:35:46] [Info] [model] [dir 132] Skipping archive member: not a model entry
[2026-09-18 22:35:46] [Info] [model] [dir 132] Skipping archive member: not a model entry
[2026-09-18 22:35:46] [Info] [model] [dir 132] Skipping archive member: not a model entry
[2026-09-18 22:35:46] [Info] [model] [dir 132] Skipping archive member: not a model entry
[2026-09-18 22:35:46] [Info] [model] [dir 132] Skipping archive member: not a model entry
[2026-09-18 22:35:46] [Info] [model] [dir 132] Skipping archive member: not a model entry
[2026-09-18 22:35:46] [Info] [model] [dir 132] Skipping archive member: not a model entry
[2026-09-18 22:35:46] [Info] [model] [dir 132] Skipping archive member: not a model entry
[2026-09-18 22:35:46] [Info] [model] [dir 132] Skipping archive member: not a model entry
[2026-09-18 22:35:46] [Info] [model] [dir 132] Skipping archive member: not a model entry
[2026-09-18 22:35:46] [Info] [model] [dir 132] Skipping archive member: not a model entry
[2026-09-18 22:35:46] [Info] [model] [dir 132] Skipping archive member: not a model entry
[2026-09-18 22:35:46] [Info] [model] [dir 132] Skipping archive member: not a model entry
[2026-09-18 22:35:46] [Info] [model] [dir 132] Skipping archive member: not a model entry
[2026-09-18 22:35:46] [Info] [model] [dir 132] Skipping archive member: not a model entry
[2026-09-18 22:35:46] [Info] [model] [dir 132] Skipping archive member: not a model entry
[2026-09-18 22:35:46] [Info] [model] [dir 132] Skipping archive member: not a model entry
[2026-09-18 22:35:46] [Info] [model] [dir 132] Skipping archive member: not a model entry
[2026-09-18 22:35:46] [Info] [model] [dir 132] Skipping archive member: not a model entry
[2026-09-18 22:35:46] [Info] [model] [dir 132] Skipping archive member: not a model entry
[2026-09-18 22:35:46] [Info] [model] [dir 132] Skipping archive member: not a model entry
[2026-09-18 22:35:46] [Info] [model] [dir 132] Skipping archive member: not a model entry
[2026-09-18 22:35:46] [Info] [model] [dir 132] Skipping archive member: not a model entry
[2026-09-18 22:35:46] [Info] [model] [dir 132] Skipping archive member: not a model entry
[2026-09-18 22:35:46] [Info] [model] [dir 132] Skipping archive member: not a model entry
[2026-09-18 22:35:46] [Info] [model] [dir 132] Skipping archive member: not a model entry
[2026-09-18 22:35:46] [Info] [model] [dir 132] Skipping archive member: not a model entry
[2026-09-18 22:35:46] [Info] [model] [dir 132] Skipping archive member: not a model entry
[2026-09-18 22:35:46] [Info] [model] [dir 132] Skipping archive member: not a model entry
[2026-09-18 22:35:46] [Info] [model] [dir 132] Skipping archive member: not a model entry
[2026-09-18 22:35:46] [Info] [model] [dir 132] Skipping archive member: not a model entry
[2026-09-18 22:35:46] [Info] [model] [dir 132] Skipping archive member: not a model entry
[2026-09-18 22:35:46] [Info] [model] [dir 132] Skipping archive member: not a model entry
[2026-09-18 22:35:46] [Info] [model] [dir 132] Skipping archive member: not a model entry
[2026-09-18 22:35:46] [Info] [model] [dir 132] Skipping archive member: not a model entry
[2026-09-18 22:35:46] [Info] [model] [dir 132] Skipping archive member: not a model entry
[2026-09-18 22:35:46] [Info] [export.dir132] Finished exporting
[2026-09-18 22:35:48] [Info] [export.dir133] Finished exporting
[2026-09-18 22:35:48] [Info] [export.dir134] Finished exporting
[2026-09-18 22:35:48] [Info] [export.dir135] Finished exporting
[2026-09-18 22:36:39] [Info] [export.dir136] Finished exporting
[2026-09-18 22:37:10] [Info] [export.dir137] Finished exporting
[2026-09-18 22:37:10] [Warning] [export.dir138] Skipping entry: unsupported archive layout
[2026-09-18 22:37:10] [Warning] [export.dir138] Skipping entry: unsupported archive layout
[2026-09-18 22:37:10] [Warning] [export.dir138] Skipping entry: unsupported archive layout
[2026-09-18 22:37:10] [Warning] [export.dir138] Skipping entry: unsupported archive layout
[2026-09-18 22:37:10] [Warning] [export.dir138] Skipping entry: unsupported archive layout
[2026-09-18 22:37:10] [Warning] [export.dir138] Skipping entry: unsupported archive layout
[2026-09-18 22:37:10] [Warning] [export.dir138] Skipping entry: unsupported archive layout
[2026-09-18 22:37:10] [Warning] [export.dir138] Skipping entry: unsupported archive layout
[2026-09-18 22:37:10] [Warning] [export.dir138] Skipping entry: unsupported archive layout
[2026-09-18 22:37:10] [Warning] [export.dir138] Skipping entry: unsupported archive layout
[2026-09-18 22:37:10] [Info] [export.dir138] Finished exporting
[2026-09-18 22:37:10] [Warning] [export.dir139] Skipping entry: unsupported archive layout
[2026-09-18 22:37:10] [Info] [export.dir139] Finished exporting
[2026-09-18 22:37:10] [Warning] [export.dir140] Skipping entry: unsupported archive layout
[2026-09-18 22:37:10] [Warning] [export.dir140] Skipping entry: unsupported archive layout
[2026-09-18 22:37:10] [Info] [export.dir140] Finished exporting
[2026-09-18 22:37:10] [Warning] [export.dir141] Skipping entry: unsupported archive layout
[2026-09-18 22:37:10] [Warning] [export.dir141] Skipping entry: unsupported archive layout
[2026-09-18 22:37:10] [Warning] [export.dir141] Skipping entry: unsupported archive layout
[2026-09-18 22:37:10] [Warning] [export.dir141] Skipping entry: unsupported archive layout
[2026-09-18 22:37:10] [Warning] [export.dir141] Skipping entry: unsupported archive layout
[2026-09-18 22:37:10] [Warning] [export.dir141] Skipping entry: unsupported archive layout
[2026-09-18 22:37:10] [Warning] [export.dir141] Skipping entry: unsupported archive layout
[2026-09-18 22:37:10] [Warning] [export.dir141] Skipping entry: unsupported archive layout
[2026-09-18 22:37:10] [Warning] [export.dir141] Skipping entry: unsupported archive layout
[2026-09-18 22:37:10] [Warning] [export.dir141] Skipping entry: unsupported archive layout
[2026-09-18 22:37:10] [Warning] [export.dir141] Skipping entry: unsupported archive layout
[2026-09-18 22:37:10] [Warning] [export.dir141] Skipping entry: unsupported archive layout
[2026-09-18 22:37:10] [Warning] [export.dir141] Skipping entry: unsupported archive layout
[2026-09-18 22:37:10] [Warning] [export.dir141] Skipping entry: unsupported archive layout
[2026-09-18 22:37:10] [Info] [export.dir141] Finished exporting
[2026-09-18 22:37:39] [Info] [export.dir142] Finished exporting
[2026-09-18 22:37:39] [Warning] [export.dir143] Skipping entry: unsupported archive layout
[2026-09-18 22:37:39] [Warning] [export.dir143] Skipping entry: unsupported archive layout
[2026-09-18 22:37:39] [Warning] [export.dir143] Skipping entry: unsupported archive layout
[2026-09-18 22:37:39] [Warning] [export.dir143] Skipping entry: unsupported archive layout
[2026-09-18 22:37:39] [Warning] [export.dir143] Skipping entry: unsupported archive layout
[2026-09-18 22:37:39] [Warning] [export.dir143] Skipping entry: unsupported archive layout
[2026-09-18 22:37:39] [Info] [export.dir143] Finished exporting
[2026-09-18 22:37:39] [Info] [export.dir144] Finished exporting
[2026-09-18 22:37:39] [Info] [export.dir145] Finished exporting
[2026-09-18 22:37:39] [Info] [export.dir146] Finished exporting
[2026-09-18 22:37:39] [Info] [export.dir147] Finished exporting
[2026-09-18 22:37:39] [Info] [export.dir148] Finished exporting
[2026-09-18 22:37:39] [Warning] [export.dir149] Skipping entry: unsupported archive layout
[2026-09-18 22:37:39] [Warning] [export.dir149] Skipping entry: unsupported archive layout
[2026-09-18 22:37:39] [Warning] [export.dir149] Skipping entry: unsupported archive layout
[2026-09-18 22:37:39] [Warning] [export.dir149] Skipping entry: unsupported archive layout
[2026-09-18 22:37:39] [Warning] [export.dir149] Skipping entry: unsupported archive layout
[2026-09-18 22:37:39] [Warning] [export.dir149] Skipping entry: unsupported archive layout
[2026-09-18 22:37:39] [Warning] [export.dir149] Skipping entry: unsupported archive layout
[2026-09-18 22:37:39] [Info] [export.dir149] Finished exporting
[2026-09-18 22:37:39] [Warning] [export.dir150] Skipping entry: unsupported archive layout
[2026-09-18 22:37:39] [Info] [export.dir150] Finished exporting
[2026-09-18 22:37:39] [Info] [export.dir151] Finished exporting
[2026-09-18 22:37:39] [Info] [model] [dir 152] Skipping archive member: not a model entry
[2026-09-18 22:37:39] [Info] [model] [dir 152] Skipping archive member: not a model entry
[2026-09-18 22:37:39] [Info] [export.dir152] Finished exporting
[2026-09-18 22:37:39] [Info] [export.dir153] Finished exporting
[2026-09-18 22:37:39] [Info] [export.dir154] Finished exporting
[2026-09-18 22:37:39] [Warning] [export.dir155] skipping entry: error: unpack requires a buffer of 4 bytes
[2026-09-18 22:37:39] [Warning] [export.dir155] skipping entry: error: unpack requires a buffer of 4 bytes
[2026-09-18 22:37:39] [Warning] [export.dir155] skipping entry: error: unpack requires a buffer of 4 bytes
[2026-09-18 22:37:39] [Warning] [export.dir155] skipping entry: error: unpack requires a buffer of 4 bytes
[2026-09-18 22:37:39] [Warning] [export.dir155] skipping entry: error: unpack requires a buffer of 4 bytes
[2026-09-18 22:37:39] [Warning] [export.dir155] skipping entry: error: unpack requires a buffer of 4 bytes
[2026-09-18 22:37:39] [Warning] [export.dir155] skipping entry: error: unpack requires a buffer of 4 bytes
[2026-09-18 22:37:39] [Warning] [export.dir155] skipping entry: error: unpack requires a buffer of 4 bytes
[2026-09-18 22:37:39] [Warning] [export.dir155] skipping entry: error: unpack requires a buffer of 4 bytes
[2026-09-18 22:37:39] [Warning] [export.dir155] skipping entry: error: unpack requires a buffer of 4 bytes
[2026-09-18 22:37:39] [Warning] [export.dir155] skipping entry: error: unpack requires a buffer of 4 bytes
[2026-09-18 22:37:39] [Warning] [export.dir155] skipping entry: error: unpack requires a buffer of 4 bytes
[2026-09-18 22:37:39] [Warning] [export.dir155] skipping entry: error: unpack requires a buffer of 4 bytes
[2026-09-18 22:37:39] [Warning] [export.dir155] skipping entry: error: unpack requires a buffer of 4 bytes
[2026-09-18 22:37:39] [Warning] [export.dir155] skipping entry: error: unpack requires a buffer of 4 bytes
[2026-09-18 22:37:39] [Warning] [export.dir155] skipping entry: error: unpack requires a buffer of 4 bytes
[2026-09-18 22:37:39] [Warning] [export.dir155] skipping entry: error: unpack requires a buffer of 4 bytes
[2026-09-18 22:37:39] [Warning] [export.dir155] skipping entry: error: unpack requires a buffer of 4 bytes
[2026-09-18 22:37:39] [Warning] [export.dir155] skipping entry: error: unpack requires a buffer of 4 bytes
[2026-09-18 22:37:39] [Warning] [export.dir155] skipping entry: error: unpack requires a buffer of 4 bytes
[2026-09-18 22:37:39] [Warning] [export.dir155] skipping entry: error: unpack requires a buffer of 4 bytes
[2026-09-18 22:37:39] [Warning] [export.dir155] skipping entry: error: unpack requires a buffer of 4 bytes
[2026-09-18 22:37:39] [Warning] [export.dir155] skipping entry: error: unpack requires a buffer of 4 bytes
[2026-09-18 22:37:39] [Warning] [export.dir155] skipping entry: error: unpack requires a buffer of 4 bytes
[2026-09-18 22:37:39] [Warning] [export.dir155] skipping entry: error: unpack requires a buffer of 4 bytes
[2026-09-18 22:37:39] [Info] [export.dir155] Finished exporting
[2026-09-18 22:37:39] [Warning] [export.dir156] Skipping entry: unsupported archive layout
[2026-09-18 22:37:39] [Info] [export.dir156] Finished exporting
[2026-09-18 22:37:39] [Warning] [export.dir157] skipping entry: error: unpack requires a buffer of 4 bytes
[2026-09-18 22:37:39] [Warning] [export.dir157] skipping entry: error: unpack requires a buffer of 4 bytes
[2026-09-18 22:37:39] [Warning] [export.dir157] skipping entry: error: unpack requires a buffer of 1 bytes
[2026-09-18 22:37:39] [Warning] [export.dir157] skipping entry: error: unpack requires a buffer of 4 bytes
[2026-09-18 22:37:39] [Warning] [export.dir157] skipping entry: error: unpack requires a buffer of 4 bytes
[2026-09-18 22:37:39] [Warning] [export.dir157] skipping entry: error: unpack requires a buffer of 4 bytes
[2026-09-18 22:37:39] [Info] [export.dir157] Finished exporting
[2026-09-18 22:37:39] [Info] [export.dir158] Finished exporting
[2026-09-18 22:37:50] [Info] [export.dir159] Finished exporting
[2026-09-18 22:37:50] [Warning] [export.dir160] Skipping entry: unsupported archive layout
[2026-09-18 22:37:50] [Warning] [export.dir160] Skipping entry: unsupported archive layout
[2026-09-18 22:37:50] [Warning] [export.dir160] Skipping entry: unsupported archive layout
[2026-09-18 22:37:50] [Warning] [export.dir160] Skipping entry: unsupported archive layout
[2026-09-18 22:37:50] [Warning] [export.dir160] Skipping entry: unsupported archive layout
[2026-09-18 22:37:50] [Warning] [export.dir160] Skipping entry: unsupported archive layout
[2026-09-18 22:37:50] [Warning] [export.dir160] Skipping entry: unsupported archive layout
[2026-09-18 22:37:50] [Warning] [export.dir160] Skipping entry: unsupported archive layout
[2026-09-18 22:37:50] [Warning] [export.dir160] Skipping entry: unsupported archive layout
[2026-09-18 22:37:50] [Warning] [export.dir160] Skipping entry: unsupported archive layout
[2026-09-18 22:37:50] [Warning] [export.dir160] Skipping entry: unsupported archive layout
[2026-09-18 22:37:50] [Warning] [export.dir160] Skipping entry: unsupported archive layout
[2026-09-18 22:37:50] [Warning] [export.dir160] Skipping entry: unsupported archive layout
[2026-09-18 22:37:50] [Warning] [export.dir160] Skipping entry: unsupported archive layout
[2026-09-18 22:37:50] [Warning] [export.dir160] Skipping entry: unsupported archive layout
[2026-09-18 22:37:50] [Warning] [export.dir160] Skipping entry: unsupported archive layout
[2026-09-18 22:37:50] [Warning] [export.dir160] Skipping entry: unsupported archive layout
[2026-09-18 22:37:50] [Info] [export.dir160] Finished exporting
[2026-09-18 22:37:50] [Warning] [export.dir161] Skipping entry: unsupported archive layout
[2026-09-18 22:37:50] [Warning] [export.dir161] Skipping entry: unsupported archive layout
[2026-09-18 22:37:50] [Warning] [export.dir161] Skipping entry: unsupported archive layout
[2026-09-18 22:37:50] [Warning] [export.dir161] Skipping entry: unsupported archive layout
[2026-09-18 22:37:50] [Warning] [export.dir161] Skipping entry: unsupported archive layout
[2026-09-18 22:37:50] [Warning] [export.dir161] Skipping entry: unsupported archive layout
[2026-09-18 22:37:50] [Warning] [export.dir161] Skipping entry: unsupported archive layout
[2026-09-18 22:37:50] [Warning] [export.dir161] Skipping entry: unsupported archive layout
[2026-09-18 22:37:50] [Warning] [export.dir161] Skipping entry: unsupported archive layout
[2026-09-18 22:37:50] [Warning] [export.dir161] Skipping entry: unsupported archive layout
[2026-09-18 22:37:50] [Warning] [export.dir161] Skipping entry: unsupported archive layout
[2026-09-18 22:37:50] [Warning] [export.dir161] Skipping entry: unsupported archive layout
[2026-09-18 22:37:50] [Warning] [export.dir161] Skipping entry: unsupported archive layout
[2026-09-18 22:37:50] [Warning] [export.dir161] Skipping entry: unsupported archive layout
[2026-09-18 22:37:50] [Warning] [export.dir161] Skipping entry: unsupported archive layout
[2026-09-18 22:37:50] [Warning] [export.dir161] Skipping entry: unsupported archive layout
[2026-09-18 22:37:50] [Warning] [export.dir161] Skipping entry: unsupported archive layout
[2026-09-18 22:37:50] [Warning] [export.dir161] Skipping entry: unsupported archive layout
[2026-09-18 22:37:50] [Warning] [export.dir161] Skipping entry: unsupported archive layout
[2026-09-18 22:37:50] [Warning] [export.dir161] Skipping entry: unsupported archive layout
[2026-09-18 22:37:50] [Warning] [export.dir161] Skipping entry: unsupported archive layout
[2026-09-18 22:37:50] [Warning] [export.dir161] Skipping entry: unsupported archive layout
[2026-09-18 22:37:50] [Warning] [export.dir161] Skipping entry: unsupported archive layout
[2026-09-18 22:37:50] [Warning] [export.dir161] Skipping entry: unsupported archive layout
[2026-09-18 22:37:50] [Warning] [export.dir161] Skipping entry: unsupported archive layout
[2026-09-18 22:37:50] [Warning] [export.dir161] Skipping entry: unsupported archive layout
[2026-09-18 22:37:50] [Info] [export.dir161] Finished exporting
[2026-09-18 22:37:50] [Warning] [export.dir162] Skipping entry: unsupported archive layout
[2026-09-18 22:37:50] [Warning] [export.dir162] Skipping entry: unsupported archive layout
[2026-09-18 22:37:50] [Warning] [export.dir162] Skipping entry: unsupported archive layout
[2026-09-18 22:37:50] [Warning] [export.dir162] Skipping entry: unsupported archive layout
[2026-09-18 22:37:50] [Warning] [export.dir162] Skipping entry: unsupported archive layout
[2026-09-18 22:37:50] [Warning] [export.dir162] Skipping entry: unsupported archive layout
[2026-09-18 22:37:50] [Warning] [export.dir162] Skipping entry: unsupported archive layout
[2026-09-18 22:37:50] [Warning] [export.dir162] Skipping entry: unsupported archive layout
[2026-09-18 22:37:50] [Warning] [export.dir162] Skipping entry: unsupported archive layout
[2026-09-18 22:37:50] [Warning] [export.dir162] Skipping entry: unsupported archive layout
[2026-09-18 22:37:50] [Warning] [export.dir162] Skipping entry: unsupported archive layout
[2026-09-18 22:37:50] [Warning] [export.dir162] Skipping entry: unsupported archive layout
[2026-09-18 22:37:50] [Warning] [export.dir162] Skipping entry: unsupported archive layout
[2026-09-18 22:37:50] [Warning] [export.dir162] Skipping entry: unsupported archive layout
[2026-09-18 22:37:50] [Warning] [export.dir162] Skipping entry: unsupported archive layout
[2026-09-18 22:37:50] [Warning] [export.dir162] Skipping entry: unsupported archive layout
[2026-09-18 22:37:50] [Warning] [export.dir162] Skipping entry: unsupported archive layout
[2026-09-18 22:37:50] [Warning] [export.dir162] Skipping entry: unsupported archive layout
[2026-09-18 22:37:50] [Warning] [export.dir162] Skipping entry: unsupported archive layout
[2026-09-18 22:37:50] [Warning] [export.dir162] Skipping entry: unsupported archive layout
[2026-09-18 22:37:50] [Warning] [export.dir162] Skipping entry: unsupported archive layout
[2026-09-18 22:37:50] [Warning] [export.dir162] Skipping entry: unsupported archive layout
[2026-09-18 22:37:50] [Warning] [export.dir162] Skipping entry: unsupported archive layout
[2026-09-18 22:37:50] [Warning] [export.dir162] Skipping entry: unsupported archive layout
[2026-09-18 22:37:50] [Warning] [export.dir162] Skipping entry: unsupported archive layout
[2026-09-18 22:37:50] [Warning] [export.dir162] Skipping entry: unsupported archive layout
[2026-09-18 22:37:50] [Warning] [export.dir162] Skipping entry: unsupported archive layout
[2026-09-18 22:37:50] [Warning] [export.dir162] Skipping entry: unsupported archive layout
[2026-09-18 22:37:50] [Warning] [export.dir162] Skipping entry: unsupported archive layout
[2026-09-18 22:37:50] [Warning] [export.dir162] Skipping entry: unsupported archive layout
[2026-09-18 22:37:50] [Warning] [export.dir162] Skipping entry: unsupported archive layout
[2026-09-18 22:37:50] [Info] [export.dir162] Finished exporting
[2026-09-18 22:37:50] [Warning] [export.dir163] Skipping entry: unsupported archive layout
[2026-09-18 22:37:50] [Warning] [export.dir163] Skipping entry: unsupported archive layout
[2026-09-18 22:37:50] [Info] [export.dir163] Finished exporting
[2026-09-18 22:37:50] [Info] [export.dir164] Finished exporting
[2026-09-18 22:37:50] [Warning] [export.dir165] Skipping entry: unsupported archive layout
[2026-09-18 22:37:50] [Warning] [export.dir165] Skipping entry: unsupported archive layout
[2026-09-18 22:37:50] [Info] [export.dir165] Finished exporting
[2026-09-18 22:37:50] [Info] [export.dir166] Finished exporting
[2026-09-18 22:37:50] [Info] [export.dir167] Finished exporting
[2026-09-18 22:37:50] [Info] [export.dir168] Finished exporting
[2026-09-18 22:37:50] [Warning] [export.dir169] Skipping entry: unsupported archive layout
[2026-09-18 22:37:50] [Warning] [export.dir169] Skipping entry: unsupported archive layout
[2026-09-18 22:37:50] [Warning] [export.dir169] Skipping entry: unsupported archive layout
[2026-09-18 22:37:50] [Warning] [export.dir169] Skipping entry: unsupported archive layout
[2026-09-18 22:37:50] [Warning] [export.dir169] Skipping entry: unsupported archive layout
[2026-09-18 22:37:50] [Warning] [export.dir169] Skipping entry: unsupported archive layout
[2026-09-18 22:37:50] [Warning] [export.dir169] Skipping entry: unsupported archive layout
[2026-09-18 22:37:50] [Info] [export.dir169] Finished exporting
[2026-09-18 22:37:50] [Info] [model] [dir 170] Skipping archive member: not a model entry
[2026-09-18 22:37:50] [Info] [model] [dir 170] Skipping archive member: not a model entry
[2026-09-18 22:37:50] [Info] [model] [dir 170] Skipping archive member: not a model entry
[2026-09-18 22:37:50] [Info] [export.dir170] Finished exporting
[2026-09-18 22:37:50] [Info] [export.dir171] Finished exporting
[2026-09-18 22:37:54] [Info] [dispatcher] Export complete. Find your files in the folder "2_Output_Models"
[2026-09-18 22:37:54] [Info] [dispatcher] Command completed
[2026-09-18 22:37:54] [Info] [dispatcher] Command (StartTools.bat): start.py --prepare-icon-routes --no-overwrite-copy
[2026-09-18 22:37:54] [Info] [dispatcher] Batch menu selection: 1 - Full export with untangling + icon routes + icon export
[2026-09-18 22:37:54] [Info] [icons.prepare_icon_routes] Icon route prepatch complete:
      Patched DOL: 3_Output_Dat\main.dol
      DAT copy:    3_Output_Dat\dt_na.dat
      Rules:       2_Output_Models\_ICONS\metadata\icon_reroute_rules.json
      Report:      2_Output_Models\_ICONS\metadata\icon_reroute_report.json
      Rows patched: 8
      Code patches: 1
[2026-09-18 22:37:54] [Info] [icons.prepare_icon_routes] [patched] team-NPC icon block: runtime row index = color-wheel icon_slot byte (per char) instead of hardcoded 151 @ 0x80395EA8
[2026-09-18 22:37:54] [Info] [dispatcher] Icon route prepatch complete. Patched files are in "3_Output_Dat"
[2026-09-18 22:37:54] [Info] [dispatcher] Command completed
[2026-09-18 22:37:54] [Info] [dispatcher] Command (StartTools.bat): start.py --export-icons --use-output
[2026-09-18 22:37:54] [Info] [dispatcher] Batch menu selection: 1 - Full export with untangling + icon routes + icon export
[2026-09-18 22:37:54] [Info] [icons.export_icons] Starting player icon export...
[2026-09-18 22:37:54] [Info] [icons.export_icons] Exported side page 0x00 (side_page_00_t000_Mario): 105 non-empty cells
[2026-09-18 22:37:54] [Info] [icons.export_icons] Exported side page 0x01 (side_page_01_t001_Luigi): 105 non-empty cells
[2026-09-18 22:37:55] [Info] [icons.export_icons] Exported side page 0x02 (side_page_02_t002_Luigi): 79 non-empty cells
[2026-09-18 22:37:55] [Info] [icons.export_icons] Exported side page 0x03 (side_page_03_t003_DonkeyKong): 105 non-empty cells
[2026-09-18 22:37:55] [Info] [icons.export_icons] Exported side page 0x04 (side_page_04_t004_DiddyKong): 105 non-empty cells
[2026-09-18 22:37:55] [Info] [icons.export_icons] Exported side page 0x05 (side_page_05_t005_Peach): 79 non-empty cells
[2026-09-18 22:37:55] [Info] [icons.export_icons] Exported side page 0x06 (side_page_06_t006_Daisy): 79 non-empty cells
[2026-09-18 22:37:55] [Info] [icons.export_icons] Exported side page 0x07 (side_page_07_t007_Yoshi): 79 non-empty cells
[2026-09-18 22:37:55] [Info] [icons.export_icons] Exported side page 0x08 (side_page_08_t008_BabyMario): 79 non-empty cells
[2026-09-18 22:37:55] [Info] [icons.export_icons] Exported side page 0x09 (side_page_09_t009_BabyLuigi): 105 non-empty cells
[2026-09-18 22:37:55] [Info] [icons.export_icons] Exported side page 0x0A (side_page_0A_t010_BabyLuigi): 105 non-empty cells
[2026-09-18 22:37:55] [Info] [icons.export_icons] Exported side page 0x0B (side_page_0B_t011_Bowser): 105 non-empty cells
[2026-09-18 22:37:55] [Info] [icons.export_icons] Exported side page 0x0C (side_page_0C_t012_Wario): 79 non-empty cells
[2026-09-18 22:37:56] [Info] [icons.export_icons] Exported side page 0x0D (side_page_0D_t013_Waluigi): 79 non-empty cells
[2026-09-18 22:37:56] [Info] [icons.export_icons] Exported side page 0x0E (side_page_0E_t014_Waluigi): 79 non-empty cells
[2026-09-18 22:37:56] [Info] [icons.export_icons] Exported side page 0x0F (side_page_0F_t015_Koopa): 105 non-empty cells
[2026-09-18 22:37:56] [Info] [icons.export_icons] Exported side page 0x10 (side_page_10_t016_Toad): 105 non-empty cells
[2026-09-18 22:37:56] [Info] [icons.export_icons] Exported side page 0x11 (side_page_11_t017_Boo): 105 non-empty cells
[2026-09-18 22:37:56] [Info] [icons.export_icons] Exported side page 0x12 (side_page_12_t018_Toadette): 79 non-empty cells
[2026-09-18 22:37:56] [Info] [icons.export_icons] Exported side page 0x13 (side_page_13_t019_ShyGuy): 105 non-empty cells
[2026-09-18 22:37:56] [Info] [icons.export_icons] Exported side page 0x14 (side_page_14_t020_Birdo): 105 non-empty cells
[2026-09-18 22:37:56] [Info] [icons.export_icons] Exported side page 0x15 (side_page_15_t021_MontyMole): 79 non-empty cells
[2026-09-18 22:37:56] [Info] [icons.export_icons] Exported side page 0x16 (side_page_16_t022_BowserJr): 79 non-empty cells
[2026-09-18 22:37:56] [Info] [icons.export_icons] Exported side page 0x17 (side_page_17_t023_Paratroopa): 105 non-empty cells
[2026-09-18 22:37:57] [Info] [icons.export_icons] Exported side page 0x18 (side_page_18_t024_Pianta): 105 non-empty cells
[2026-09-18 22:37:57] [Info] [icons.export_icons] Exported side page 0x19 (side_page_19_t025_RedPianta): 105 non-empty cells
[2026-09-18 22:37:57] [Info] [icons.export_icons] Exported side page 0x1A (side_page_1A_t026_YellowPianta): 105 non-empty cells
[2026-09-18 22:37:57] [Info] [icons.export_icons] Exported side page 0x1B (side_page_1B_t027_Noki): 105 non-empty cells
[2026-09-18 22:37:57] [Info] [icons.export_icons] Exported side page 0x1C (side_page_1C_t028_RedNoki): 79 non-empty cells
[2026-09-18 22:37:57] [Info] [icons.export_icons] Exported side page 0x1D (side_page_1D_t029_GreenNoki): 105 non-empty cells
[2026-09-18 22:37:57] [Info] [icons.export_icons] Exported side page 0x1E (side_page_1E_t030_HammerBro): 105 non-empty cells
[2026-09-18 22:37:57] [Info] [icons.export_icons] Exported side page 0x1F (side_page_1F_t031_Toadsworth): 105 non-empty cells
[2026-09-18 22:37:57] [Info] [icons.export_icons] Exported side page 0x20 (side_page_20_t032_BlueToad): 105 non-empty cells
[2026-09-18 22:37:57] [Info] [icons.export_icons] Exported side page 0x21 (side_page_21_t033_YellowToad): 105 non-empty cells
[2026-09-18 22:37:58] [Info] [icons.export_icons] Exported side page 0x22 (side_page_22_t034_GreenToad): 105 non-empty cells
[2026-09-18 22:37:58] [Info] [icons.export_icons] Exported side page 0x23 (side_page_23_t035_PurpleToad): 105 non-empty cells
[2026-09-18 22:37:58] [Info] [icons.export_icons] Exported side page 0x24 (side_page_24_t036_Magikoopa): 79 non-empty cells
[2026-09-18 22:37:58] [Info] [icons.export_icons] Exported side page 0x25 (side_page_25_t037_RedMagikoopa): 79 non-empty cells
[2026-09-18 22:37:58] [Info] [icons.export_icons] Exported side page 0x26 (side_page_26_t038_GreenMagikoopa): 79 non-empty cells
[2026-09-18 22:37:58] [Info] [icons.export_icons] Exported side page 0x27 (side_page_27_t039_YellowMagikoopa): 79 non-empty cells
[2026-09-18 22:37:58] [Info] [icons.export_icons] Exported side page 0x28 (side_page_28_t040_KingBoo): 105 non-empty cells
[2026-09-18 22:37:58] [Info] [icons.export_icons] Exported side page 0x29 (side_page_29_t041_PeteyPiranha): 105 non-empty cells
[2026-09-18 22:37:58] [Info] [icons.export_icons] Exported side page 0x2A (side_page_2A_t042_DixieKong): 79 non-empty cells
[2026-09-18 22:37:58] [Info] [icons.export_icons] Exported side page 0x2B (side_page_2B_t043_DixieKong): 79 non-empty cells
[2026-09-18 22:37:58] [Info] [icons.export_icons] Exported side page 0x2C (side_page_2C_t044_Goomba): 79 non-empty cells
[2026-09-18 22:37:59] [Info] [icons.export_icons] Exported side page 0x2D (side_page_2D_t045_Paragoomba): 79 non-empty cells
[2026-09-18 22:37:59] [Info] [icons.export_icons] Exported side page 0x2E (side_page_2E_t046_RedKoopa): 105 non-empty cells
[2026-09-18 22:37:59] [Info] [icons.export_icons] Exported side page 0x2F (side_page_2F_t047_GreenParatroopa): 79 non-empty cells
[2026-09-18 22:37:59] [Info] [icons.export_icons] Exported side page 0x30 (side_page_30_t048_BlueShyGuy): 105 non-empty cells
[2026-09-18 22:37:59] [Info] [icons.export_icons] Exported side page 0x31 (side_page_31_t049_YellowShyGuy): 105 non-empty cells
[2026-09-18 22:37:59] [Info] [icons.export_icons] Exported side page 0x32 (side_page_32_t050_GreenShyGuy): 105 non-empty cells
[2026-09-18 22:37:59] [Info] [icons.export_icons] Exported side page 0x33 (side_page_33_t051_GrayShyGuy): 79 non-empty cells
[2026-09-18 22:37:59] [Info] [icons.export_icons] Exported side page 0x34 (side_page_34_t052_DryBones): 105 non-empty cells
[2026-09-18 22:37:59] [Info] [icons.export_icons] Exported side page 0x35 (side_page_35_t053_GreenDryBones): 79 non-empty cells
[2026-09-18 22:37:59] [Info] [icons.export_icons] Exported side page 0x36 (side_page_36_t054_DarkBones): 105 non-empty cells
[2026-09-18 22:37:59] [Info] [icons.export_icons] Exported side page 0x37 (side_page_37_t055_BlueDryBones): 105 non-empty cells
[2026-09-18 22:38:00] [Info] [icons.export_icons] Exported side page 0x38 (side_page_38_t056_FireBro): 105 non-empty cells
[2026-09-18 22:38:00] [Info] [icons.export_icons] Exported side page 0x39 (side_page_39_t057_BoomerangBro): 105 non-empty cells
[2026-09-18 22:38:00] [Info] [icons.export_icons] Exported side page 0x3A (side_page_3A_t058_Wiggler): 79 non-empty cells
[2026-09-18 22:38:00] [Info] [icons.export_icons] Exported side page 0x3B (side_page_3B_t059_Blooper): 79 non-empty cells
[2026-09-18 22:38:00] [Info] [icons.export_icons] Exported side page 0x3C (side_page_3C_t060_FunkyKong): 79 non-empty cells
[2026-09-18 22:38:00] [Info] [icons.export_icons] Exported side page 0x3D (side_page_3D_t061_TinyKong): 79 non-empty cells
[2026-09-18 22:38:00] [Info] [icons.export_icons] Exported side page 0x3E (side_page_3E_t062_Kritter): 79 non-empty cells
[2026-09-18 22:38:00] [Info] [icons.export_icons] Exported side page 0x3F (side_page_3F_t063_BlueKritter): 79 non-empty cells
[2026-09-18 22:38:00] [Info] [icons.export_icons] Exported side page 0x40 (side_page_40_t064_RedKritter): 79 non-empty cells
[2026-09-18 22:38:00] [Info] [icons.export_icons] Exported side page 0x41 (side_page_41_t065_BrownKritter): 79 non-empty cells
[2026-09-18 22:38:00] [Info] [icons.export_icons] Exported side page 0x42 (side_page_42_t066_KingKRool): 79 non-empty cells
[2026-09-18 22:38:01] [Info] [icons.export_icons] Exported side page 0x43 (side_page_43_t067_KingKRool): 79 non-empty cells
[2026-09-18 22:38:01] [Info] [icons.export_icons] Exported side page 0x44 (side_page_44_t068_BabyPeach): 79 non-empty cells
[2026-09-18 22:38:01] [Info] [icons.export_icons] Exported side page 0x45 (side_page_45_t069_BabyPeach): 79 non-empty cells
[2026-09-18 22:38:01] [Info] [icons.export_icons] Exported side page 0x46 (side_page_46_t070_BabyDaisy): 79 non-empty cells
[2026-09-18 22:38:01] [Info] [icons.export_icons] Exported side page 0x47 (side_page_47_t071_BabyDaisy): 79 non-empty cells
[2026-09-18 22:38:01] [Info] [icons.export_icons] Exported side page 0x48 (side_page_48_t072_BabyDK): 79 non-empty cells
[2026-09-18 22:38:01] [Info] [icons.export_icons] Exported side page 0x49 (side_page_49_t073_BabyDK): 79 non-empty cells
[2026-09-18 22:38:01] [Info] [icons.export_icons] Exported side page 0x4A (side_page_4A_t074_RedYoshi): 79 non-empty cells
[2026-09-18 22:38:01] [Info] [icons.export_icons] Exported side page 0x4B (side_page_4B_t075_BlueYoshi): 79 non-empty cells
[2026-09-18 22:38:01] [Info] [icons.export_icons] Exported side page 0x4C (side_page_4C_t076_YellowYoshi): 79 non-empty cells
[2026-09-18 22:38:02] [Info] [icons.export_icons] Exported side page 0x4D (side_page_4D_t077_LightBlueYoshi): 79 non-empty cells
[2026-09-18 22:38:02] [Info] [icons.export_icons] Exported side page 0x4E (side_page_4E_t078_PinkYoshi): 79 non-empty cells
[2026-09-18 22:38:02] [Info] [icons.export_icons] Exported front page 0x4F (front_page_4F_t079_Mario): 105 non-empty cells
[2026-09-18 22:38:02] [Info] [icons.export_icons] Exported front page 0x50 (front_page_50_t080_Luigi): 105 non-empty cells
[2026-09-18 22:38:02] [Info] [icons.export_icons] Exported front page 0x51 (front_page_51_t081_DK): 105 non-empty cells
[2026-09-18 22:38:02] [Info] [icons.export_icons] Exported front page 0x52 (front_page_52_t082_DKJunior): 105 non-empty cells
[2026-09-18 22:38:02] [Info] [icons.export_icons] Exported front page 0x53 (front_page_53_t083_Peach): 105 non-empty cells
[2026-09-18 22:38:02] [Info] [icons.export_icons] Exported front page 0x54 (front_page_54_t084_Daisy): 105 non-empty cells
[2026-09-18 22:38:02] [Info] [icons.export_icons] Exported front page 0x55 (front_page_55_t085_YoshiGreen): 73 non-empty cells
[2026-09-18 22:38:02] [Info] [icons.export_icons] Exported front page 0x56 (front_page_56_t086_BabyMario): 73 non-empty cells
[2026-09-18 22:38:02] [Info] [icons.export_icons] Exported front page 0x57 (front_page_57_t087_BabyLuigi): 105 non-empty cells
[2026-09-18 22:38:03] [Info] [icons.export_icons] Exported front page 0x58 (front_page_58_t088_Bowser): 73 non-empty cells
[2026-09-18 22:38:03] [Info] [icons.export_icons] Exported front page 0x59 (front_page_59_t089_Wario): 73 non-empty cells
[2026-09-18 22:38:03] [Info] [icons.export_icons] Exported front page 0x5A (front_page_5A_t090_Waluigi): 105 non-empty cells
[2026-09-18 22:38:03] [Info] [icons.export_icons] Exported front page 0x5B (front_page_5B_t091_Koopa): 105 non-empty cells
[2026-09-18 22:38:03] [Info] [icons.export_icons] Exported front page 0x5C (front_page_5C_t092_ToadRed): 105 non-empty cells
[2026-09-18 22:38:03] [Info] [icons.export_icons] Exported front page 0x5D (front_page_5D_t093_Boo): 105 non-empty cells
[2026-09-18 22:38:03] [Info] [icons.export_icons] Exported front page 0x5E (front_page_5E_t094_Toadette): 105 non-empty cells
[2026-09-18 22:38:03] [Info] [icons.export_icons] Exported front page 0x5F (front_page_5F_t095_ShyGuyRed): 105 non-empty cells
[2026-09-18 22:38:03] [Info] [icons.export_icons] Exported front page 0x60 (front_page_60_t096_Birdo): 105 non-empty cells
[2026-09-18 22:38:03] [Info] [icons.export_icons] Exported front page 0x61 (front_page_61_t097_Monty): 73 non-empty cells
[2026-09-18 22:38:03] [Info] [icons.export_icons] Exported front page 0x62 (front_page_62_t098_BowserJR): 105 non-empty cells
[2026-09-18 22:38:04] [Info] [icons.export_icons] Exported front page 0x63 (front_page_63_t099_Parakoopa): 73 non-empty cells
[2026-09-18 22:38:04] [Info] [icons.export_icons] Exported front page 0x64 (front_page_64_t100_PiantaBlue): 73 non-empty cells
[2026-09-18 22:38:04] [Info] [icons.export_icons] Exported front page 0x65 (front_page_65_t101_PiantaRed): 73 non-empty cells
[2026-09-18 22:38:04] [Info] [icons.export_icons] Exported front page 0x66 (front_page_66_t102_PiantaYellow): 73 non-empty cells
[2026-09-18 22:38:04] [Info] [icons.export_icons] Exported front page 0x67 (front_page_67_t103_NokiBlue): 105 non-empty cells
[2026-09-18 22:38:04] [Info] [icons.export_icons] Exported front page 0x68 (front_page_68_t104_NokiRed): 105 non-empty cells
[2026-09-18 22:38:04] [Info] [icons.export_icons] Exported front page 0x69 (front_page_69_t105_NokiGreen): 105 non-empty cells
[2026-09-18 22:38:04] [Info] [icons.export_icons] Exported front page 0x6A (front_page_6A_t106_HammerBro): 105 non-empty cells
[2026-09-18 22:38:04] [Info] [icons.export_icons] Exported front page 0x6B (front_page_6B_t107_Toadsworth): 105 non-empty cells
[2026-09-18 22:38:04] [Info] [icons.export_icons] Exported front page 0x6C (front_page_6C_t108_ToadBlue): 105 non-empty cells
[2026-09-18 22:38:05] [Info] [icons.export_icons] Exported front page 0x6D (front_page_6D_t109_ToadYellow): 105 non-empty cells
[2026-09-18 22:38:05] [Info] [icons.export_icons] Exported front page 0x6E (front_page_6E_t110_ToadGreen): 105 non-empty cells
[2026-09-18 22:38:05] [Info] [icons.export_icons] Exported front page 0x6F (front_page_6F_t111_ToadPurple): 105 non-empty cells
[2026-09-18 22:38:05] [Info] [icons.export_icons] Exported front page 0x70 (front_page_70_t112_MagikoopaBlue): 73 non-empty cells
[2026-09-18 22:38:05] [Info] [icons.export_icons] Exported front page 0x71 (front_page_71_t113_MagikoopaRed): 73 non-empty cells
[2026-09-18 22:38:05] [Info] [icons.export_icons] Exported front page 0x72 (front_page_72_t114_MagikoopaGreen): 73 non-empty cells
[2026-09-18 22:38:05] [Info] [icons.export_icons] Exported front page 0x73 (front_page_73_t115_MagikoopaRYellow): 73 non-empty cells
[2026-09-18 22:38:05] [Info] [icons.export_icons] Exported front page 0x74 (front_page_74_t116_KingBoo): 105 non-empty cells
[2026-09-18 22:38:05] [Info] [icons.export_icons] Exported front page 0x75 (front_page_75_t117_PeteyPiranha): 105 non-empty cells
[2026-09-18 22:38:05] [Info] [icons.export_icons] Exported front page 0x76 (front_page_76_t118_DixieKong): 73 non-empty cells
[2026-09-18 22:38:05] [Info] [icons.export_icons] Exported front page 0x77 (front_page_77_t119_Goomba): 105 non-empty cells
[2026-09-18 22:38:06] [Info] [icons.export_icons] Exported front page 0x78 (front_page_78_t120_ParaGoomba): 73 non-empty cells
[2026-09-18 22:38:06] [Info] [icons.export_icons] Exported front page 0x79 (front_page_79_t121_ShyGuyBlue): 105 non-empty cells
[2026-09-18 22:38:06] [Info] [icons.export_icons] Exported front page 0x7A (front_page_7A_t122_ShyGuyYellow): 105 non-empty cells
[2026-09-18 22:38:06] [Info] [icons.export_icons] Exported front page 0x7B (front_page_7B_t123_ShyGuyGreen): 105 non-empty cells
[2026-09-18 22:38:06] [Info] [icons.export_icons] Exported front page 0x7C (front_page_7C_t124_ShyGuyBlack): 105 non-empty cells
[2026-09-18 22:38:06] [Info] [icons.export_icons] Exported front page 0x7D (front_page_7D_t125_DryBones): 105 non-empty cells
[2026-09-18 22:38:06] [Info] [icons.export_icons] Exported front page 0x7E (front_page_7E_t126_DryBonesDark): 105 non-empty cells
[2026-09-18 22:38:06] [Info] [icons.export_icons] Exported front page 0x7F (front_page_7F_t127_Wiggler): 73 non-empty cells
[2026-09-18 22:38:06] [Info] [icons.export_icons] Exported front page 0x80 (front_page_80_t128_Blooper): 73 non-empty cells
[2026-09-18 22:38:06] [Info] [icons.export_icons] Exported front page 0x81 (front_page_81_t129_FunkyKong): 105 non-empty cells
[2026-09-18 22:38:07] [Info] [icons.export_icons] Exported front page 0x82 (front_page_82_t130_TinyKong): 73 non-empty cells
[2026-09-18 22:38:07] [Info] [icons.export_icons] Exported front page 0x83 (front_page_83_t131_KritterGreen): 73 non-empty cells
[2026-09-18 22:38:07] [Info] [icons.export_icons] Exported front page 0x84 (front_page_84_t132_KritterBlue): 73 non-empty cells
[2026-09-18 22:38:07] [Info] [icons.export_icons] Exported front page 0x85 (front_page_85_t133_KritterRed): 73 non-empty cells
[2026-09-18 22:38:07] [Info] [icons.export_icons] Exported front page 0x86 (front_page_86_t134_KritterBrown): 73 non-empty cells
[2026-09-18 22:38:07] [Info] [icons.export_icons] Exported front page 0x87 (front_page_87_t135_KRool): 73 non-empty cells
[2026-09-18 22:38:07] [Info] [icons.export_icons] Exported front page 0x88 (front_page_88_t136_BabyPeach): 73 non-empty cells
[2026-09-18 22:38:07] [Info] [icons.export_icons] Exported front page 0x89 (front_page_89_t137_BabyDaisy): 73 non-empty cells
[2026-09-18 22:38:07] [Info] [icons.export_icons] Exported front page 0x8A (front_page_8A_t138_BabyDK): 73 non-empty cells
[2026-09-18 22:38:07] [Info] [icons.export_icons] Exported front page 0x8B (front_page_8B_t139_YoshiRed): 73 non-empty cells
[2026-09-18 22:38:07] [Info] [icons.export_icons] Exported front page 0x8C (front_page_8C_t140): 73 non-empty cells
[2026-09-18 22:38:08] [Info] [icons.export_icons] Exported front page 0x8D (front_page_8D_t141): 73 non-empty cells
[2026-09-18 22:38:08] [Info] [icons.export_icons] Exported front page 0x8E (front_page_8E_t142): 73 non-empty cells
[2026-09-18 22:38:08] [Info] [icons.export_icons] Exported front page 0x8F (front_page_8F_t143): 73 non-empty cells
[2026-09-18 22:38:08] [Info] [icons.export_icons] Exported front page 0x90 (front_page_90_t144): 105 non-empty cells
[2026-09-18 22:38:08] [Info] [icons.export_icons] Exported front page 0x91 (front_page_91_t145): 105 non-empty cells
[2026-09-18 22:38:08] [Info] [icons.export_icons] Character-select icon export assets generated successfully:
      2_Output_Models\_ICONS
      Source DOL: 3_Output_Dat\main.dol
      Source DAT: 3_Output_Dat\dt_na.dat
      Pages exported: 146
      Non-empty cells exported: 13194
      Dolphin dump names: 2_Output_Models\_ICONS\dolphin_icon_names.txt
[2026-09-18 22:38:09] [Info] [dispatcher] Icon export complete. Find your files in the folder "2_Output_Models/_ICONS"
[2026-09-18 22:38:09] [Info] [dispatcher] Command completed
[2026-09-18 22:38:09] [Info] [dispatcher] Command (StartTools.bat): start.py --add-custom-icons
[2026-09-18 22:38:09] [Info] [dispatcher] Batch menu selection: 1 - Full export with untangling + icon routes + icon export
[2026-09-18 22:38:09] [Info] [icons.add_custom_icons] Starting unused character icon replacement...
[2026-09-18 22:38:09] [Info] [icons.add_custom_icons] Installed: custom icons for 6 characters
      bank:       0x2BF6EE00 + 0x118CE0
      output DAT: 0x2C087B60 bytes
      side CMPR:  f382af371e68e7ed60f3a226ec97bac095773ca588096d0a859b9840064b4d3a
      front CMPR: a4f3ed62f199623a1f3e93e1acb2d5c1e3f315573f1ced24ed1ae0ae68bb32c2
      DOL regions requiring changes: 12
      report:     2_Output_Models\_ICONS\metadata\add_custom_icons_report.json
[2026-09-18 22:38:09] [Info] [dispatcher] Custom icon installation complete. Patched files are in "3_Output_Dat".
[2026-09-18 22:38:09] [Info] [dispatcher] Command completed
[2026-09-18 23:00:41] [Info] [hammerspace.main] [CloneACT] 7,392 bytes from block+0x1FA40
[2026-09-18 23:00:41] [Info] [hammerspace.main] [CloneACT] 7,392 bytes from block+0x1FA40
[2026-09-18 23:00:41] [Info] [hammerspace.main] [CloneACT] 7,392 bytes from block+0x1FA40
[2026-09-18 23:00:41] [Info] [hammerspace.main] [CloneACT] 7,392 bytes from block+0x1FA40
[2026-09-18 23:00:42] [Info] [hammerspace.main] [CloneACT] 7,392 bytes from block+0x1FA40
[2026-09-18 23:00:42] [Info] [hammerspace.main] [ACT] bone 2 GeoId -> 3 at ACT+0x6C (GeoIdEdited retarget; section-relative, stable across hammerspace relocation)
[2026-09-18 23:00:42] [Info] [hammerspace.main] [CloneACT] 7,392 bytes from block+0x1FA40
[2026-09-18 23:00:42] [Info] [hammerspace.main] [CloneTEX] 248,000 bytes from block+0x21720
[2026-09-18 23:00:42] [Info] [hammerspace.main] [CloneSKN] 38,208 bytes from block+0x5DFE0
[2026-09-18 23:00:42] [Info] [hammerspace.main] [CloneHEADER] 0x20 bytes from offset 0x04AA6C20
[2026-09-18 23:00:42] [Info] [hammerspace.main] [HDR] +0x18 patched: 0x00067520 → 0x000707E0
[2026-09-18 23:00:42] [Info] [build_add_submesh_fixture] [ACT] bone 2 GeoId already reads submesh 3 at ACT+0x6C (applied by BuildModelBlock via GeoIdEdited)
[2026-09-18 23:00:42] [Info] [hammerspace.main] [CloneACT] 7,392 bytes from block+0x1FA40
[2026-09-18 23:00:42] [Info] [hammerspace.main] [ACT] bone 2 GeoId -> 3 at ACT+0x6C (GeoIdEdited retarget; section-relative, stable across hammerspace relocation)
[2026-09-18 23:00:42] [Info] [hammerspace.main] [CloneACT] 7,392 bytes from block+0x1FA40
[2026-09-18 23:00:42] [Info] [hammerspace.main] [CloneTEX] 248,000 bytes from block+0x21720
[2026-09-18 23:00:42] [Info] [hammerspace.main] [CloneSKN] 38,208 bytes from block+0x5DFE0
[2026-09-18 23:00:42] [Info] [hammerspace.main] [CloneHEADER] 0x20 bytes from offset 0x04AA6C20
[2026-09-18 23:00:42] [Info] [hammerspace.main] [HDR] +0x18 patched: 0x00067520 → 0x00067840
[2026-09-18 23:00:42] [Info] [build_add_submesh_fixture] [ACT] bone 2 GeoId already reads submesh 3 at ACT+0x6C (applied by BuildModelBlock via GeoIdEdited)
[2026-09-18 23:00:42] [Info] [hammerspace.main] [CloneACT] 7,392 bytes from block+0x1FA40
[2026-09-18 23:00:42] [Info] [hammerspace.main] [ACT] bone 2 GeoId -> 3 at ACT+0x6C (GeoIdEdited retarget; section-relative, stable across hammerspace relocation)
[2026-09-18 23:00:42] [Info] [hammerspace.main] [CloneACT] 7,392 bytes from block+0x1FA40
[2026-09-18 23:00:42] [Info] [hammerspace.main] [CloneTEX] 248,000 bytes from block+0x21720
[2026-09-18 23:00:42] [Info] [hammerspace.main] [CloneSKN] 38,208 bytes from block+0x5DFE0
[2026-09-18 23:00:42] [Info] [hammerspace.main] [CloneHEADER] 0x20 bytes from offset 0x04AA6C20
[2026-09-18 23:00:42] [Info] [hammerspace.main] [HDR] +0x18 patched: 0x00067520 → 0x000707E0
[2026-09-18 23:00:42] [Info] [build_add_submesh_fixture] [ACT] bone 2 GeoId already reads submesh 3 at ACT+0x6C (applied by BuildModelBlock via GeoIdEdited)
[2026-09-18 23:00:42] [Info] [hammerspace.main] [CloneACT] 7,392 bytes from block+0x1FA40
[2026-09-18 23:00:42] [Info] [hammerspace.main] [ACT] bone 2 GeoId -> 3 at ACT+0x6C (GeoIdEdited retarget; section-relative, stable across hammerspace relocation)
[2026-09-18 23:00:42] [Info] [hammerspace.main] [CloneACT] 7,392 bytes from block+0x1FA40
[2026-09-18 23:00:42] [Info] [hammerspace.main] [CloneTEX] 248,000 bytes from block+0x21720
[2026-09-18 23:00:42] [Info] [hammerspace.main] [CloneSKN] 38,208 bytes from block+0x5DFE0
[2026-09-18 23:00:42] [Info] [hammerspace.main] [CloneHEADER] 0x20 bytes from offset 0x04AA6C20
[2026-09-18 23:00:42] [Info] [hammerspace.main] [HDR] +0x18 patched: 0x00067520 → 0x000707E0
[2026-09-18 23:00:42] [Info] [build_add_submesh_fixture] [ACT] bone 2 GeoId already reads submesh 3 at ACT+0x6C (applied by BuildModelBlock via GeoIdEdited)
[2026-09-18 23:00:44] [Info] [geometry.rebuild] [M3.3] sub0 color: 4 donor entries -> 4 compact; indices rebuilt
[2026-09-18 23:00:44] [Info] [geometry.rebuild] [M3.2] sub0: rebuilt draw states [1]; descriptor upgrades []; triangulated 0 irreducible GX blocks
[2026-09-18 23:00:44] [Info] [geometry.rebuild] [M3.3] sub0 color: 4 donor entries -> 4 compact; indices preserved
[2026-09-18 23:00:44] [Info] [hammerspace.main] [CloneGPL] 129,568 bytes from block+0x20
[2026-09-18 23:00:44] [Info] [hammerspace.main] [GPL] appended custom submesh 'custom0' as submesh 3 (host bone 2, template builtin:rigid_spec_v1)
[2026-09-18 23:00:44] [Info] [hammerspace.main] [CloneACT] 7,392 bytes from block+0x1FA40
[2026-09-18 23:00:44] [Info] [hammerspace.main] [ACT] custom submesh 'custom0': bone 2 GeoId -> 3 at ACT+0x6C (section-relative; stable across hammerspace relocation)
[2026-09-18 23:00:44] [Info] [hammerspace.main] [CloneACT] 7,392 bytes from block+0x1FA40
[2026-09-18 23:00:44] [Info] [hammerspace.main] [CloneTEX] 248,000 bytes from block+0x21720
[2026-09-18 23:00:44] [Info] [hammerspace.main] [CloneSKN] 38,208 bytes from block+0x5DFE0
[2026-09-18 23:00:44] [Info] [hammerspace.main] [CloneHEADER] 0x20 bytes from offset 0x04AA6C20
[2026-09-18 23:00:44] [Info] [hammerspace.main] [HDR] +0x18 patched: 0x00067520 → 0x00067780
[2026-09-18 23:00:44] [Info] [hammerspace.main] [CloneGPL] 129,568 bytes from block+0x20
[2026-09-18 23:00:44] [Info] [hammerspace.main] [GPL] appended custom submesh 'custom0' as submesh 3 (host bone 2, template builtin:rigid_spec_v1)
[2026-09-18 23:00:44] [Info] [hammerspace.main] [CloneACT] 7,392 bytes from block+0x1FA40
[2026-09-18 23:00:44] [Info] [hammerspace.main] [ACT] custom submesh 'custom0': bone 2 GeoId -> 3 at ACT+0x6C (section-relative; stable across hammerspace relocation)
[2026-09-18 23:00:44] [Info] [hammerspace.main] [CloneACT] 7,392 bytes from block+0x1FA40
[2026-09-18 23:00:44] [Info] [hammerspace.main] [CloneTEX] 248,000 bytes from block+0x21720
[2026-09-18 23:00:44] [Info] [hammerspace.main] [CloneSKN] 38,208 bytes from block+0x5DFE0
[2026-09-18 23:00:44] [Info] [hammerspace.main] [CloneHEADER] 0x20 bytes from offset 0x04AA6C20
[2026-09-18 23:00:44] [Info] [hammerspace.main] [HDR] +0x18 patched: 0x00067520 → 0x00067780
[2026-09-18 23:00:44] [Info] [hammerspace.main] [CloneGPL] 129,568 bytes from block+0x20
[2026-09-18 23:00:44] [Info] [hammerspace.main] [GPL] appended custom submesh 'custom0' as submesh 3 (host bone 2, template rigid:sm1_ds5)
[2026-09-18 23:00:44] [Info] [hammerspace.main] [CloneACT] 7,392 bytes from block+0x1FA40
[2026-09-18 23:00:44] [Info] [hammerspace.main] [ACT] custom submesh 'custom0': bone 2 GeoId -> 3 at ACT+0x6C (section-relative; stable across hammerspace relocation)
[2026-09-18 23:00:44] [Info] [hammerspace.main] [CloneACT] 7,392 bytes from block+0x1FA40
[2026-09-18 23:00:44] [Info] [hammerspace.main] [CloneTEX] 248,000 bytes from block+0x21720
[2026-09-18 23:00:44] [Info] [hammerspace.main] [CloneSKN] 38,208 bytes from block+0x5DFE0
[2026-09-18 23:00:44] [Info] [hammerspace.main] [CloneHEADER] 0x20 bytes from offset 0x04AA6C20
[2026-09-18 23:00:44] [Info] [hammerspace.main] [HDR] +0x18 patched: 0x00067520 → 0x000677C0
[2026-09-18 23:00:44] [Info] [hammerspace.main] [CloneGPL] 129,568 bytes from block+0x20
[2026-09-18 23:00:44] [Info] [hammerspace.main] [GPL] appended custom submesh 'custom0' as submesh 3 (host bone 2, template derived:sm0_ds5)
[2026-09-18 23:00:44] [Info] [hammerspace.main] [CloneACT] 7,392 bytes from block+0x1FA40
[2026-09-18 23:00:44] [Info] [hammerspace.main] [ACT] custom submesh 'custom0': bone 2 GeoId -> 3 at ACT+0x6C (section-relative; stable across hammerspace relocation)
[2026-09-18 23:00:44] [Info] [hammerspace.main] [CloneACT] 7,392 bytes from block+0x1FA40
[2026-09-18 23:00:44] [Info] [hammerspace.main] [CloneTEX] 248,000 bytes from block+0x21720
[2026-09-18 23:00:44] [Info] [hammerspace.main] [CloneSKN] 38,208 bytes from block+0x5DFE0
[2026-09-18 23:00:44] [Info] [hammerspace.main] [CloneHEADER] 0x20 bytes from offset 0x04AA6C20
[2026-09-18 23:00:44] [Info] [hammerspace.main] [HDR] +0x18 patched: 0x00067520 → 0x00067780
[2026-09-18 23:00:44] [Info] [hammerspace.main] [CloneGPL] 129,568 bytes from block+0x20
[2026-09-18 23:00:44] [Info] [hammerspace.main] [GPL] appended custom submesh 'custom0' as submesh 3 (host bone 2, template builtin:rigid_spec_v1)
[2026-09-18 23:00:44] [Info] [hammerspace.main] [CloneACT] 7,392 bytes from block+0x1FA40
[2026-09-18 23:00:44] [Info] [hammerspace.main] [ACT] custom submesh 'custom0': bone 2 GeoId -> 3 at ACT+0x6C (section-relative; stable across hammerspace relocation)
[2026-09-18 23:00:44] [Info] [hammerspace.main] [CloneACT] 7,392 bytes from block+0x1FA40
[2026-09-18 23:00:44] [Info] [hammerspace.main] [CloneTEX] 248,000 bytes from block+0x21720
[2026-09-18 23:00:44] [Info] [hammerspace.main] [CloneSKN] 38,208 bytes from block+0x5DFE0
[2026-09-18 23:00:44] [Info] [hammerspace.main] [CloneHEADER] 0x20 bytes from offset 0x04AA6C20
[2026-09-18 23:00:44] [Info] [hammerspace.main] [HDR] +0x18 patched: 0x00067520 → 0x00067780
[2026-09-18 23:00:45] [Info] [dispatcher] Resolved PNG '0.png' → model.sluggie texture 0
[2026-09-18 23:00:45] [Info] [dispatcher] Resolved PNG '0.png' → model.sluggie texture 0
[2026-09-18 23:00:45] [Info] [dispatcher] Found: C:\Users\gerno\AppData\Local\Temp\tmprgck00xd\model.sluggie
[2026-09-18 23:00:45] [Info] [dispatcher] Resolved PNG '0.png' → model.sluggie texture 0
[2026-09-18 23:00:45] [Info] [dispatcher] Found: C:\Users\gerno\AppData\Local\Temp\tmp_femr4h5\model.sluggie
[2026-09-18 23:00:45] [Warning] [act] bone 0 is not relative
[2026-09-18 23:00:45] [Warning] [act] bone 0 is not relative
[2026-09-18 23:00:45] [Warning] [act] bone 0 is not relative
[2026-09-18 23:00:46] [Info] [hammerspace.helper] [1] Current DOL entry: chunk=0, file_index=0, offset=0x00000008 (8), length=0x00000008 (8 bytes)
[2026-09-18 23:00:46] [Info] [hammerspace.helper] [2] Original DOL entry: offset=0x00000008 (8), length=0x00000008 (8 bytes)
[2026-09-18 23:00:46] [Info] [hammerspace.helper] DOL entry was already restored; original model bytes were repaired and verified.
[2026-09-18 23:00:46] [Info] [hammerspace.helper] [1] Current DOL entry: chunk=0, file_index=0, offset=0x00000040 (64), length=0x00000008 (8 bytes)
[2026-09-18 23:00:46] [Info] [hammerspace.helper] [2] Original DOL entry: offset=0x00000008 (8), length=0x00000008 (8 bytes)
[2026-09-18 23:00:46] [Info] [hammerspace.helper] [3] Restored and verified 8 original model bytes at 0x00000008.
[2026-09-18 23:00:46] [Info] [hammerspace.helper] [4] Restoring original DOL entry ...
[2026-09-18 23:00:46] [Info] [hammerspace.helper] [5] Zeroing 8 bytes at 0x00000040 in OUTPUT dt_na.dat ...
[2026-09-18 23:00:46] [Info] [hammerspace.helper]     Zeroed 8 bytes.
[2026-09-18 23:00:46] [Info] [hammerspace.helper] Done. chunk=0, file_index=0 removed from hammerspace.
[2026-09-18 23:00:46] [Info] [hammerspace.main] [ACT] bone 5 GeoId -> 65535 at ACT+0x20 (GeoIdEdited retarget; section-relative, stable across hammerspace relocation)
[2026-09-18 23:00:46] [Info] [hammerspace.main] [ACT] custom submesh 'custom0': bone 5 GeoId -> 2 at ACT+0x20 (section-relative; stable across hammerspace relocation)
[2026-09-18 23:00:46] [Info] [hammerspace.main] [ACT] bone 6 GeoId -> 1 at ACT+0x28 (GeoIdEdited retarget; section-relative, stable across hammerspace relocation)
[2026-09-18 23:00:46] [Info] [hammerspace.main] [ACT] bone 5 GeoId -> 65535 at ACT+0x20 (GeoIdEdited retarget; section-relative, stable across hammerspace relocation)
[2026-09-18 23:00:46] [Info] [hammerspace.main] [ACT] custom submesh 'custom0': bone 5 GeoId -> 1 at ACT+0x20 (section-relative; stable across hammerspace relocation)
[2026-09-18 23:00:46] [Info] [hammerspace.main] [ACT] custom submesh 'custom1': bone 6 GeoId -> 2 at ACT+0x28 (section-relative; stable across hammerspace relocation)
[2026-09-18 23:00:46] [Info] [hammerspace.main] [ACT] custom submesh 'custom0': bone 5 GeoId -> 2 at ACT+0x20 (section-relative; stable across hammerspace relocation)
[2026-09-18 23:00:46] [Error] [hammerspace.main] Bone 1: SRTOffset 0x103F is before the ACT section start (0x1040); the .sluggie's SRTOffset metadata does not match this model's ACT section layout. Re-export the model with the latest SluggiesTools export.py, then export from Blender again.
[2026-09-18 23:00:46] [Info] [hammerspace.main] [ACT] root-bone SRT scale: bone 1 wrote 400000003fc000003f800000 at ACT+0x54 (section-relative; stable across hammerspace relocation)
[2026-09-18 23:00:46] [Info] [hammerspace.main] [Container] DOL entry is an archive: 3 slots, 3 populated; rebuilding slot 1 at +0x60 and carrying the other 2 member(s) along
[2026-09-18 23:00:46] [Info] [hammerspace.main] [Container] archive slot 1 64 -> 192 bytes; 1 later slot(s) shifted by +128; archive 256 -> 384 bytes
[2026-09-18 23:00:46] [Info] [hammerspace.main] [Container] preserving 32-byte DOL entry prefix; inner model starts at +0x20
[2026-09-18 23:00:46] [Info] [hammerspace.main] [Container] DOL entry is an archive: 3 slots, 3 populated; rebuilding slot 1 at +0x60 and carrying the other 2 member(s) along
[2026-09-18 23:00:46] [Info] [hammerspace.main] [Container] archive slot 1 64 -> 192 bytes; 1 later slot(s) shifted by +128; archive 256 -> 384 bytes
[2026-09-18 23:00:46] [Info] [hammerspace.main] [Container] DOL entry is an archive: 3 slots, 3 populated; rebuilding slot 1 at +0x60 and carrying the other 2 member(s) along
[2026-09-18 23:00:46] [Info] [hammerspace.main] [Container] archive slot 1 64 -> 192 bytes; 1 later slot(s) shifted by +128; archive 256 -> 384 bytes
[2026-09-18 23:00:46] [Info] [hammerspace.main] [CloneGPL] 4 bytes from block+0x20
[2026-09-18 23:00:46] [Info] [hammerspace.main] [HDR] +0x18 patched: 0x00000180 → 0x00000100
[2026-09-18 23:00:46] [Info] [hammerspace.main] [HDR] +0x14 patched: 0x00000100 → 0x000000A0
[2026-09-18 23:00:46] [Info] [hammerspace.main] [HDR] +0x18 patched: 0x00000140 → 0x000000E0
[2026-09-18 23:00:46] [Info] [hammerspace.main] [HDR] +0x1C patched: 0x00000180 → 0x00000120
[2026-09-18 23:00:46] [Info] [hammerspace.main] [GPL] patched material state sub0 ds0 at GPL+0x10
[2026-09-18 23:00:46] [Info] [hammerspace.main] [GPL] patched material state sub0 ds1 at GPL+0x20
[2026-09-18 23:00:46] [Info] [hammerspace.main] [GPL] patched position array sub0 at GPL+0x10 (6 bytes)
[2026-09-18 23:00:46] [Info] [hammerspace.main] Model already in hammerspace at 0x00003000; keeping the old route live until replacement commits
[2026-09-18 23:00:46] [Info] [hammerspace.main] Hammerspace Log: Replaced | Model: fixture.sluggie | Old address: 0x00003000 | Old size: 0.00 MB
[2026-09-18 23:00:46] [Info] [hammerspace.main] Hammerspace Log: Written | Model: fixture.sluggie | Chunk: 18 | File: 0 | Address: 0x00004000 | Size: 0.00 MB | Modes: {'GPL': 'clone', 'ACT': 'clone', 'TEX': 'clone', 'SKN': 'clone', 'trailing': 'clone'}
[2026-09-18 23:00:46] [Info] [hammerspace.main] Model already in hammerspace at 0x00003000; keeping the old route live until replacement commits
[2026-09-18 23:00:46] [Info] [hammerspace.main] Model already in hammerspace at 0x00003000; keeping the old route live until replacement commits
[2026-09-18 23:00:46] [Info] [hammerspace.main] Hammerspace Log: Replaced | Model: fixture.sluggie | Old address: 0x00003000 | Old size: 0.00 MB
[2026-09-18 23:00:46] [Info] [hammerspace.main] Hammerspace Log: Written | Model: fixture.sluggie | Chunk: 18 | File: 0 | Address: 0x00004000 | Size: 0.00 MB | Modes: {'GPL': 'clone', 'ACT': 'clone', 'TEX': 'clone', 'SKN': 'clone', 'trailing': 'clone'}
[2026-09-18 23:00:46] [Info] [hammerspace.main] Model already in hammerspace at 0x00003000; keeping the old route live until replacement commits
[2026-09-18 23:00:46] [Info] [hammerspace.main] [GPL] appended UV array sub0 uv0 at GPL+0x80 (8 bytes)
[2026-09-18 23:00:46] [Info] [hammerspace.main] [GPL] appended primitive list sub0 ds0 (32 bytes)
[2026-09-18 23:00:46] [Info] [hammerspace.main] [GPL] patched UV array sub0 uv0 at GPL+0x14 (4 bytes)
[2026-09-18 23:00:46] [Info] [hammerspace.main] Hammerspace Log: Written | Model: fixture.sluggie | Chunk: 18 | File: 0 | Address: 0x00001020 | Size: 0.00 MB | Modes: {'GPL': 'clone', 'ACT': 'clone', 'TEX': 'clone', 'SKN': 'clone', 'trailing': 'clone'}
[2026-09-18 23:00:46] [Info] [hammerspace.main] Hammerspace Log: Written | Model: fixture.sluggie | Chunk: 18 | File: 0 | Address: 0x00002000 | Size: 0.00 MB | Modes: {'GPL': 'clone', 'ACT': 'clone', 'TEX': 'clone', 'SKN': 'clone', 'trailing': 'clone'}
[2026-09-18 23:00:46] [Warning] [hammerspace.main] [SKN] SK1/SK2 destinations are not cache-line exclusive; source arrays packed sequentially instead of mirroring the position buffer (donor layout rule) — facial poses on skinned vertices may break in-game
[2026-09-18 23:00:46] [Info] [hammerspace.main] [BuildTEX] built 5 texture(s), 5 image payload(s), 0 palette payload(s); section size 832 bytes
[2026-09-18 23:00:46] [Info] [hammerspace.main] [BuildTEX] built 2 texture(s), 2 image payload(s), 0 palette payload(s); section size 160 bytes
[2026-09-18 23:00:46] [Info] [hammerspace.main] [BuildTEX] No textures; returning empty TEX section
[2026-09-18 23:00:46] [Info] [hammerspace.main] [BuildTEX] built 2 texture(s), 2 image payload(s), 0 palette payload(s); section size 160 bytes
[2026-09-18 23:00:46] [Info] [hammerspace.main] [BuildTEX] built 2 texture(s), 2 image payload(s), 2 palette payload(s); section size 256 bytes
[2026-09-18 23:00:46] [Info] [hammerspace.main] [BuildTEX] built 1 texture(s), 1 image payload(s), 0 palette payload(s); section size 96 bytes
[2026-09-18 23:00:46] [Info] [hammerspace.main] [CloneGPL] 129,568 bytes from block+0x20
[2026-09-18 23:00:46] [Info] [hammerspace.main] [GPL] appended custom submesh 'custom0' as submesh 3 (host bone 2, template builtin:rigid_spec_v1)
[2026-09-18 23:00:46] [Info] [hammerspace.main] [CloneACT] 7,392 bytes from block+0x1FA40
[2026-09-18 23:00:46] [Info] [hammerspace.main] [ACT] custom submesh 'custom0': bone 2 GeoId -> 3 at ACT+0x6C (section-relative; stable across hammerspace relocation)
[2026-09-18 23:00:46] [Info] [hammerspace.main] [CloneACT] 7,392 bytes from block+0x1FA40
[2026-09-18 23:00:46] [Info] [hammerspace.main] [CloneTEX] 248,000 bytes from block+0x21720
[2026-09-18 23:00:46] [Info] [hammerspace.main] [CloneSKN] 38,208 bytes from block+0x5DFE0
[2026-09-18 23:00:46] [Info] [hammerspace.main] [CloneHEADER] 0x20 bytes from offset 0x04AA6C20
[2026-09-18 23:00:46] [Info] [hammerspace.main] [HDR] +0x18 patched: 0x00067520 → 0x000677A0
[2026-09-18 23:00:46] [Info] [hammerspace.main] [CloneGPL] 129,568 bytes from block+0x20
[2026-09-18 23:00:46] [Info] [hammerspace.main] [GPL] appended custom submesh 'custom0' as submesh 3 (host bone 4, template derived:sm0_ds5)
[2026-09-18 23:00:46] [Info] [hammerspace.main] [CloneACT] 7,392 bytes from block+0x1FA40
[2026-09-18 23:00:46] [Info] [hammerspace.main] [ACT] custom submesh 'custom0': bone 4 GeoId -> 3 at ACT+0xA4 (section-relative; stable across hammerspace relocation)
[2026-09-18 23:00:46] [Info] [hammerspace.main] [CloneACT] 7,392 bytes from block+0x1FA40
[2026-09-18 23:00:46] [Info] [hammerspace.main] [CloneTEX] 248,000 bytes from block+0x21720
[2026-09-18 23:00:46] [Info] [hammerspace.main] [CloneSKN] 38,208 bytes from block+0x5DFE0
[2026-09-18 23:00:46] [Info] [hammerspace.main] [CloneHEADER] 0x20 bytes from offset 0x04AA6C20
[2026-09-18 23:00:46] [Info] [hammerspace.main] [HDR] +0x18 patched: 0x00067520 → 0x000677A0
[2026-09-18 23:00:46] [Info] [hammerspace.main] [CloneGPL] 129,568 bytes from block+0x20
[2026-09-18 23:00:46] [Info] [hammerspace.main] [CloneGPL] 129,568 bytes from block+0x20
[2026-09-18 23:00:46] [Info] [hammerspace.main] [GPL] appended custom submesh 'custom0' as submesh 3 (host bone 2, template builtin:rigid_spec_v1)
[2026-09-18 23:00:46] [Info] [hammerspace.main] [CloneACT] 7,392 bytes from block+0x1FA40
[2026-09-18 23:00:46] [Info] [hammerspace.main] [ACT] custom submesh 'custom0': bone 2 GeoId -> 3 at ACT+0x6C (section-relative; stable across hammerspace relocation)
[2026-09-18 23:00:46] [Info] [hammerspace.main] [CloneACT] 7,392 bytes from block+0x1FA40
[2026-09-18 23:00:46] [Info] [hammerspace.main] [CloneTEX] 248,000 bytes from block+0x21720
[2026-09-18 23:00:46] [Info] [hammerspace.main] [CloneSKN] 38,208 bytes from block+0x5DFE0
[2026-09-18 23:00:46] [Info] [hammerspace.main] [CloneHEADER] 0x20 bytes from offset 0x04AA6C20
[2026-09-18 23:00:46] [Info] [hammerspace.main] [HDR] +0x18 patched: 0x00067520 → 0x000677A0
[2026-09-18 23:00:46] [Info] [hammerspace.main] [CloneGPL] 129,568 bytes from block+0x20
[2026-09-18 23:00:46] [Info] [hammerspace.main] [GPL] appended custom submesh 'custom0' as submesh 3 (host bone 3, template rigid:sm1_ds5)
[2026-09-18 23:00:46] [Info] [hammerspace.main] [CloneACT] 7,392 bytes from block+0x1FA40
[2026-09-18 23:00:46] [Info] [hammerspace.main] [ACT] custom submesh 'custom0': bone 3 GeoId -> 3 at ACT+0x88 (section-relative; stable across hammerspace relocation)
[2026-09-18 23:00:46] [Info] [hammerspace.main] [CloneACT] 7,392 bytes from block+0x1FA40
[2026-09-18 23:00:46] [Info] [hammerspace.main] [CloneTEX] 248,000 bytes from block+0x21720
[2026-09-18 23:00:46] [Info] [hammerspace.main] [CloneSKN] 38,208 bytes from block+0x5DFE0
[2026-09-18 23:00:46] [Info] [hammerspace.main] [CloneHEADER] 0x20 bytes from offset 0x04AA6C20
[2026-09-18 23:00:46] [Info] [hammerspace.main] [HDR] +0x18 patched: 0x00067520 → 0x000677E0
[2026-09-18 23:00:46] [Info] [hammerspace.main] [GPL] appended custom submesh 'custom0' as submesh 1 (host bone 5, template builtin:rigid_spec_v1)
[2026-09-18 23:00:46] [Info] [geometry.rebuild] [M3.3] sub0: normal buffer compacted to 5 unique normals
[2026-09-18 23:00:46] [Info] [geometry.rebuild] [M3.2] sub0: rebuilt draw states [1]; descriptor upgrades []; triangulated 0 irreducible GX blocks
[2026-09-18 23:00:46] [Info] [geometry.rebuild] [M3.2] sub0 uv0: 6 expanded coords -> 5 compact; indices rebuilt
[2026-09-18 23:00:46] [Info] [geometry.rebuild] [M3.3] sub0: normal buffer compacted to 5 unique normals
[2026-09-18 23:00:46] [Info] [geometry.rebuild] [M3.2] sub0: rebuilt draw states [1]; descriptor upgrades []; triangulated 0 irreducible GX blocks
[2026-09-18 23:00:46] [Info] [geometry.rebuild] [M3.3] sub0: normal buffer compacted to 4 unique normals
[2026-09-18 23:24:40] [Info] [dispatcher] Command (StartTools.bat): start.py --patch 78277664_mario.gpl.sluggie
[2026-09-18 23:24:40] [Info] [dispatcher] Batch menu selection: 5 - Patch model(s)
[2026-09-18 23:24:40] [Info] [dispatcher] Batch model file input: '78277664_mario.gpl.sluggie'
[2026-09-18 23:24:40] [Info] [dispatcher] Found: E:\Sluggies\Sluggies-dat-tools\2_Output_Models\18 Mario\78277664_mario.gpl\78277664_mario.gpl.sluggie
[2026-09-18 23:24:41] [Info] [hammerspace.main] [CloneGPL] 129,568 bytes from block+0x20
[2026-09-18 23:24:41] [Info] [hammerspace.main] [GPL] patched position array sub0 at GPL+0x60 (22,224 bytes)
[2026-09-18 23:24:41] [Info] [hammerspace.main] [GPL] appended custom submesh 'custom0' as submesh 3 (host bone 52, template builtin:rigid_spec_v1)
[2026-09-18 23:24:41] [Info] [hammerspace.main] [CloneACT] 7,392 bytes from block+0x1FA40
[2026-09-18 23:24:41] [Info] [hammerspace.main] [ACT] custom submesh 'custom0': bone 52 GeoId -> 3 at ACT+0x5E4 (section-relative; stable across hammerspace relocation)
[2026-09-18 23:24:41] [Info] [hammerspace.main] [CloneACT] 7,392 bytes from block+0x1FA40
[2026-09-18 23:24:41] [Info] [hammerspace.main] [BuildTEX] built 5 texture(s), 5 image payload(s), 0 palette payload(s); section size 248,000 bytes
[2026-09-18 23:24:41] [Info] [hammerspace.main] [CloneHEADER] 0x20 bytes from offset 0x04AA6C20
[2026-09-18 23:24:41] [Info] [hammerspace.main] [HDR] +0x18 patched: 0x00067520 → 0x00078CC0
[2026-09-18 23:24:41] [Info] [hammerspace.main] Build validation report:
    {
      "valid": true,
      "errors": [],
      "warnings": [],
      "section_modes": {
        "GPL": "build",
        "ACT": "clone",
        "TEX": "build",
        "SKN": "build",
        "trailing": "clone"
      },
      "section_sizes": {
        "GPL": 201124,
        "ACT": 7392,
        "TEX": 248000,
        "SKN": 38208,
        "trailing": 10560
      },
      "section_pointers": {
        "GPL": 32,
        "ACT": 201184,
        "TEX": 208576,
        "SKN": 456576
      },
      "assembled_size": 505344,
      "original_size": 433760,
      "size_delta": 71584,
      "validator_facts": {
        "section_pointers": {
          "GPL": 32,
          "ACT": 201184,
          "TEX": 208576,
          "SKN": 456576,
          "ptr6": 0,
          "ptr7": 494784,
          "ptr8": 0
        },
        "section_ranges": {
          "GPL": {
            "start": 32,
            "end": 201184
          },
          "ACT": {
            "start": 201184,
            "end": 208576
          },
          "TEX": {
            "start": 208576,
            "end": 456576
          },
          "SKN": {
            "start": 456576,
            "end": 494784
          },
          "ptr7": {
            "start": 494784,
            "end": 505344
          }
        },
        "section_sizes": {
          "GPL": 201152,
          "ACT": 7392,
          "TEX": 248000,
          "SKN": 38208,
          "ptr7": 10560
        },
        "alignment": {
          "checked": 229,
          "failed": 0
        },
        "gpl_texture_references": [
          {
            "submesh": 0,
            "display_state": 0,
            "texture_index": 0
          },
          {
            "submesh": 0,
            "display_state": 1,
            "texture_index": 4
          },
          {
            "submesh": 0,
            "display_state": 6,
            "texture_index": 1
          },
          {
            "submesh": 0,
            "display_state": 7,
            "texture_index": 3
          },
          {
            "submesh": 0,
            "display_state": 10,
            "texture_index": 3
          },
          {
            "submesh": 0,
            "display_state": 12,
            "texture_index": 0
          },
          {
            "submesh": 0,
            "display_state": 15,
            "texture_index": 1
          },
          {
            "submesh": 1,
            "display_state": 0,
            "texture_index": 0
          },
          {
            "submesh": 1,
            "display_state": 1,
            "texture_index": 4
          },
          {
            "submesh": 2,
            "display_state": 0,
            "texture_index": 2
          },
          {
            "submesh": 2,
            "display_state": 1,
            "texture_index": 4
          },
          {
            "submesh": 2,
            "display_state": 6,
            "texture_index": 2
          },
          {
            "submesh": 2,
            "display_state": 7,
            "texture_index": 1
          },
          {
            "submesh": 2,
            "display_state": 8,
            "texture_index": 1
          },
          {
            "submesh": 3,
            "display_state": 0,
            "texture_index": 0
          },
          {
            "submesh": 3,
            "display_state": 1,
            "texture_index": 4
          }
        ],
        "primitive_lists_validated": 606,
        "gpl_submesh_layout": [
          {
            "position_count": 1852,
            "position_comp_count": 6,
            "position_quantize_info": 59,
            "normal_count": 1852,
            "normal_comp_count": 6,
            "normal_quantize_info": 59
          },
          {
            "position_count": 211,
            "position_comp_count": 3,
            "position_quantize_info": 59,
            "normal_count": 211,
            "normal_comp_count": 3,
            "normal_quantize_info": 62
          },
          {
            "position_count": 786,
            "position_comp_count": 3,
            "position_quantize_info": 59,
            "normal_count": 826,
            "normal_comp_count": 3,
            "normal_quantize_info": 62
          },
          {
            "position_count": 1055,
            "position_comp_count": 3,
            "position_quantize_info": 59,
            "normal_count": 1052,
            "normal_comp_count": 3,
            "normal_quantize_info": 62
          }
        ],
        "tex_texture_count": 5,
        "tex_clut_count": 0,
        "act_bone_count": 91,
        "act_geo_id_owners": {
          "1": [
            54
          ],
          "2": [
            55
          ],
          "3": [
            52
          ]
        },
        "act_shared_geo_ids": [],
        "ptr7_facial_objects_validated": 2,
        "skinned_position_offsets": [
          160
        ],
        "primitive_offsets": [
          30688,
          52928,
          61216,
          70240,
          79616,
          82112,
          87424,
          106336,
          107296,
          108160,
          119584,
          144640
        ],
        "scratch_write_ends": [
          22248,
          648,
          780,
          1944,
          2280,
          2412,
          3576,
          3912,
          4656,
          5712,
          5856,
          5916,
          6024,
          6216,
          6300,
          6408,
          6600,
          6684,
          6792,
          6984,
          7044,
          7188,
          7368,
          7512,
          8556,
          8700,
          8772,
          8904,
          9096,
          9180,
          9288,
          9480,
          9564,
          9672,
          9864,
          9924,
          10068,
          10248,
          10392,
          10524,
          11136,
          11748,
          14304,
          15036,
          15276,
          15432,
          16188,
          16428,
          16584,
          17748,
          17856,
          17952,
          18276,
          18552,
          18684,
          19392,
          19476,
          19632,
          19740,
          19812,
          20172,
          20436,
          20568,
          21276,
          21372,
          21552,
          21660,
          21732,
          20316,
          18432,
          21792,
          14460,
          15612,
          16872,
          21780,
          16764,
          17040,
          21792,
          19428,
          21324,
          21840,
          21864,
          21912,
          21960,
          22008,
          21888,
          21888,
          21936,
          21936,
          21984,
          21984,
          22008,
          22056,
          22080,
          22128,
          22176,
          22224,
          22104,
          22104,
          22152,
          22152,
          22200,
          22200,
          22224
        ],
        "skn_stride": 12
      },
      "root_scale_applied": false
    }
[2026-09-18 23:24:41] [Info] [hammerspace.helper] Patched DOL entry: chunk=18, file_index=0, offset=0x2BE6E620, length=0x7B600
[2026-09-18 23:24:41] [Info] [hammerspace.helper] Patched DOL entry: chunk=0, file_index=57, offset=0x2BE6E620, length=0x7B600
[2026-09-18 23:24:41] [Info] [hammerspace.helper] Patched DOL entry: chunk=1, file_index=56, offset=0x2BE6E620, length=0x7B600
[2026-09-18 23:24:41] [Info] [hammerspace.helper] Patched DOL entry: chunk=2, file_index=55, offset=0x2BE6E620, length=0x7B600
[2026-09-18 23:24:41] [Info] [hammerspace.helper] Patched DOL entry: chunk=3, file_index=48, offset=0x2BE6E620, length=0x7B600
[2026-09-18 23:24:41] [Info] [hammerspace.helper] Patched DOL entry: chunk=4, file_index=47, offset=0x2BE6E620, length=0x7B600
[2026-09-18 23:24:41] [Info] [hammerspace.helper] Patched DOL entry: chunk=5, file_index=46, offset=0x2BE6E620, length=0x7B600
[2026-09-18 23:24:41] [Info] [hammerspace.helper] Patched DOL entry: chunk=6, file_index=43, offset=0x2BE6E620, length=0x7B600
[2026-09-18 23:24:41] [Info] [hammerspace.helper] Patched DOL entry: chunk=7, file_index=42, offset=0x2BE6E620, length=0x7B600
[2026-09-18 23:24:41] [Info] [hammerspace.helper] Patched DOL entry: chunk=8, file_index=38, offset=0x2BE6E620, length=0x7B600
[2026-09-18 23:24:41] [Info] [hammerspace.helper] Patched DOL entry: chunk=9, file_index=33, offset=0x2BE6E620, length=0x7B600
[2026-09-18 23:24:41] [Info] [hammerspace.helper] Patched DOL entry: chunk=10, file_index=30, offset=0x2BE6E620, length=0x7B600
[2026-09-18 23:24:41] [Info] [hammerspace.helper] Patched DOL entry: chunk=11, file_index=25, offset=0x2BE6E620, length=0x7B600
[2026-09-18 23:24:41] [Info] [hammerspace.helper] Patched DOL entry: chunk=12, file_index=21, offset=0x2BE6E620, length=0x7B600
[2026-09-18 23:24:41] [Info] [hammerspace.helper] Patched DOL entry: chunk=13, file_index=17, offset=0x2BE6E620, length=0x7B600
[2026-09-18 23:24:41] [Info] [hammerspace.helper] Patched DOL entry: chunk=14, file_index=14, offset=0x2BE6E620, length=0x7B600
[2026-09-18 23:24:41] [Info] [hammerspace.helper] Patched DOL entry: chunk=15, file_index=10, offset=0x2BE6E620, length=0x7B600
[2026-09-18 23:24:41] [Info] [hammerspace.helper] Patched DOL entry: chunk=16, file_index=5, offset=0x2BE6E620, length=0x7B600
[2026-09-18 23:24:41] [Info] [hammerspace.helper] Patched DOL entry: chunk=17, file_index=2, offset=0x2BE6E620, length=0x7B600
[2026-09-18 23:24:41] [Info] [hammerspace.helper] Zeroing original model data: 0x04AA6C20, 433,760 bytes ...
[2026-09-18 23:24:41] [Info] [hammerspace.helper]     Zeroed 433,760 bytes at original location.
[2026-09-18 23:24:41] [Info] [hammerspace.helper] [Debug] Original block    → E:\Sluggies\Sluggies-dat-tools\3_Output_Dat\SluggDebugg\78277664_mario.gpl.sluggie_Original.SluggDebugg
[2026-09-18 23:24:41] [Info] [hammerspace.helper] [Debug] Hammerspace block → E:\Sluggies\Sluggies-dat-tools\3_Output_Dat\SluggDebugg\78277664_mario.gpl.sluggie_Hammerspace.SluggDebugg
[2026-09-18 23:24:41] [Info] [hammerspace.main] Hammerspace Log: Written | Model: 78277664_mario.gpl.sluggie | Chunk: 18 | File: 0 | Address: 0x2BE6E620 | Size: 0.48 MB | Modes: {'GPL': 'build', 'ACT': 'clone', 'TEX': 'build', 'SKN': 'build', 'trailing': 'clone'}
[2026-09-18 23:24:41] [Info] [dispatcher] Command completed
[2026-09-18 23:28:31] [Info] [dispatcher] Command (StartTools.bat): start.py --patch 78711424_L_mario.gpl.sluggie
[2026-09-18 23:28:31] [Info] [dispatcher] Batch menu selection: 5 - Patch model(s)
[2026-09-18 23:28:31] [Info] [dispatcher] Batch model file input: '78711424_L_mario.gpl.sluggie'
[2026-09-18 23:28:32] [Info] [dispatcher] Found: E:\Sluggies\Sluggies-dat-tools\2_Output_Models\18 Mario\78711424_L_mario.gpl\78711424_L_mario.gpl.sluggie
[2026-09-18 23:28:32] [Info] [hammerspace.main] [CloneGPL] 49,152 bytes from block+0x20
[2026-09-18 23:28:32] [Info] [hammerspace.main] [GPL] patched position array sub0 at GPL+0x60 (8,940 bytes)
[2026-09-18 23:28:32] [Info] [hammerspace.main] [GPL] appended custom submesh 'custom1' as submesh 3 (host bone 91, template builtin:rigid_spec_v1)
[2026-09-18 23:28:32] [Info] [hammerspace.main] [CloneACT] 7,392 bytes from block+0xC020
[2026-09-18 23:28:32] [Info] [hammerspace.main] [CloneACT] 7,392 bytes from block+0xC020
[2026-09-18 23:28:32] [Info] [hammerspace.main] [CloneTEX] No TEX section
[2026-09-18 23:28:32] [Info] [hammerspace.main] [CloneTrailing] No ptr6/ptr7/ptr8 sections
[2026-09-18 23:28:32] [Info] [hammerspace.main] [CloneHEADER] 0x20 bytes from offset 0x04B10A80
[2026-09-18 23:28:32] [Info] [hammerspace.main] Build validation report:
    {
      "valid": true,
      "errors": [],
      "warnings": [],
      "section_modes": {
        "GPL": "build",
        "ACT": "clone",
        "TEX": "clone",
        "SKN": "build",
        "trailing": "clone"
      },
      "section_sizes": {
        "GPL": 67172,
        "ACT": 7472,
        "TEX": 0,
        "SKN": 21408,
        "trailing": 0
      },
      "section_pointers": {
        "GPL": 32,
        "ACT": 67232,
        "TEX": 0,
        "SKN": 74720
      },
      "assembled_size": 96128,
      "original_size": 77984,
      "size_delta": 18144,
      "validator_facts": {
        "section_pointers": {
          "GPL": 32,
          "ACT": 67232,
          "TEX": 0,
          "SKN": 74720,
          "ptr6": 0,
          "ptr7": 0,
          "ptr8": 0
        },
        "section_ranges": {
          "GPL": {
            "start": 32,
            "end": 67232
          },
          "ACT": {
            "start": 67232,
            "end": 74720
          },
          "SKN": {
            "start": 74720,
            "end": 96128
          }
        },
        "section_sizes": {
          "GPL": 67200,
          "ACT": 7488,
          "SKN": 21408
        },
        "alignment": {
          "checked": 205,
          "failed": 0
        },
        "gpl_texture_references": [
          {
            "submesh": 0,
            "display_state": 0,
            "texture_index": 0
          },
          {
            "submesh": 0,
            "display_state": 1,
            "texture_index": 4
          },
          {
            "submesh": 0,
            "display_state": 6,
            "texture_index": 1
          },
          {
            "submesh": 0,
            "display_state": 7,
            "texture_index": 3
          },
          {
            "submesh": 0,
            "display_state": 10,
            "texture_index": 3
          },
          {
            "submesh": 0,
            "display_state": 12,
            "texture_index": 0
          },
          {
            "submesh": 1,
            "display_state": 0,
            "texture_index": 0
          },
          {
            "submesh": 1,
            "display_state": 1,
            "texture_index": 4
          },
          {
            "submesh": 2,
            "display_state": 0,
            "texture_index": 2
          },
          {
            "submesh": 2,
            "display_state": 1,
            "texture_index": 4
          },
          {
            "submesh": 2,
            "display_state": 6,
            "texture_index": 2
          },
          {
            "submesh": 2,
            "display_state": 7,
            "texture_index": 1
          },
          {
            "submesh": 2,
            "display_state": 9,
            "texture_index": 1
          },
          {
            "submesh": 3,
            "display_state": 0,
            "texture_index": 0
          },
          {
            "submesh": 3,
            "display_state": 1,
            "texture_index": 4
          }
        ],
        "primitive_lists_validated": 201,
        "gpl_submesh_layout": [
          {
            "position_count": 745,
            "position_comp_count": 6,
            "position_quantize_info": 59,
            "normal_count": 745,
            "normal_comp_count": 6,
            "normal_quantize_info": 59
          },
          {
            "position_count": 70,
            "position_comp_count": 3,
            "position_quantize_info": 59,
            "normal_count": 70,
            "normal_comp_count": 3,
            "normal_quantize_info": 62
          },
          {
            "position_count": 280,
            "position_comp_count": 3,
            "position_quantize_info": 59,
            "normal_count": 284,
            "normal_comp_count": 3,
            "normal_quantize_info": 62
          },
          {
            "position_count": 350,
            "position_comp_count": 3,
            "position_quantize_info": 59,
            "normal_count": 318,
            "normal_comp_count": 3,
            "normal_quantize_info": 62
          }
        ],
        "act_bone_count": 92,
        "act_geo_id_owners": {
          "1": [
            54
          ],
          "2": [
            55
          ],
          "3": [
            91
          ]
        },
        "act_shared_geo_ids": [],
        "skinned_position_offsets": [
          160
        ],
        "primitive_offsets": [
          13440,
          20800,
          23648,
          28800,
          33952,
          35904,
          42528,
          43008,
          43520,
          45152,
          54112
        ],
        "scratch_write_ends": [
          8960,
          144,
          240,
          612,
          732,
          816,
          1188,
          1308,
          1440,
          1908,
          1992,
          2076,
          2172,
          2232,
          2292,
          2436,
          2508,
          2580,
          2676,
          2736,
          2880,
          2952,
          3444,
          3492,
          3600,
          3720,
          3792,
          3888,
          4032,
          4092,
          4224,
          4308,
          4404,
          4572,
          4740,
          5316,
          5580,
          5664,
          5712,
          5964,
          6048,
          6096,
          6492,
          6612,
          6720,
          6792,
          7104,
          7176,
          7284,
          7332,
          7404,
          7572,
          7680,
          7752,
          8064,
          8124,
          8196,
          8364,
          8436,
          8640,
          8592,
          6168,
          8628,
          8604,
          8640,
          8568,
          7152,
          8556,
          8100,
          8664,
          8784,
          8868,
          8904,
          8916,
          8556,
          8568,
          8712,
          8688,
          8748,
          8736,
          8736,
          8760,
          8760,
          8808,
          8808,
          8856,
          8844,
          8880,
          8880,
          8892,
          8892,
          8904,
          8940,
          8940
        ],
        "skn_stride": 12
      },
      "root_scale_applied": false
    }
[2026-09-18 23:28:32] [Info] [hammerspace.helper] Patched DOL entry: chunk=18, file_index=1, offset=0x2BEE9C20, length=0x17780
[2026-09-18 23:28:32] [Info] [hammerspace.helper] Patched DOL entry: chunk=0, file_index=58, offset=0x2BEE9C20, length=0x17780
[2026-09-18 23:28:32] [Info] [hammerspace.helper] Patched DOL entry: chunk=1, file_index=57, offset=0x2BEE9C20, length=0x17780
[2026-09-18 23:28:32] [Info] [hammerspace.helper] Patched DOL entry: chunk=2, file_index=56, offset=0x2BEE9C20, length=0x17780
[2026-09-18 23:28:32] [Info] [hammerspace.helper] Patched DOL entry: chunk=3, file_index=49, offset=0x2BEE9C20, length=0x17780
[2026-09-18 23:28:32] [Info] [hammerspace.helper] Patched DOL entry: chunk=4, file_index=48, offset=0x2BEE9C20, length=0x17780
[2026-09-18 23:28:32] [Info] [hammerspace.helper] Patched DOL entry: chunk=5, file_index=47, offset=0x2BEE9C20, length=0x17780
[2026-09-18 23:28:32] [Info] [hammerspace.helper] Patched DOL entry: chunk=6, file_index=44, offset=0x2BEE9C20, length=0x17780
[2026-09-18 23:28:32] [Info] [hammerspace.helper] Patched DOL entry: chunk=7, file_index=43, offset=0x2BEE9C20, length=0x17780
[2026-09-18 23:28:32] [Info] [hammerspace.helper] Patched DOL entry: chunk=8, file_index=39, offset=0x2BEE9C20, length=0x17780
[2026-09-18 23:28:32] [Info] [hammerspace.helper] Patched DOL entry: chunk=9, file_index=34, offset=0x2BEE9C20, length=0x17780
[2026-09-18 23:28:32] [Info] [hammerspace.helper] Patched DOL entry: chunk=10, file_index=31, offset=0x2BEE9C20, length=0x17780
[2026-09-18 23:28:32] [Info] [hammerspace.helper] Patched DOL entry: chunk=11, file_index=26, offset=0x2BEE9C20, length=0x17780
[2026-09-18 23:28:32] [Info] [hammerspace.helper] Patched DOL entry: chunk=12, file_index=22, offset=0x2BEE9C20, length=0x17780
[2026-09-18 23:28:32] [Info] [hammerspace.helper] Patched DOL entry: chunk=13, file_index=18, offset=0x2BEE9C20, length=0x17780
[2026-09-18 23:28:32] [Info] [hammerspace.helper] Patched DOL entry: chunk=14, file_index=15, offset=0x2BEE9C20, length=0x17780
[2026-09-18 23:28:32] [Info] [hammerspace.helper] Patched DOL entry: chunk=15, file_index=11, offset=0x2BEE9C20, length=0x17780
[2026-09-18 23:28:32] [Info] [hammerspace.helper] Patched DOL entry: chunk=16, file_index=6, offset=0x2BEE9C20, length=0x17780
[2026-09-18 23:28:32] [Info] [hammerspace.helper] Patched DOL entry: chunk=17, file_index=3, offset=0x2BEE9C20, length=0x17780
[2026-09-18 23:28:32] [Info] [hammerspace.helper] Zeroing original model data: 0x04B10A80, 77,984 bytes ...
[2026-09-18 23:28:32] [Info] [hammerspace.helper]     Zeroed 77,984 bytes at original location.
[2026-09-18 23:28:32] [Info] [hammerspace.helper] [Debug] Original block    → E:\Sluggies\Sluggies-dat-tools\3_Output_Dat\SluggDebugg\78711424_L_mario.gpl.sluggie_Original.SluggDebugg
[2026-09-18 23:28:32] [Info] [hammerspace.helper] [Debug] Hammerspace block → E:\Sluggies\Sluggies-dat-tools\3_Output_Dat\SluggDebugg\78711424_L_mario.gpl.sluggie_Hammerspace.SluggDebugg
[2026-09-18 23:28:32] [Info] [hammerspace.main] Hammerspace Log: Written | Model: 78711424_L_mario.gpl.sluggie | Chunk: 18 | File: 1 | Address: 0x2BEE9C20 | Size: 0.09 MB | Modes: {'GPL': 'build', 'ACT': 'clone', 'TEX': 'clone', 'SKN': 'build', 'trailing': 'clone'}
[2026-09-18 23:28:32] [Info] [dispatcher] Command completed
[2026-09-18 23:30:38] [Info] [dispatcher] Command (StartTools.bat): start.py --patch 78711424_L_mario.gpl.sluggie
[2026-09-18 23:30:38] [Info] [dispatcher] Batch menu selection: 5 - Patch model(s)
[2026-09-18 23:30:38] [Info] [dispatcher] Batch model file input: '78711424_L_mario.gpl.sluggie'
[2026-09-18 23:30:38] [Info] [dispatcher] Found: E:\Sluggies\Sluggies-dat-tools\2_Output_Models\18 Mario\78711424_L_mario.gpl\78711424_L_mario.gpl.sluggie
[2026-09-18 23:30:38] [Info] [hammerspace.main] [CloneGPL] 49,152 bytes from block+0x20
[2026-09-18 23:30:38] [Info] [hammerspace.main] [GPL] patched position array sub0 at GPL+0x60 (8,940 bytes)
[2026-09-18 23:30:38] [Info] [hammerspace.main] [GPL] appended custom submesh 'custom1' as submesh 3 (host bone 91, template builtin:rigid_spec_v1)
[2026-09-18 23:30:38] [Info] [hammerspace.main] [CloneACT] 7,392 bytes from block+0xC020
[2026-09-18 23:30:38] [Info] [hammerspace.main] [CloneACT] 7,392 bytes from block+0xC020
[2026-09-18 23:30:38] [Info] [hammerspace.main] [CloneTEX] No TEX section
[2026-09-18 23:30:38] [Info] [hammerspace.main] [CloneTrailing] No ptr6/ptr7/ptr8 sections
[2026-09-18 23:30:38] [Info] [hammerspace.main] [CloneHEADER] 0x20 bytes from offset 0x04B10A80
[2026-09-18 23:30:38] [Info] [hammerspace.main] Build validation report:
    {
      "valid": true,
      "errors": [],
      "warnings": [],
      "section_modes": {
        "GPL": "build",
        "ACT": "clone",
        "TEX": "clone",
        "SKN": "build",
        "trailing": "clone"
      },
      "section_sizes": {
        "GPL": 67172,
        "ACT": 7472,
        "TEX": 0,
        "SKN": 21408,
        "trailing": 0
      },
      "section_pointers": {
        "GPL": 32,
        "ACT": 67232,
        "TEX": 0,
        "SKN": 74720
      },
      "assembled_size": 96128,
      "original_size": 77984,
      "size_delta": 18144,
      "validator_facts": {
        "section_pointers": {
          "GPL": 32,
          "ACT": 67232,
          "TEX": 0,
          "SKN": 74720,
          "ptr6": 0,
          "ptr7": 0,
          "ptr8": 0
        },
        "section_ranges": {
          "GPL": {
            "start": 32,
            "end": 67232
          },
          "ACT": {
            "start": 67232,
            "end": 74720
          },
          "SKN": {
            "start": 74720,
            "end": 96128
          }
        },
        "section_sizes": {
          "GPL": 67200,
          "ACT": 7488,
          "SKN": 21408
        },
        "alignment": {
          "checked": 205,
          "failed": 0
        },
        "gpl_texture_references": [
          {
            "submesh": 0,
            "display_state": 0,
            "texture_index": 0
          },
          {
            "submesh": 0,
            "display_state": 1,
            "texture_index": 4
          },
          {
            "submesh": 0,
            "display_state": 6,
            "texture_index": 1
          },
          {
            "submesh": 0,
            "display_state": 7,
            "texture_index": 3
          },
          {
            "submesh": 0,
            "display_state": 10,
            "texture_index": 3
          },
          {
            "submesh": 0,
            "display_state": 12,
            "texture_index": 0
          },
          {
            "submesh": 1,
            "display_state": 0,
            "texture_index": 0
          },
          {
            "submesh": 1,
            "display_state": 1,
            "texture_index": 4
          },
          {
            "submesh": 2,
            "display_state": 0,
            "texture_index": 2
          },
          {
            "submesh": 2,
            "display_state": 1,
            "texture_index": 4
          },
          {
            "submesh": 2,
            "display_state": 6,
            "texture_index": 2
          },
          {
            "submesh": 2,
            "display_state": 7,
            "texture_index": 1
          },
          {
            "submesh": 2,
            "display_state": 9,
            "texture_index": 1
          },
          {
            "submesh": 3,
            "display_state": 0,
            "texture_index": 0
          },
          {
            "submesh": 3,
            "display_state": 1,
            "texture_index": 4
          }
        ],
        "primitive_lists_validated": 201,
        "gpl_submesh_layout": [
          {
            "position_count": 745,
            "position_comp_count": 6,
            "position_quantize_info": 59,
            "normal_count": 745,
            "normal_comp_count": 6,
            "normal_quantize_info": 59
          },
          {
            "position_count": 70,
            "position_comp_count": 3,
            "position_quantize_info": 59,
            "normal_count": 70,
            "normal_comp_count": 3,
            "normal_quantize_info": 62
          },
          {
            "position_count": 280,
            "position_comp_count": 3,
            "position_quantize_info": 59,
            "normal_count": 284,
            "normal_comp_count": 3,
            "normal_quantize_info": 62
          },
          {
            "position_count": 350,
            "position_comp_count": 3,
            "position_quantize_info": 59,
            "normal_count": 318,
            "normal_comp_count": 3,
            "normal_quantize_info": 62
          }
        ],
        "act_bone_count": 92,
        "act_geo_id_owners": {
          "1": [
            54
          ],
          "2": [
            55
          ],
          "3": [
            91
          ]
        },
        "act_shared_geo_ids": [],
        "skinned_position_offsets": [
          160
        ],
        "primitive_offsets": [
          13440,
          20800,
          23648,
          28800,
          33952,
          35904,
          42528,
          43008,
          43520,
          45152,
          54112
        ],
        "scratch_write_ends": [
          8960,
          144,
          240,
          612,
          732,
          816,
          1188,
          1308,
          1440,
          1908,
          1992,
          2076,
          2172,
          2232,
          2292,
          2436,
          2508,
          2580,
          2676,
          2736,
          2880,
          2952,
          3444,
          3492,
          3600,
          3720,
          3792,
          3888,
          4032,
          4092,
          4224,
          4308,
          4404,
          4572,
          4740,
          5316,
          5580,
          5664,
          5712,
          5964,
          6048,
          6096,
          6492,
          6612,
          6720,
          6792,
          7104,
          7176,
          7284,
          7332,
          7404,
          7572,
          7680,
          7752,
          8064,
          8124,
          8196,
          8364,
          8436,
          8640,
          8592,
          6168,
          8628,
          8604,
          8640,
          8568,
          7152,
          8556,
          8100,
          8664,
          8784,
          8868,
          8904,
          8916,
          8556,
          8568,
          8712,
          8688,
          8748,
          8736,
          8736,
          8760,
          8760,
          8808,
          8808,
          8856,
          8844,
          8880,
          8880,
          8892,
          8892,
          8904,
          8940,
          8940
        ],
        "skn_stride": 12
      },
      "root_scale_applied": false
    }
[2026-09-18 23:30:38] [Info] [hammerspace.main] Model already in hammerspace at 0x2BEE9C20; keeping the old route live until replacement commits
[2026-09-18 23:30:38] [Info] [hammerspace.helper] Patched DOL entry: chunk=18, file_index=1, offset=0x2BF013A0, length=0x17780
[2026-09-18 23:30:38] [Info] [hammerspace.helper] Patched DOL entry: chunk=0, file_index=58, offset=0x2BF013A0, length=0x17780
[2026-09-18 23:30:38] [Info] [hammerspace.helper] Patched DOL entry: chunk=1, file_index=57, offset=0x2BF013A0, length=0x17780
[2026-09-18 23:30:38] [Info] [hammerspace.helper] Patched DOL entry: chunk=2, file_index=56, offset=0x2BF013A0, length=0x17780
[2026-09-18 23:30:38] [Info] [hammerspace.helper] Patched DOL entry: chunk=3, file_index=49, offset=0x2BF013A0, length=0x17780
[2026-09-18 23:30:38] [Info] [hammerspace.helper] Patched DOL entry: chunk=4, file_index=48, offset=0x2BF013A0, length=0x17780
[2026-09-18 23:30:38] [Info] [hammerspace.helper] Patched DOL entry: chunk=5, file_index=47, offset=0x2BF013A0, length=0x17780
[2026-09-18 23:30:38] [Info] [hammerspace.helper] Patched DOL entry: chunk=6, file_index=44, offset=0x2BF013A0, length=0x17780
[2026-09-18 23:30:38] [Info] [hammerspace.helper] Patched DOL entry: chunk=7, file_index=43, offset=0x2BF013A0, length=0x17780
[2026-09-18 23:30:38] [Info] [hammerspace.helper] Patched DOL entry: chunk=8, file_index=39, offset=0x2BF013A0, length=0x17780
[2026-09-18 23:30:38] [Info] [hammerspace.helper] Patched DOL entry: chunk=9, file_index=34, offset=0x2BF013A0, length=0x17780
[2026-09-18 23:30:38] [Info] [hammerspace.helper] Patched DOL entry: chunk=10, file_index=31, offset=0x2BF013A0, length=0x17780
[2026-09-18 23:30:38] [Info] [hammerspace.helper] Patched DOL entry: chunk=11, file_index=26, offset=0x2BF013A0, length=0x17780
[2026-09-18 23:30:38] [Info] [hammerspace.helper] Patched DOL entry: chunk=12, file_index=22, offset=0x2BF013A0, length=0x17780
[2026-09-18 23:30:38] [Info] [hammerspace.helper] Patched DOL entry: chunk=13, file_index=18, offset=0x2BF013A0, length=0x17780
[2026-09-18 23:30:38] [Info] [hammerspace.helper] Patched DOL entry: chunk=14, file_index=15, offset=0x2BF013A0, length=0x17780
[2026-09-18 23:30:38] [Info] [hammerspace.helper] Patched DOL entry: chunk=15, file_index=11, offset=0x2BF013A0, length=0x17780
[2026-09-18 23:30:38] [Info] [hammerspace.helper] Patched DOL entry: chunk=16, file_index=6, offset=0x2BF013A0, length=0x17780
[2026-09-18 23:30:38] [Info] [hammerspace.helper] Patched DOL entry: chunk=17, file_index=3, offset=0x2BF013A0, length=0x17780
[2026-09-18 23:30:38] [Info] [hammerspace.helper] Zeroing original model data: 0x04B10A80, 77,984 bytes ...
[2026-09-18 23:30:38] [Info] [hammerspace.helper]     Zeroed 77,984 bytes at original location.
[2026-09-18 23:30:38] [Info] [hammerspace.main] Hammerspace Log: Replaced | Model: 78711424_L_mario.gpl.sluggie | Old address: 0x2BEE9C20 | Old size: 0.09 MB
[2026-09-18 23:30:38] [Info] [hammerspace.helper] [Debug] Original block    → E:\Sluggies\Sluggies-dat-tools\3_Output_Dat\SluggDebugg\78711424_L_mario.gpl.sluggie_Original.SluggDebugg
[2026-09-18 23:30:38] [Info] [hammerspace.helper] [Debug] Hammerspace block → E:\Sluggies\Sluggies-dat-tools\3_Output_Dat\SluggDebugg\78711424_L_mario.gpl.sluggie_Hammerspace.SluggDebugg
[2026-09-18 23:30:38] [Info] [hammerspace.main] Hammerspace Log: Written | Model: 78711424_L_mario.gpl.sluggie | Chunk: 18 | File: 1 | Address: 0x2BF013A0 | Size: 0.09 MB | Modes: {'GPL': 'build', 'ACT': 'clone', 'TEX': 'clone', 'SKN': 'build', 'trailing': 'clone'}
[2026-09-18 23:30:38] [Info] [dispatcher] Command completed
[2026-09-18 23:49:36] [Info] [dispatcher] Command (StartTools.bat): start.py --patch 78711424_L_mario.gpl.sluggie
[2026-09-18 23:49:36] [Info] [dispatcher] Batch menu selection: 5 - Patch model(s)
[2026-09-18 23:49:36] [Info] [dispatcher] Batch model file input: '78711424_L_mario.gpl.sluggie'
[2026-09-18 23:49:36] [Info] [dispatcher] Found: E:\Sluggies\Sluggies-dat-tools\2_Output_Models\18 Mario\78711424_L_mario.gpl\78711424_L_mario.gpl.sluggie
[2026-09-18 23:49:37] [Info] [hammerspace.main] [CloneGPL] 49,152 bytes from block+0x20
[2026-09-18 23:49:37] [Info] [hammerspace.main] [GPL] patched position array sub0 at GPL+0x60 (8,940 bytes)
[2026-09-18 23:49:37] [Info] [hammerspace.main] [GPL] appended custom submesh 'custom1' as submesh 3 (host bone 91, template builtin:rigid_spec_v1)
[2026-09-18 23:49:37] [Info] [hammerspace.main] [CloneACT] 7,392 bytes from block+0xC020
[2026-09-18 23:49:37] [Info] [hammerspace.main] [CloneACT] 7,392 bytes from block+0xC020
[2026-09-18 23:49:37] [Info] [hammerspace.main] [CloneTEX] No TEX section
[2026-09-18 23:49:37] [Info] [hammerspace.main] [CloneTrailing] No ptr6/ptr7/ptr8 sections
[2026-09-18 23:49:37] [Info] [hammerspace.main] [CloneHEADER] 0x20 bytes from offset 0x04B10A80
[2026-09-18 23:49:37] [Info] [hammerspace.main] Build validation report:
    {
      "valid": true,
      "errors": [],
      "warnings": [],
      "section_modes": {
        "GPL": "build",
        "ACT": "clone",
        "TEX": "clone",
        "SKN": "build",
        "trailing": "clone"
      },
      "section_sizes": {
        "GPL": 67748,
        "ACT": 7472,
        "TEX": 0,
        "SKN": 21408,
        "trailing": 0
      },
      "section_pointers": {
        "GPL": 32,
        "ACT": 67808,
        "TEX": 0,
        "SKN": 75296
      },
      "assembled_size": 96704,
      "original_size": 77984,
      "size_delta": 18720,
      "validator_facts": {
        "section_pointers": {
          "GPL": 32,
          "ACT": 67808,
          "TEX": 0,
          "SKN": 75296,
          "ptr6": 0,
          "ptr7": 0,
          "ptr8": 0
        },
        "section_ranges": {
          "GPL": {
            "start": 32,
            "end": 67808
          },
          "ACT": {
            "start": 67808,
            "end": 75296
          },
          "SKN": {
            "start": 75296,
            "end": 96704
          }
        },
        "section_sizes": {
          "GPL": 67776,
          "ACT": 7488,
          "SKN": 21408
        },
        "alignment": {
          "checked": 205,
          "failed": 0
        },
        "gpl_texture_references": [
          {
            "submesh": 0,
            "display_state": 0,
            "texture_index": 0
          },
          {
            "submesh": 0,
            "display_state": 1,
            "texture_index": 4
          },
          {
            "submesh": 0,
            "display_state": 6,
            "texture_index": 1
          },
          {
            "submesh": 0,
            "display_state": 7,
            "texture_index": 3
          },
          {
            "submesh": 0,
            "display_state": 10,
            "texture_index": 3
          },
          {
            "submesh": 0,
            "display_state": 12,
            "texture_index": 0
          },
          {
            "submesh": 1,
            "display_state": 0,
            "texture_index": 0
          },
          {
            "submesh": 1,
            "display_state": 1,
            "texture_index": 4
          },
          {
            "submesh": 2,
            "display_state": 0,
            "texture_index": 2
          },
          {
            "submesh": 2,
            "display_state": 1,
            "texture_index": 4
          },
          {
            "submesh": 2,
            "display_state": 6,
            "texture_index": 2
          },
          {
            "submesh": 2,
            "display_state": 7,
            "texture_index": 1
          },
          {
            "submesh": 2,
            "display_state": 9,
            "texture_index": 1
          },
          {
            "submesh": 3,
            "display_state": 0,
            "texture_index": 0
          },
          {
            "submesh": 3,
            "display_state": 1,
            "texture_index": 4
          }
        ],
        "primitive_lists_validated": 201,
        "gpl_submesh_layout": [
          {
            "position_count": 745,
            "position_comp_count": 6,
            "position_quantize_info": 59,
            "normal_count": 745,
            "normal_comp_count": 6,
            "normal_quantize_info": 59
          },
          {
            "position_count": 70,
            "position_comp_count": 3,
            "position_quantize_info": 59,
            "normal_count": 70,
            "normal_comp_count": 3,
            "normal_quantize_info": 62
          },
          {
            "position_count": 280,
            "position_comp_count": 3,
            "position_quantize_info": 59,
            "normal_count": 284,
            "normal_comp_count": 3,
            "normal_quantize_info": 62
          },
          {
            "position_count": 350,
            "position_comp_count": 3,
            "position_quantize_info": 59,
            "normal_count": 412,
            "normal_comp_count": 3,
            "normal_quantize_info": 62
          }
        ],
        "act_bone_count": 92,
        "act_geo_id_owners": {
          "1": [
            54
          ],
          "2": [
            55
          ],
          "3": [
            91
          ]
        },
        "act_shared_geo_ids": [],
        "skinned_position_offsets": [
          160
        ],
        "primitive_offsets": [
          13440,
          20800,
          23648,
          28800,
          33952,
          35904,
          42528,
          43008,
          43520,
          45152,
          54688
        ],
        "scratch_write_ends": [
          8960,
          144,
          240,
          612,
          732,
          816,
          1188,
          1308,
          1440,
          1908,
          1992,
          2076,
          2172,
          2232,
          2292,
          2436,
          2508,
          2580,
          2676,
          2736,
          2880,
          2952,
          3444,
          3492,
          3600,
          3720,
          3792,
          3888,
          4032,
          4092,
          4224,
          4308,
          4404,
          4572,
          4740,
          5316,
          5580,
          5664,
          5712,
          5964,
          6048,
          6096,
          6492,
          6612,
          6720,
          6792,
          7104,
          7176,
          7284,
          7332,
          7404,
          7572,
          7680,
          7752,
          8064,
          8124,
          8196,
          8364,
          8436,
          8640,
          8592,
          6168,
          8628,
          8604,
          8640,
          8568,
          7152,
          8556,
          8100,
          8664,
          8784,
          8868,
          8904,
          8916,
          8556,
          8568,
          8712,
          8688,
          8748,
          8736,
          8736,
          8760,
          8760,
          8808,
          8808,
          8856,
          8844,
          8880,
          8880,
          8892,
          8892,
          8904,
          8940,
          8940
        ],
        "skn_stride": 12
      },
      "root_scale_applied": false
    }
[2026-09-18 23:49:37] [Info] [hammerspace.main] Model already in hammerspace at 0x2BF013A0; keeping the old route live until replacement commits
[2026-09-18 23:49:37] [Info] [hammerspace.helper] Patched DOL entry: chunk=18, file_index=1, offset=0x2BF18B20, length=0x179C0
[2026-09-18 23:49:37] [Info] [hammerspace.helper] Patched DOL entry: chunk=0, file_index=58, offset=0x2BF18B20, length=0x179C0
[2026-09-18 23:49:37] [Info] [hammerspace.helper] Patched DOL entry: chunk=1, file_index=57, offset=0x2BF18B20, length=0x179C0
[2026-09-18 23:49:37] [Info] [hammerspace.helper] Patched DOL entry: chunk=2, file_index=56, offset=0x2BF18B20, length=0x179C0
[2026-09-18 23:49:37] [Info] [hammerspace.helper] Patched DOL entry: chunk=3, file_index=49, offset=0x2BF18B20, length=0x179C0
[2026-09-18 23:49:37] [Info] [hammerspace.helper] Patched DOL entry: chunk=4, file_index=48, offset=0x2BF18B20, length=0x179C0
[2026-09-18 23:49:37] [Info] [hammerspace.helper] Patched DOL entry: chunk=5, file_index=47, offset=0x2BF18B20, length=0x179C0
[2026-09-18 23:49:37] [Info] [hammerspace.helper] Patched DOL entry: chunk=6, file_index=44, offset=0x2BF18B20, length=0x179C0
[2026-09-18 23:49:37] [Info] [hammerspace.helper] Patched DOL entry: chunk=7, file_index=43, offset=0x2BF18B20, length=0x179C0
[2026-09-18 23:49:37] [Info] [hammerspace.helper] Patched DOL entry: chunk=8, file_index=39, offset=0x2BF18B20, length=0x179C0
[2026-09-18 23:49:37] [Info] [hammerspace.helper] Patched DOL entry: chunk=9, file_index=34, offset=0x2BF18B20, length=0x179C0
[2026-09-18 23:49:37] [Info] [hammerspace.helper] Patched DOL entry: chunk=10, file_index=31, offset=0x2BF18B20, length=0x179C0
[2026-09-18 23:49:37] [Info] [hammerspace.helper] Patched DOL entry: chunk=11, file_index=26, offset=0x2BF18B20, length=0x179C0
[2026-09-18 23:49:37] [Info] [hammerspace.helper] Patched DOL entry: chunk=12, file_index=22, offset=0x2BF18B20, length=0x179C0
[2026-09-18 23:49:37] [Info] [hammerspace.helper] Patched DOL entry: chunk=13, file_index=18, offset=0x2BF18B20, length=0x179C0
[2026-09-18 23:49:37] [Info] [hammerspace.helper] Patched DOL entry: chunk=14, file_index=15, offset=0x2BF18B20, length=0x179C0
[2026-09-18 23:49:37] [Info] [hammerspace.helper] Patched DOL entry: chunk=15, file_index=11, offset=0x2BF18B20, length=0x179C0
[2026-09-18 23:49:37] [Info] [hammerspace.helper] Patched DOL entry: chunk=16, file_index=6, offset=0x2BF18B20, length=0x179C0
[2026-09-18 23:49:37] [Info] [hammerspace.helper] Patched DOL entry: chunk=17, file_index=3, offset=0x2BF18B20, length=0x179C0
[2026-09-18 23:49:37] [Info] [hammerspace.helper] Zeroing original model data: 0x04B10A80, 77,984 bytes ...
[2026-09-18 23:49:37] [Info] [hammerspace.helper]     Zeroed 77,984 bytes at original location.
[2026-09-18 23:49:37] [Info] [hammerspace.main] Hammerspace Log: Replaced | Model: 78711424_L_mario.gpl.sluggie | Old address: 0x2BF013A0 | Old size: 0.09 MB
[2026-09-18 23:49:37] [Info] [hammerspace.helper] [Debug] Original block    → E:\Sluggies\Sluggies-dat-tools\3_Output_Dat\SluggDebugg\78711424_L_mario.gpl.sluggie_Original.SluggDebugg
[2026-09-18 23:49:37] [Info] [hammerspace.helper] [Debug] Hammerspace block → E:\Sluggies\Sluggies-dat-tools\3_Output_Dat\SluggDebugg\78711424_L_mario.gpl.sluggie_Hammerspace.SluggDebugg
[2026-09-18 23:49:37] [Info] [hammerspace.main] Hammerspace Log: Written | Model: 78711424_L_mario.gpl.sluggie | Chunk: 18 | File: 1 | Address: 0x2BF18B20 | Size: 0.09 MB | Modes: {'GPL': 'build', 'ACT': 'clone', 'TEX': 'clone', 'SKN': 'build', 'trailing': 'clone'}
[2026-09-18 23:49:37] [Info] [dispatcher] Command completed
[2026-09-19 00:03:13] [Info] [hammerspace.main] [CloneACT] 7,392 bytes from block+0x1FA40
[2026-09-19 00:03:13] [Info] [hammerspace.main] [CloneACT] 7,392 bytes from block+0x1FA40
[2026-09-19 00:03:13] [Info] [hammerspace.main] [ACT] custom submesh 'custom0': bone 52 GeoId -> 3 at ACT+0x5E4 (section-relative; stable across hammerspace relocation)
[2026-09-19 00:03:13] [Info] [hammerspace.main] [CloneACT] 7,392 bytes from block+0x1FA40
[2026-09-19 00:03:13] [Info] [hammerspace.main] [ACT] custom submesh 'custom0': bone 52 GeoId -> 3 at ACT+0x5E4 (section-relative; stable across hammerspace relocation)
[2026-09-19 00:03:13] [Info] [hammerspace.main] [CloneACT] 7,392 bytes from block+0x1FA40
[2026-09-19 00:03:13] [Info] [hammerspace.main] [ACT] custom submesh 'custom0': bone 52 GeoId -> 3 at ACT+0x5E4 (section-relative; stable across hammerspace relocation)
[2026-09-19 00:03:13] [Info] [hammerspace.main] [CloneGPL] 129,568 bytes from block+0x20
[2026-09-19 00:03:13] [Info] [hammerspace.main] [GPL] appended custom submesh 'custom0' as submesh 4 (host bone 52, template builtin:rigid_spec_v1)
[2026-09-19 00:03:13] [Info] [hammerspace.main] [CloneACT] 7,392 bytes from block+0x1FA40
[2026-09-19 00:03:13] [Info] [hammerspace.main] [ACT] bone 2 GeoId -> 3 at ACT+0x6C (GeoIdEdited retarget; section-relative, stable across hammerspace relocation)
[2026-09-19 00:03:13] [Info] [hammerspace.main] [ACT] custom submesh 'custom0': bone 52 GeoId -> 4 at ACT+0x5E4 (section-relative; stable across hammerspace relocation)
[2026-09-19 00:03:13] [Info] [hammerspace.main] [CloneACT] 7,392 bytes from block+0x1FA40
[2026-09-19 00:03:13] [Info] [hammerspace.main] [CloneTEX] 248,000 bytes from block+0x21720
[2026-09-19 00:03:13] [Info] [hammerspace.main] [CloneSKN] 38,208 bytes from block+0x5DFE0
[2026-09-19 00:03:13] [Info] [hammerspace.main] [CloneHEADER] 0x20 bytes from offset 0x04AA6C20
[2026-09-19 00:03:13] [Info] [hammerspace.main] [HDR] +0x18 patched: 0x00067520 → 0x00078CE0
[2026-09-19 00:03:14] [Info] [hammerspace.main] [CloneGPL] 129,568 bytes from block+0x20
[2026-09-19 00:03:14] [Info] [hammerspace.main] [GPL] appended custom submesh 'custom0' as submesh 4 (host bone 52, template builtin:rigid_spec_v1)
[2026-09-19 00:03:14] [Info] [hammerspace.main] [CloneACT] 7,392 bytes from block+0x1FA40
[2026-09-19 00:03:14] [Info] [hammerspace.main] [ACT] bone 2 GeoId -> 3 at ACT+0x6C (GeoIdEdited retarget; section-relative, stable across hammerspace relocation)
[2026-09-19 00:03:14] [Info] [hammerspace.main] [ACT] custom submesh 'custom0': bone 52 GeoId -> 4 at ACT+0x5E4 (section-relative; stable across hammerspace relocation)
[2026-09-19 00:03:14] [Info] [hammerspace.main] [CloneACT] 7,392 bytes from block+0x1FA40
[2026-09-19 00:03:14] [Info] [hammerspace.main] [CloneTEX] 248,000 bytes from block+0x21720
[2026-09-19 00:03:14] [Info] [hammerspace.main] [CloneSKN] 38,208 bytes from block+0x5DFE0
[2026-09-19 00:03:14] [Info] [hammerspace.main] [CloneHEADER] 0x20 bytes from offset 0x04AA6C20
[2026-09-19 00:03:14] [Info] [hammerspace.main] [HDR] +0x18 patched: 0x00067520 → 0x00078CE0
[2026-09-19 00:03:14] [Info] [hammerspace.main] [CloneGPL] 129,568 bytes from block+0x20
[2026-09-19 00:03:14] [Info] [hammerspace.main] [GPL] appended custom submesh 'custom0' as submesh 4 (host bone 52, template builtin:rigid_spec_v1)
[2026-09-19 00:03:14] [Info] [hammerspace.main] [CloneACT] 7,392 bytes from block+0x1FA40
[2026-09-19 00:03:14] [Info] [hammerspace.main] [ACT] bone 2 GeoId -> 3 at ACT+0x6C (GeoIdEdited retarget; section-relative, stable across hammerspace relocation)
[2026-09-19 00:03:14] [Info] [hammerspace.main] [ACT] custom submesh 'custom0': bone 52 GeoId -> 4 at ACT+0x5E4 (section-relative; stable across hammerspace relocation)
[2026-09-19 00:03:14] [Info] [hammerspace.main] [CloneACT] 7,392 bytes from block+0x1FA40
[2026-09-19 00:03:14] [Info] [hammerspace.main] [CloneTEX] 248,000 bytes from block+0x21720
[2026-09-19 00:03:14] [Info] [hammerspace.main] [CloneSKN] 38,208 bytes from block+0x5DFE0
[2026-09-19 00:03:14] [Info] [hammerspace.main] [CloneHEADER] 0x20 bytes from offset 0x04AA6C20
[2026-09-19 00:03:14] [Info] [hammerspace.main] [HDR] +0x18 patched: 0x00067520 → 0x00078CE0
[2026-09-19 00:03:14] [Info] [hammerspace.main] [CloneGPL] 129,568 bytes from block+0x20
[2026-09-19 00:03:14] [Info] [hammerspace.main] [GPL] appended custom submesh 'custom0' as submesh 4 (host bone 52, template builtin:rigid_spec_v1)
[2026-09-19 00:03:14] [Info] [hammerspace.main] [CloneACT] 7,392 bytes from block+0x1FA40
[2026-09-19 00:03:14] [Info] [hammerspace.main] [ACT] bone 2 GeoId -> 3 at ACT+0x6C (GeoIdEdited retarget; section-relative, stable across hammerspace relocation)
[2026-09-19 00:03:14] [Info] [hammerspace.main] [ACT] custom submesh 'custom0': bone 52 GeoId -> 4 at ACT+0x5E4 (section-relative; stable across hammerspace relocation)
[2026-09-19 00:03:14] [Info] [hammerspace.main] [CloneACT] 7,392 bytes from block+0x1FA40
[2026-09-19 00:03:14] [Info] [hammerspace.main] [CloneTEX] 248,000 bytes from block+0x21720
[2026-09-19 00:03:14] [Info] [hammerspace.main] [CloneSKN] 38,208 bytes from block+0x5DFE0
[2026-09-19 00:03:14] [Info] [hammerspace.main] [CloneHEADER] 0x20 bytes from offset 0x04AA6C20
[2026-09-19 00:03:14] [Info] [hammerspace.main] [HDR] +0x18 patched: 0x00067520 → 0x00078CE0
[2026-09-19 00:03:15] [Info] [geometry.rebuild] [M3.3] sub0 color: 4 donor entries -> 4 compact; indices rebuilt
[2026-09-19 00:03:15] [Info] [geometry.rebuild] [M3.2] sub0: rebuilt draw states [1]; descriptor upgrades []; triangulated 0 irreducible GX blocks
[2026-09-19 00:03:15] [Info] [geometry.rebuild] [M3.3] sub0 color: 4 donor entries -> 4 compact; indices preserved
[2026-09-19 00:03:16] [Info] [hammerspace.main] [CloneGPL] 129,568 bytes from block+0x20
[2026-09-19 00:03:16] [Info] [hammerspace.main] [GPL] patched position array sub0 at GPL+0x60 (22,224 bytes)
[2026-09-19 00:03:16] [Info] [hammerspace.main] [GPL] appended custom submesh 'custom0' as submesh 3 (host bone 2, template builtin:rigid_spec_v1)
[2026-09-19 00:03:16] [Info] [hammerspace.main] [CloneACT] 7,392 bytes from block+0x1FA40
[2026-09-19 00:03:16] [Info] [hammerspace.main] [ACT] custom submesh 'custom0': bone 2 GeoId -> 3 at ACT+0x6C (section-relative; stable across hammerspace relocation)
[2026-09-19 00:03:16] [Info] [hammerspace.main] [CloneACT] 7,392 bytes from block+0x1FA40
[2026-09-19 00:03:16] [Info] [hammerspace.main] [CloneTEX] 248,000 bytes from block+0x21720
[2026-09-19 00:03:16] [Info] [hammerspace.main] [CloneSKN] 38,208 bytes from block+0x5DFE0
[2026-09-19 00:03:16] [Info] [hammerspace.main] [CloneHEADER] 0x20 bytes from offset 0x04AA6C20
[2026-09-19 00:03:16] [Info] [hammerspace.main] [HDR] +0x18 patched: 0x00067520 → 0x00067780
[2026-09-19 00:03:16] [Info] [hammerspace.main] [CloneGPL] 129,568 bytes from block+0x20
[2026-09-19 00:03:16] [Info] [hammerspace.main] [GPL] patched position array sub0 at GPL+0x60 (22,224 bytes)
[2026-09-19 00:03:16] [Info] [hammerspace.main] [GPL] appended custom submesh 'custom0' as submesh 3 (host bone 2, template builtin:rigid_spec_v1)
[2026-09-19 00:03:16] [Info] [hammerspace.main] [CloneACT] 7,392 bytes from block+0x1FA40
[2026-09-19 00:03:16] [Info] [hammerspace.main] [ACT] custom submesh 'custom0': bone 2 GeoId -> 3 at ACT+0x6C (section-relative; stable across hammerspace relocation)
[2026-09-19 00:03:16] [Info] [hammerspace.main] [CloneACT] 7,392 bytes from block+0x1FA40
[2026-09-19 00:03:16] [Info] [hammerspace.main] [CloneTEX] 248,000 bytes from block+0x21720
[2026-09-19 00:03:16] [Info] [hammerspace.main] [CloneSKN] 38,208 bytes from block+0x5DFE0
[2026-09-19 00:03:16] [Info] [hammerspace.main] [CloneHEADER] 0x20 bytes from offset 0x04AA6C20
[2026-09-19 00:03:16] [Info] [hammerspace.main] [HDR] +0x18 patched: 0x00067520 → 0x00067780
[2026-09-19 00:03:16] [Info] [hammerspace.main] [CloneGPL] 129,568 bytes from block+0x20
[2026-09-19 00:03:16] [Info] [hammerspace.main] [GPL] patched position array sub0 at GPL+0x60 (22,224 bytes)
[2026-09-19 00:03:16] [Info] [hammerspace.main] [GPL] appended custom submesh 'custom0' as submesh 3 (host bone 2, template rigid:sm1_ds5)
[2026-09-19 00:03:16] [Info] [hammerspace.main] [CloneACT] 7,392 bytes from block+0x1FA40
[2026-09-19 00:03:16] [Info] [hammerspace.main] [ACT] custom submesh 'custom0': bone 2 GeoId -> 3 at ACT+0x6C (section-relative; stable across hammerspace relocation)
[2026-09-19 00:03:16] [Info] [hammerspace.main] [CloneACT] 7,392 bytes from block+0x1FA40
[2026-09-19 00:03:16] [Info] [hammerspace.main] [CloneTEX] 248,000 bytes from block+0x21720
[2026-09-19 00:03:16] [Info] [hammerspace.main] [CloneSKN] 38,208 bytes from block+0x5DFE0
[2026-09-19 00:03:16] [Info] [hammerspace.main] [CloneHEADER] 0x20 bytes from offset 0x04AA6C20
[2026-09-19 00:03:16] [Info] [hammerspace.main] [HDR] +0x18 patched: 0x00067520 → 0x000677C0
[2026-09-19 00:03:16] [Info] [hammerspace.main] [CloneGPL] 129,568 bytes from block+0x20
[2026-09-19 00:03:16] [Info] [hammerspace.main] [GPL] patched position array sub0 at GPL+0x60 (22,224 bytes)
[2026-09-19 00:03:16] [Info] [hammerspace.main] [GPL] appended custom submesh 'custom0' as submesh 3 (host bone 2, template derived:sm0_ds5)
[2026-09-19 00:03:16] [Info] [hammerspace.main] [CloneACT] 7,392 bytes from block+0x1FA40
[2026-09-19 00:03:16] [Info] [hammerspace.main] [ACT] custom submesh 'custom0': bone 2 GeoId -> 3 at ACT+0x6C (section-relative; stable across hammerspace relocation)
[2026-09-19 00:03:16] [Info] [hammerspace.main] [CloneACT] 7,392 bytes from block+0x1FA40
[2026-09-19 00:03:16] [Info] [hammerspace.main] [CloneTEX] 248,000 bytes from block+0x21720
[2026-09-19 00:03:16] [Info] [hammerspace.main] [CloneSKN] 38,208 bytes from block+0x5DFE0
[2026-09-19 00:03:16] [Info] [hammerspace.main] [CloneHEADER] 0x20 bytes from offset 0x04AA6C20
[2026-09-19 00:03:16] [Info] [hammerspace.main] [HDR] +0x18 patched: 0x00067520 → 0x00067780
[2026-09-19 00:03:16] [Info] [hammerspace.main] [CloneGPL] 129,568 bytes from block+0x20
[2026-09-19 00:03:16] [Info] [hammerspace.main] [GPL] patched position array sub0 at GPL+0x60 (22,224 bytes)
[2026-09-19 00:03:16] [Info] [hammerspace.main] [GPL] appended custom submesh 'custom0' as submesh 3 (host bone 2, template builtin:rigid_spec_v1)
[2026-09-19 00:03:16] [Info] [hammerspace.main] [CloneACT] 7,392 bytes from block+0x1FA40
[2026-09-19 00:03:16] [Info] [hammerspace.main] [ACT] custom submesh 'custom0': bone 2 GeoId -> 3 at ACT+0x6C (section-relative; stable across hammerspace relocation)
[2026-09-19 00:03:16] [Info] [hammerspace.main] [CloneACT] 7,392 bytes from block+0x1FA40
[2026-09-19 00:03:16] [Info] [hammerspace.main] [CloneTEX] 248,000 bytes from block+0x21720
[2026-09-19 00:03:16] [Info] [hammerspace.main] [CloneSKN] 38,208 bytes from block+0x5DFE0
[2026-09-19 00:03:16] [Info] [hammerspace.main] [CloneHEADER] 0x20 bytes from offset 0x04AA6C20
[2026-09-19 00:03:16] [Info] [hammerspace.main] [HDR] +0x18 patched: 0x00067520 → 0x00067780
[2026-09-19 00:03:16] [Info] [dispatcher] Resolved PNG '0.png' → model.sluggie texture 0
[2026-09-19 00:03:16] [Info] [dispatcher] Resolved PNG '0.png' → model.sluggie texture 0
[2026-09-19 00:03:16] [Info] [dispatcher] Found: C:\Users\gerno\AppData\Local\Temp\tmpg1a2pn0k\model.sluggie
[2026-09-19 00:03:16] [Info] [dispatcher] Resolved PNG '0.png' → model.sluggie texture 0
[2026-09-19 00:03:16] [Info] [dispatcher] Found: C:\Users\gerno\AppData\Local\Temp\tmpkhqh87u8\model.sluggie
[2026-09-19 00:03:17] [Warning] [act] bone 0 is not relative
[2026-09-19 00:03:17] [Warning] [act] bone 0 is not relative
[2026-09-19 00:03:17] [Warning] [act] bone 0 is not relative
[2026-09-19 00:03:17] [Info] [hammerspace.helper] [1] Current DOL entry: chunk=0, file_index=0, offset=0x00000008 (8), length=0x00000008 (8 bytes)
[2026-09-19 00:03:17] [Info] [hammerspace.helper] [2] Original DOL entry: offset=0x00000008 (8), length=0x00000008 (8 bytes)
[2026-09-19 00:03:17] [Info] [hammerspace.helper] DOL entry was already restored; original model bytes were repaired and verified.
[2026-09-19 00:03:17] [Info] [hammerspace.helper] [1] Current DOL entry: chunk=0, file_index=0, offset=0x00000040 (64), length=0x00000008 (8 bytes)
[2026-09-19 00:03:17] [Info] [hammerspace.helper] [2] Original DOL entry: offset=0x00000008 (8), length=0x00000008 (8 bytes)
[2026-09-19 00:03:17] [Info] [hammerspace.helper] [3] Restored and verified 8 original model bytes at 0x00000008.
[2026-09-19 00:03:17] [Info] [hammerspace.helper] [4] Restoring original DOL entry ...
[2026-09-19 00:03:17] [Info] [hammerspace.helper] [5] Zeroing 8 bytes at 0x00000040 in OUTPUT dt_na.dat ...
[2026-09-19 00:03:17] [Info] [hammerspace.helper]     Zeroed 8 bytes.
[2026-09-19 00:03:17] [Info] [hammerspace.helper] Done. chunk=0, file_index=0 removed from hammerspace.
[2026-09-19 00:03:17] [Info] [hammerspace.main] [ACT] bone 5 GeoId -> 65535 at ACT+0x20 (GeoIdEdited retarget; section-relative, stable across hammerspace relocation)
[2026-09-19 00:03:17] [Info] [hammerspace.main] [ACT] custom submesh 'custom0': bone 5 GeoId -> 2 at ACT+0x20 (section-relative; stable across hammerspace relocation)
[2026-09-19 00:03:17] [Info] [hammerspace.main] [ACT] bone 6 GeoId -> 1 at ACT+0x28 (GeoIdEdited retarget; section-relative, stable across hammerspace relocation)
[2026-09-19 00:03:17] [Info] [hammerspace.main] [ACT] bone 5 GeoId -> 65535 at ACT+0x20 (GeoIdEdited retarget; section-relative, stable across hammerspace relocation)
[2026-09-19 00:03:17] [Info] [hammerspace.main] [ACT] custom submesh 'custom0': bone 5 GeoId -> 1 at ACT+0x20 (section-relative; stable across hammerspace relocation)
[2026-09-19 00:03:17] [Info] [hammerspace.main] [ACT] custom submesh 'custom1': bone 6 GeoId -> 2 at ACT+0x28 (section-relative; stable across hammerspace relocation)
[2026-09-19 00:03:17] [Info] [hammerspace.main] [ACT] custom submesh 'custom0': bone 5 GeoId -> 2 at ACT+0x20 (section-relative; stable across hammerspace relocation)
[2026-09-19 00:03:17] [Error] [hammerspace.main] Bone 1: SRTOffset 0x103F is before the ACT section start (0x1040); the .sluggie's SRTOffset metadata does not match this model's ACT section layout. Re-export the model with the latest SluggiesTools export.py, then export from Blender again.
[2026-09-19 00:03:17] [Info] [hammerspace.main] [ACT] root-bone SRT scale: bone 1 wrote 400000003fc000003f800000 at ACT+0x54 (section-relative; stable across hammerspace relocation)
[2026-09-19 00:03:17] [Info] [hammerspace.main] [Container] DOL entry is an archive: 3 slots, 3 populated; rebuilding slot 1 at +0x60 and carrying the other 2 member(s) along
[2026-09-19 00:03:17] [Info] [hammerspace.main] [Container] archive slot 1 64 -> 192 bytes; 1 later slot(s) shifted by +128; archive 256 -> 384 bytes
[2026-09-19 00:03:17] [Info] [hammerspace.main] [Container] preserving 32-byte DOL entry prefix; inner model starts at +0x20
[2026-09-19 00:03:17] [Info] [hammerspace.main] [Container] DOL entry is an archive: 3 slots, 3 populated; rebuilding slot 1 at +0x60 and carrying the other 2 member(s) along
[2026-09-19 00:03:17] [Info] [hammerspace.main] [Container] archive slot 1 64 -> 192 bytes; 1 later slot(s) shifted by +128; archive 256 -> 384 bytes
[2026-09-19 00:03:17] [Info] [hammerspace.main] [Container] DOL entry is an archive: 3 slots, 3 populated; rebuilding slot 1 at +0x60 and carrying the other 2 member(s) along
[2026-09-19 00:03:17] [Info] [hammerspace.main] [Container] archive slot 1 64 -> 192 bytes; 1 later slot(s) shifted by +128; archive 256 -> 384 bytes
[2026-09-19 00:03:17] [Info] [hammerspace.main] [CloneGPL] 4 bytes from block+0x20
[2026-09-19 00:03:17] [Info] [hammerspace.main] [HDR] +0x18 patched: 0x00000180 → 0x00000100
[2026-09-19 00:03:17] [Info] [hammerspace.main] [HDR] +0x14 patched: 0x00000100 → 0x000000A0
[2026-09-19 00:03:17] [Info] [hammerspace.main] [HDR] +0x18 patched: 0x00000140 → 0x000000E0
[2026-09-19 00:03:17] [Info] [hammerspace.main] [HDR] +0x1C patched: 0x00000180 → 0x00000120
[2026-09-19 00:03:17] [Info] [hammerspace.main] [GPL] patched material state sub0 ds0 at GPL+0x10
[2026-09-19 00:03:17] [Info] [hammerspace.main] [GPL] patched material state sub0 ds1 at GPL+0x20
[2026-09-19 00:03:17] [Info] [hammerspace.main] [GPL] patched position array sub0 at GPL+0x10 (6 bytes)
[2026-09-19 00:03:17] [Info] [hammerspace.main] Model already in hammerspace at 0x00003000; keeping the old route live until replacement commits
[2026-09-19 00:03:17] [Info] [hammerspace.main] Hammerspace Log: Replaced | Model: fixture.sluggie | Old address: 0x00003000 | Old size: 0.00 MB
[2026-09-19 00:03:17] [Info] [hammerspace.main] Hammerspace Log: Written | Model: fixture.sluggie | Chunk: 18 | File: 0 | Address: 0x00004000 | Size: 0.00 MB | Modes: {'GPL': 'clone', 'ACT': 'clone', 'TEX': 'clone', 'SKN': 'clone', 'trailing': 'clone'}
[2026-09-19 00:03:17] [Info] [hammerspace.main] Model already in hammerspace at 0x00003000; keeping the old route live until replacement commits
[2026-09-19 00:03:17] [Info] [hammerspace.main] Model already in hammerspace at 0x00003000; keeping the old route live until replacement commits
[2026-09-19 00:03:17] [Info] [hammerspace.main] Hammerspace Log: Replaced | Model: fixture.sluggie | Old address: 0x00003000 | Old size: 0.00 MB
[2026-09-19 00:03:17] [Info] [hammerspace.main] Hammerspace Log: Written | Model: fixture.sluggie | Chunk: 18 | File: 0 | Address: 0x00004000 | Size: 0.00 MB | Modes: {'GPL': 'clone', 'ACT': 'clone', 'TEX': 'clone', 'SKN': 'clone', 'trailing': 'clone'}
[2026-09-19 00:03:17] [Info] [hammerspace.main] Model already in hammerspace at 0x00003000; keeping the old route live until replacement commits
[2026-09-19 00:03:17] [Info] [hammerspace.main] [GPL] appended UV array sub0 uv0 at GPL+0x80 (8 bytes)
[2026-09-19 00:03:17] [Info] [hammerspace.main] [GPL] appended primitive list sub0 ds0 (32 bytes)
[2026-09-19 00:03:17] [Info] [hammerspace.main] [GPL] patched UV array sub0 uv0 at GPL+0x14 (4 bytes)
[2026-09-19 00:03:17] [Info] [hammerspace.main] Hammerspace Log: Written | Model: fixture.sluggie | Chunk: 18 | File: 0 | Address: 0x00001020 | Size: 0.00 MB | Modes: {'GPL': 'clone', 'ACT': 'clone', 'TEX': 'clone', 'SKN': 'clone', 'trailing': 'clone'}
[2026-09-19 00:03:17] [Info] [hammerspace.main] Hammerspace Log: Written | Model: fixture.sluggie | Chunk: 18 | File: 0 | Address: 0x00002000 | Size: 0.00 MB | Modes: {'GPL': 'clone', 'ACT': 'clone', 'TEX': 'clone', 'SKN': 'clone', 'trailing': 'clone'}
[2026-09-19 00:03:17] [Warning] [hammerspace.main] [SKN] SK1/SK2 destinations are not cache-line exclusive; source arrays packed sequentially instead of mirroring the position buffer (donor layout rule) — facial poses on skinned vertices may break in-game
[2026-09-19 00:03:17] [Info] [hammerspace.main] [BuildTEX] built 5 texture(s), 5 image payload(s), 0 palette payload(s); section size 832 bytes
[2026-09-19 00:03:17] [Info] [hammerspace.main] [BuildTEX] built 2 texture(s), 2 image payload(s), 0 palette payload(s); section size 160 bytes
[2026-09-19 00:03:17] [Info] [hammerspace.main] [BuildTEX] No textures; returning empty TEX section
[2026-09-19 00:03:17] [Info] [hammerspace.main] [BuildTEX] built 2 texture(s), 2 image payload(s), 0 palette payload(s); section size 160 bytes
[2026-09-19 00:03:17] [Info] [hammerspace.main] [BuildTEX] built 2 texture(s), 2 image payload(s), 2 palette payload(s); section size 256 bytes
[2026-09-19 00:03:17] [Info] [hammerspace.main] [BuildTEX] built 1 texture(s), 1 image payload(s), 0 palette payload(s); section size 96 bytes
[2026-09-19 00:03:17] [Info] [hammerspace.main] [CloneGPL] 129,568 bytes from block+0x20
[2026-09-19 00:03:17] [Info] [hammerspace.main] [GPL] appended custom submesh 'custom0' as submesh 3 (host bone 2, template builtin:rigid_spec_v1)
[2026-09-19 00:03:17] [Info] [hammerspace.main] [CloneACT] 7,392 bytes from block+0x1FA40
[2026-09-19 00:03:17] [Info] [hammerspace.main] [ACT] custom submesh 'custom0': bone 2 GeoId -> 3 at ACT+0x6C (section-relative; stable across hammerspace relocation)
[2026-09-19 00:03:17] [Info] [hammerspace.main] [CloneACT] 7,392 bytes from block+0x1FA40
[2026-09-19 00:03:17] [Info] [hammerspace.main] [CloneTEX] 248,000 bytes from block+0x21720
[2026-09-19 00:03:17] [Info] [hammerspace.main] [CloneSKN] 38,208 bytes from block+0x5DFE0
[2026-09-19 00:03:17] [Info] [hammerspace.main] [CloneHEADER] 0x20 bytes from offset 0x04AA6C20
[2026-09-19 00:03:17] [Info] [hammerspace.main] [HDR] +0x18 patched: 0x00067520 → 0x000677A0
[2026-09-19 00:03:17] [Info] [hammerspace.main] [CloneGPL] 129,568 bytes from block+0x20
[2026-09-19 00:03:17] [Info] [hammerspace.main] [GPL] appended custom submesh 'custom0' as submesh 3 (host bone 4, template derived:sm0_ds5)
[2026-09-19 00:03:17] [Info] [hammerspace.main] [CloneACT] 7,392 bytes from block+0x1FA40
[2026-09-19 00:03:17] [Info] [hammerspace.main] [ACT] custom submesh 'custom0': bone 4 GeoId -> 3 at ACT+0xA4 (section-relative; stable across hammerspace relocation)
[2026-09-19 00:03:17] [Info] [hammerspace.main] [CloneACT] 7,392 bytes from block+0x1FA40
[2026-09-19 00:03:17] [Info] [hammerspace.main] [CloneTEX] 248,000 bytes from block+0x21720
[2026-09-19 00:03:17] [Info] [hammerspace.main] [CloneSKN] 38,208 bytes from block+0x5DFE0
[2026-09-19 00:03:17] [Info] [hammerspace.main] [CloneHEADER] 0x20 bytes from offset 0x04AA6C20
[2026-09-19 00:03:17] [Info] [hammerspace.main] [HDR] +0x18 patched: 0x00067520 → 0x000677A0
[2026-09-19 00:03:17] [Info] [hammerspace.main] [CloneGPL] 129,568 bytes from block+0x20
[2026-09-19 00:03:17] [Info] [hammerspace.main] [CloneGPL] 129,568 bytes from block+0x20
[2026-09-19 00:03:17] [Info] [hammerspace.main] [GPL] appended custom submesh 'custom0' as submesh 3 (host bone 2, template builtin:rigid_spec_v1)
[2026-09-19 00:03:17] [Info] [hammerspace.main] [CloneACT] 7,392 bytes from block+0x1FA40
[2026-09-19 00:03:17] [Info] [hammerspace.main] [ACT] custom submesh 'custom0': bone 2 GeoId -> 3 at ACT+0x6C (section-relative; stable across hammerspace relocation)
[2026-09-19 00:03:17] [Info] [hammerspace.main] [CloneACT] 7,392 bytes from block+0x1FA40
[2026-09-19 00:03:17] [Info] [hammerspace.main] [CloneTEX] 248,000 bytes from block+0x21720
[2026-09-19 00:03:17] [Info] [hammerspace.main] [CloneSKN] 38,208 bytes from block+0x5DFE0
[2026-09-19 00:03:17] [Info] [hammerspace.main] [CloneHEADER] 0x20 bytes from offset 0x04AA6C20
[2026-09-19 00:03:17] [Info] [hammerspace.main] [HDR] +0x18 patched: 0x00067520 → 0x000677A0
[2026-09-19 00:03:18] [Info] [hammerspace.main] [CloneGPL] 129,568 bytes from block+0x20
[2026-09-19 00:03:18] [Info] [hammerspace.main] [GPL] appended custom submesh 'custom0' as submesh 3 (host bone 3, template rigid:sm1_ds5)
[2026-09-19 00:03:18] [Info] [hammerspace.main] [CloneACT] 7,392 bytes from block+0x1FA40
[2026-09-19 00:03:18] [Info] [hammerspace.main] [ACT] custom submesh 'custom0': bone 3 GeoId -> 3 at ACT+0x88 (section-relative; stable across hammerspace relocation)
[2026-09-19 00:03:18] [Info] [hammerspace.main] [CloneACT] 7,392 bytes from block+0x1FA40
[2026-09-19 00:03:18] [Info] [hammerspace.main] [CloneTEX] 248,000 bytes from block+0x21720
[2026-09-19 00:03:18] [Info] [hammerspace.main] [CloneSKN] 38,208 bytes from block+0x5DFE0
[2026-09-19 00:03:18] [Info] [hammerspace.main] [CloneHEADER] 0x20 bytes from offset 0x04AA6C20
[2026-09-19 00:03:18] [Info] [hammerspace.main] [HDR] +0x18 patched: 0x00067520 → 0x000677E0
[2026-09-19 00:03:18] [Info] [hammerspace.main] [GPL] appended custom submesh 'custom0' as submesh 1 (host bone 5, template builtin:rigid_spec_v1)
[2026-09-19 00:03:18] [Info] [geometry.rebuild] [M3.3] sub0: normal buffer compacted to 5 unique normals
[2026-09-19 00:03:18] [Info] [geometry.rebuild] [M3.2] sub0: rebuilt draw states [1]; descriptor upgrades []; triangulated 0 irreducible GX blocks
[2026-09-19 00:03:18] [Info] [geometry.rebuild] [M3.2] sub0 uv0: 6 expanded coords -> 5 compact; indices rebuilt
[2026-09-19 00:03:18] [Info] [geometry.rebuild] [M3.3] sub0: normal buffer compacted to 5 unique normals
[2026-09-19 00:03:18] [Info] [geometry.rebuild] [M3.2] sub0: rebuilt draw states [1]; descriptor upgrades []; triangulated 0 irreducible GX blocks
[2026-09-19 00:03:18] [Info] [geometry.rebuild] [M3.3] sub0: normal buffer compacted to 4 unique normals
[2026-09-19 00:03:28] [Info] [hammerspace.main] [CloneACT] 7,392 bytes from block+0x1FA40
[2026-09-19 00:03:28] [Info] [hammerspace.main] [CloneACT] 7,392 bytes from block+0x1FA40
[2026-09-19 00:03:28] [Info] [hammerspace.main] [ACT] custom submesh 'custom0': bone 52 GeoId -> 3 at ACT+0x5E4 (section-relative; stable across hammerspace relocation)
[2026-09-19 00:03:28] [Info] [hammerspace.main] [CloneACT] 7,392 bytes from block+0x1FA40
[2026-09-19 00:03:28] [Info] [hammerspace.main] [ACT] custom submesh 'custom0': bone 52 GeoId -> 3 at ACT+0x5E4 (section-relative; stable across hammerspace relocation)
[2026-09-19 00:03:28] [Info] [hammerspace.main] [CloneACT] 7,392 bytes from block+0x1FA40
[2026-09-19 00:03:28] [Info] [hammerspace.main] [ACT] custom submesh 'custom0': bone 52 GeoId -> 3 at ACT+0x5E4 (section-relative; stable across hammerspace relocation)
[2026-09-19 00:03:28] [Info] [hammerspace.main] [CloneGPL] 129,568 bytes from block+0x20
[2026-09-19 00:03:28] [Info] [hammerspace.main] [GPL] appended custom submesh 'custom0' as submesh 4 (host bone 52, template builtin:rigid_spec_v1)
[2026-09-19 00:03:28] [Info] [hammerspace.main] [CloneACT] 7,392 bytes from block+0x1FA40
[2026-09-19 00:03:28] [Info] [hammerspace.main] [ACT] bone 2 GeoId -> 3 at ACT+0x6C (GeoIdEdited retarget; section-relative, stable across hammerspace relocation)
[2026-09-19 00:03:28] [Info] [hammerspace.main] [ACT] custom submesh 'custom0': bone 52 GeoId -> 4 at ACT+0x5E4 (section-relative; stable across hammerspace relocation)
[2026-09-19 00:03:28] [Info] [hammerspace.main] [CloneACT] 7,392 bytes from block+0x1FA40
[2026-09-19 00:03:28] [Info] [hammerspace.main] [CloneTEX] 248,000 bytes from block+0x21720
[2026-09-19 00:03:28] [Info] [hammerspace.main] [CloneSKN] 38,208 bytes from block+0x5DFE0
[2026-09-19 00:03:28] [Info] [hammerspace.main] [CloneHEADER] 0x20 bytes from offset 0x04AA6C20
[2026-09-19 00:03:28] [Info] [hammerspace.main] [HDR] +0x18 patched: 0x00067520 → 0x00078CE0
[2026-09-19 00:03:28] [Info] [hammerspace.main] [CloneGPL] 129,568 bytes from block+0x20
[2026-09-19 00:03:28] [Info] [hammerspace.main] [GPL] appended custom submesh 'custom0' as submesh 4 (host bone 52, template builtin:rigid_spec_v1)
[2026-09-19 00:03:28] [Info] [hammerspace.main] [CloneACT] 7,392 bytes from block+0x1FA40
[2026-09-19 00:03:28] [Info] [hammerspace.main] [ACT] bone 2 GeoId -> 3 at ACT+0x6C (GeoIdEdited retarget; section-relative, stable across hammerspace relocation)
[2026-09-19 00:03:28] [Info] [hammerspace.main] [ACT] custom submesh 'custom0': bone 52 GeoId -> 4 at ACT+0x5E4 (section-relative; stable across hammerspace relocation)
[2026-09-19 00:03:28] [Info] [hammerspace.main] [CloneACT] 7,392 bytes from block+0x1FA40
[2026-09-19 00:03:28] [Info] [hammerspace.main] [CloneTEX] 248,000 bytes from block+0x21720
[2026-09-19 00:03:28] [Info] [hammerspace.main] [CloneSKN] 38,208 bytes from block+0x5DFE0
[2026-09-19 00:03:28] [Info] [hammerspace.main] [CloneHEADER] 0x20 bytes from offset 0x04AA6C20
[2026-09-19 00:03:28] [Info] [hammerspace.main] [HDR] +0x18 patched: 0x00067520 → 0x00078CE0
[2026-09-19 00:03:28] [Info] [hammerspace.main] [CloneGPL] 129,568 bytes from block+0x20
[2026-09-19 00:03:28] [Info] [hammerspace.main] [GPL] appended custom submesh 'custom0' as submesh 4 (host bone 52, template builtin:rigid_spec_v1)
[2026-09-19 00:03:28] [Info] [hammerspace.main] [CloneACT] 7,392 bytes from block+0x1FA40
[2026-09-19 00:03:28] [Info] [hammerspace.main] [ACT] bone 2 GeoId -> 3 at ACT+0x6C (GeoIdEdited retarget; section-relative, stable across hammerspace relocation)
[2026-09-19 00:03:28] [Info] [hammerspace.main] [ACT] custom submesh 'custom0': bone 52 GeoId -> 4 at ACT+0x5E4 (section-relative; stable across hammerspace relocation)
[2026-09-19 00:03:28] [Info] [hammerspace.main] [CloneACT] 7,392 bytes from block+0x1FA40
[2026-09-19 00:03:28] [Info] [hammerspace.main] [CloneTEX] 248,000 bytes from block+0x21720
[2026-09-19 00:03:28] [Info] [hammerspace.main] [CloneSKN] 38,208 bytes from block+0x5DFE0
[2026-09-19 00:03:28] [Info] [hammerspace.main] [CloneHEADER] 0x20 bytes from offset 0x04AA6C20
[2026-09-19 00:03:28] [Info] [hammerspace.main] [HDR] +0x18 patched: 0x00067520 → 0x00078CE0
[2026-09-19 00:03:29] [Info] [hammerspace.main] [CloneGPL] 129,568 bytes from block+0x20
[2026-09-19 00:03:29] [Info] [hammerspace.main] [GPL] appended custom submesh 'custom0' as submesh 4 (host bone 52, template builtin:rigid_spec_v1)
[2026-09-19 00:03:29] [Info] [hammerspace.main] [CloneACT] 7,392 bytes from block+0x1FA40
[2026-09-19 00:03:29] [Info] [hammerspace.main] [ACT] bone 2 GeoId -> 3 at ACT+0x6C (GeoIdEdited retarget; section-relative, stable across hammerspace relocation)
[2026-09-19 00:03:29] [Info] [hammerspace.main] [ACT] custom submesh 'custom0': bone 52 GeoId -> 4 at ACT+0x5E4 (section-relative; stable across hammerspace relocation)
[2026-09-19 00:03:29] [Info] [hammerspace.main] [CloneACT] 7,392 bytes from block+0x1FA40
[2026-09-19 00:03:29] [Info] [hammerspace.main] [CloneTEX] 248,000 bytes from block+0x21720
[2026-09-19 00:03:29] [Info] [hammerspace.main] [CloneSKN] 38,208 bytes from block+0x5DFE0
[2026-09-19 00:03:29] [Info] [hammerspace.main] [CloneHEADER] 0x20 bytes from offset 0x04AA6C20
[2026-09-19 00:03:29] [Info] [hammerspace.main] [HDR] +0x18 patched: 0x00067520 → 0x00078CE0
[2026-09-19 00:03:30] [Info] [geometry.rebuild] [M3.3] sub0 color: 4 donor entries -> 4 compact; indices rebuilt
[2026-09-19 00:03:30] [Info] [geometry.rebuild] [M3.2] sub0: rebuilt draw states [1]; descriptor upgrades []; triangulated 0 irreducible GX blocks
[2026-09-19 00:03:30] [Info] [geometry.rebuild] [M3.3] sub0 color: 4 donor entries -> 4 compact; indices preserved
[2026-09-19 00:03:31] [Info] [hammerspace.main] [CloneGPL] 129,568 bytes from block+0x20
[2026-09-19 00:03:31] [Info] [hammerspace.main] [GPL] patched position array sub0 at GPL+0x60 (22,224 bytes)
[2026-09-19 00:03:31] [Info] [hammerspace.main] [GPL] appended custom submesh 'custom0' as submesh 3 (host bone 2, template builtin:rigid_spec_v1)
[2026-09-19 00:03:31] [Info] [hammerspace.main] [CloneACT] 7,392 bytes from block+0x1FA40
[2026-09-19 00:03:31] [Info] [hammerspace.main] [ACT] custom submesh 'custom0': bone 2 GeoId -> 3 at ACT+0x6C (section-relative; stable across hammerspace relocation)
[2026-09-19 00:03:31] [Info] [hammerspace.main] [CloneACT] 7,392 bytes from block+0x1FA40
[2026-09-19 00:03:31] [Info] [hammerspace.main] [CloneTEX] 248,000 bytes from block+0x21720
[2026-09-19 00:03:31] [Info] [hammerspace.main] [CloneSKN] 38,208 bytes from block+0x5DFE0
[2026-09-19 00:03:31] [Info] [hammerspace.main] [CloneHEADER] 0x20 bytes from offset 0x04AA6C20
[2026-09-19 00:03:31] [Info] [hammerspace.main] [HDR] +0x18 patched: 0x00067520 → 0x00067780
[2026-09-19 00:03:31] [Info] [hammerspace.main] [CloneGPL] 129,568 bytes from block+0x20
[2026-09-19 00:03:31] [Info] [hammerspace.main] [GPL] patched position array sub0 at GPL+0x60 (22,224 bytes)
[2026-09-19 00:03:31] [Info] [hammerspace.main] [GPL] appended custom submesh 'custom0' as submesh 3 (host bone 2, template builtin:rigid_spec_v1)
[2026-09-19 00:03:31] [Info] [hammerspace.main] [CloneACT] 7,392 bytes from block+0x1FA40
[2026-09-19 00:03:31] [Info] [hammerspace.main] [ACT] custom submesh 'custom0': bone 2 GeoId -> 3 at ACT+0x6C (section-relative; stable across hammerspace relocation)
[2026-09-19 00:03:31] [Info] [hammerspace.main] [CloneACT] 7,392 bytes from block+0x1FA40
[2026-09-19 00:03:31] [Info] [hammerspace.main] [CloneTEX] 248,000 bytes from block+0x21720
[2026-09-19 00:03:31] [Info] [hammerspace.main] [CloneSKN] 38,208 bytes from block+0x5DFE0
[2026-09-19 00:03:31] [Info] [hammerspace.main] [CloneHEADER] 0x20 bytes from offset 0x04AA6C20
[2026-09-19 00:03:31] [Info] [hammerspace.main] [HDR] +0x18 patched: 0x00067520 → 0x00067780
[2026-09-19 00:03:31] [Info] [hammerspace.main] [CloneGPL] 129,568 bytes from block+0x20
[2026-09-19 00:03:31] [Info] [hammerspace.main] [GPL] patched position array sub0 at GPL+0x60 (22,224 bytes)
[2026-09-19 00:03:31] [Info] [hammerspace.main] [GPL] appended custom submesh 'custom0' as submesh 3 (host bone 2, template rigid:sm1_ds5)
[2026-09-19 00:03:31] [Info] [hammerspace.main] [CloneACT] 7,392 bytes from block+0x1FA40
[2026-09-19 00:03:31] [Info] [hammerspace.main] [ACT] custom submesh 'custom0': bone 2 GeoId -> 3 at ACT+0x6C (section-relative; stable across hammerspace relocation)
[2026-09-19 00:03:31] [Info] [hammerspace.main] [CloneACT] 7,392 bytes from block+0x1FA40
[2026-09-19 00:03:31] [Info] [hammerspace.main] [CloneTEX] 248,000 bytes from block+0x21720
[2026-09-19 00:03:31] [Info] [hammerspace.main] [CloneSKN] 38,208 bytes from block+0x5DFE0
[2026-09-19 00:03:31] [Info] [hammerspace.main] [CloneHEADER] 0x20 bytes from offset 0x04AA6C20
[2026-09-19 00:03:31] [Info] [hammerspace.main] [HDR] +0x18 patched: 0x00067520 → 0x000677C0
[2026-09-19 00:03:31] [Info] [hammerspace.main] [CloneGPL] 129,568 bytes from block+0x20
[2026-09-19 00:03:31] [Info] [hammerspace.main] [GPL] patched position array sub0 at GPL+0x60 (22,224 bytes)
[2026-09-19 00:03:31] [Info] [hammerspace.main] [GPL] appended custom submesh 'custom0' as submesh 3 (host bone 2, template derived:sm0_ds5)
[2026-09-19 00:03:31] [Info] [hammerspace.main] [CloneACT] 7,392 bytes from block+0x1FA40
[2026-09-19 00:03:31] [Info] [hammerspace.main] [ACT] custom submesh 'custom0': bone 2 GeoId -> 3 at ACT+0x6C (section-relative; stable across hammerspace relocation)
[2026-09-19 00:03:31] [Info] [hammerspace.main] [CloneACT] 7,392 bytes from block+0x1FA40
[2026-09-19 00:03:31] [Info] [hammerspace.main] [CloneTEX] 248,000 bytes from block+0x21720
[2026-09-19 00:03:31] [Info] [hammerspace.main] [CloneSKN] 38,208 bytes from block+0x5DFE0
[2026-09-19 00:03:31] [Info] [hammerspace.main] [CloneHEADER] 0x20 bytes from offset 0x04AA6C20
[2026-09-19 00:03:31] [Info] [hammerspace.main] [HDR] +0x18 patched: 0x00067520 → 0x00067780
[2026-09-19 00:03:31] [Info] [hammerspace.main] [CloneGPL] 129,568 bytes from block+0x20
[2026-09-19 00:03:31] [Info] [hammerspace.main] [GPL] patched position array sub0 at GPL+0x60 (22,224 bytes)
[2026-09-19 00:03:31] [Info] [hammerspace.main] [GPL] appended custom submesh 'custom0' as submesh 3 (host bone 2, template builtin:rigid_spec_v1)
[2026-09-19 00:03:31] [Info] [hammerspace.main] [CloneACT] 7,392 bytes from block+0x1FA40
[2026-09-19 00:03:31] [Info] [hammerspace.main] [ACT] custom submesh 'custom0': bone 2 GeoId -> 3 at ACT+0x6C (section-relative; stable across hammerspace relocation)
[2026-09-19 00:03:31] [Info] [hammerspace.main] [CloneACT] 7,392 bytes from block+0x1FA40
[2026-09-19 00:03:31] [Info] [hammerspace.main] [CloneTEX] 248,000 bytes from block+0x21720
[2026-09-19 00:03:31] [Info] [hammerspace.main] [CloneSKN] 38,208 bytes from block+0x5DFE0
[2026-09-19 00:03:31] [Info] [hammerspace.main] [CloneHEADER] 0x20 bytes from offset 0x04AA6C20
[2026-09-19 00:03:31] [Info] [hammerspace.main] [HDR] +0x18 patched: 0x00067520 → 0x00067780
[2026-09-19 00:03:31] [Info] [dispatcher] Resolved PNG '0.png' → model.sluggie texture 0
[2026-09-19 00:03:31] [Info] [dispatcher] Resolved PNG '0.png' → model.sluggie texture 0
[2026-09-19 00:03:31] [Info] [dispatcher] Found: C:\Users\gerno\AppData\Local\Temp\tmp49ldefgd\model.sluggie
[2026-09-19 00:03:31] [Info] [dispatcher] Resolved PNG '0.png' → model.sluggie texture 0
[2026-09-19 00:03:31] [Info] [dispatcher] Found: C:\Users\gerno\AppData\Local\Temp\tmpcm22ssul\model.sluggie
[2026-09-19 00:03:31] [Warning] [act] bone 0 is not relative
[2026-09-19 00:03:31] [Warning] [act] bone 0 is not relative
[2026-09-19 00:03:31] [Warning] [act] bone 0 is not relative
[2026-09-19 00:03:32] [Info] [hammerspace.helper] [1] Current DOL entry: chunk=0, file_index=0, offset=0x00000008 (8), length=0x00000008 (8 bytes)
[2026-09-19 00:03:32] [Info] [hammerspace.helper] [2] Original DOL entry: offset=0x00000008 (8), length=0x00000008 (8 bytes)
[2026-09-19 00:03:32] [Info] [hammerspace.helper] DOL entry was already restored; original model bytes were repaired and verified.
[2026-09-19 00:03:32] [Info] [hammerspace.helper] [1] Current DOL entry: chunk=0, file_index=0, offset=0x00000040 (64), length=0x00000008 (8 bytes)
[2026-09-19 00:03:32] [Info] [hammerspace.helper] [2] Original DOL entry: offset=0x00000008 (8), length=0x00000008 (8 bytes)
[2026-09-19 00:03:32] [Info] [hammerspace.helper] [3] Restored and verified 8 original model bytes at 0x00000008.
[2026-09-19 00:03:32] [Info] [hammerspace.helper] [4] Restoring original DOL entry ...
[2026-09-19 00:03:32] [Info] [hammerspace.helper] [5] Zeroing 8 bytes at 0x00000040 in OUTPUT dt_na.dat ...
[2026-09-19 00:03:32] [Info] [hammerspace.helper]     Zeroed 8 bytes.
[2026-09-19 00:03:32] [Info] [hammerspace.helper] Done. chunk=0, file_index=0 removed from hammerspace.
[2026-09-19 00:03:32] [Info] [hammerspace.main] [ACT] bone 5 GeoId -> 65535 at ACT+0x20 (GeoIdEdited retarget; section-relative, stable across hammerspace relocation)
[2026-09-19 00:03:32] [Info] [hammerspace.main] [ACT] custom submesh 'custom0': bone 5 GeoId -> 2 at ACT+0x20 (section-relative; stable across hammerspace relocation)
[2026-09-19 00:03:32] [Info] [hammerspace.main] [ACT] bone 6 GeoId -> 1 at ACT+0x28 (GeoIdEdited retarget; section-relative, stable across hammerspace relocation)
[2026-09-19 00:03:32] [Info] [hammerspace.main] [ACT] bone 5 GeoId -> 65535 at ACT+0x20 (GeoIdEdited retarget; section-relative, stable across hammerspace relocation)
[2026-09-19 00:03:32] [Info] [hammerspace.main] [ACT] custom submesh 'custom0': bone 5 GeoId -> 1 at ACT+0x20 (section-relative; stable across hammerspace relocation)
[2026-09-19 00:03:32] [Info] [hammerspace.main] [ACT] custom submesh 'custom1': bone 6 GeoId -> 2 at ACT+0x28 (section-relative; stable across hammerspace relocation)
[2026-09-19 00:03:32] [Info] [hammerspace.main] [ACT] custom submesh 'custom0': bone 5 GeoId -> 2 at ACT+0x20 (section-relative; stable across hammerspace relocation)
[2026-09-19 00:03:32] [Error] [hammerspace.main] Bone 1: SRTOffset 0x103F is before the ACT section start (0x1040); the .sluggie's SRTOffset metadata does not match this model's ACT section layout. Re-export the model with the latest SluggiesTools export.py, then export from Blender again.
[2026-09-19 00:03:32] [Info] [hammerspace.main] [ACT] root-bone SRT scale: bone 1 wrote 400000003fc000003f800000 at ACT+0x54 (section-relative; stable across hammerspace relocation)
[2026-09-19 00:03:32] [Info] [hammerspace.main] [Container] DOL entry is an archive: 3 slots, 3 populated; rebuilding slot 1 at +0x60 and carrying the other 2 member(s) along
[2026-09-19 00:03:32] [Info] [hammerspace.main] [Container] archive slot 1 64 -> 192 bytes; 1 later slot(s) shifted by +128; archive 256 -> 384 bytes
[2026-09-19 00:03:32] [Info] [hammerspace.main] [Container] preserving 32-byte DOL entry prefix; inner model starts at +0x20
[2026-09-19 00:03:32] [Info] [hammerspace.main] [Container] DOL entry is an archive: 3 slots, 3 populated; rebuilding slot 1 at +0x60 and carrying the other 2 member(s) along
[2026-09-19 00:03:32] [Info] [hammerspace.main] [Container] archive slot 1 64 -> 192 bytes; 1 later slot(s) shifted by +128; archive 256 -> 384 bytes
[2026-09-19 00:03:32] [Info] [hammerspace.main] [Container] DOL entry is an archive: 3 slots, 3 populated; rebuilding slot 1 at +0x60 and carrying the other 2 member(s) along
[2026-09-19 00:03:32] [Info] [hammerspace.main] [Container] archive slot 1 64 -> 192 bytes; 1 later slot(s) shifted by +128; archive 256 -> 384 bytes
[2026-09-19 00:03:32] [Info] [hammerspace.main] [CloneGPL] 4 bytes from block+0x20
[2026-09-19 00:03:32] [Info] [hammerspace.main] [HDR] +0x18 patched: 0x00000180 → 0x00000100
[2026-09-19 00:03:32] [Info] [hammerspace.main] [HDR] +0x14 patched: 0x00000100 → 0x000000A0
[2026-09-19 00:03:32] [Info] [hammerspace.main] [HDR] +0x18 patched: 0x00000140 → 0x000000E0
[2026-09-19 00:03:32] [Info] [hammerspace.main] [HDR] +0x1C patched: 0x00000180 → 0x00000120
[2026-09-19 00:03:32] [Info] [hammerspace.main] [GPL] patched material state sub0 ds0 at GPL+0x10
[2026-09-19 00:03:32] [Info] [hammerspace.main] [GPL] patched material state sub0 ds1 at GPL+0x20
[2026-09-19 00:03:32] [Info] [hammerspace.main] [GPL] patched position array sub0 at GPL+0x10 (6 bytes)
[2026-09-19 00:03:32] [Info] [hammerspace.main] Model already in hammerspace at 0x00003000; keeping the old route live until replacement commits
[2026-09-19 00:03:32] [Info] [hammerspace.main] Hammerspace Log: Replaced | Model: fixture.sluggie | Old address: 0x00003000 | Old size: 0.00 MB
[2026-09-19 00:03:32] [Info] [hammerspace.main] Hammerspace Log: Written | Model: fixture.sluggie | Chunk: 18 | File: 0 | Address: 0x00004000 | Size: 0.00 MB | Modes: {'GPL': 'clone', 'ACT': 'clone', 'TEX': 'clone', 'SKN': 'clone', 'trailing': 'clone'}
[2026-09-19 00:03:32] [Info] [hammerspace.main] Model already in hammerspace at 0x00003000; keeping the old route live until replacement commits
[2026-09-19 00:03:32] [Info] [hammerspace.main] Model already in hammerspace at 0x00003000; keeping the old route live until replacement commits
[2026-09-19 00:03:32] [Info] [hammerspace.main] Hammerspace Log: Replaced | Model: fixture.sluggie | Old address: 0x00003000 | Old size: 0.00 MB
[2026-09-19 00:03:32] [Info] [hammerspace.main] Hammerspace Log: Written | Model: fixture.sluggie | Chunk: 18 | File: 0 | Address: 0x00004000 | Size: 0.00 MB | Modes: {'GPL': 'clone', 'ACT': 'clone', 'TEX': 'clone', 'SKN': 'clone', 'trailing': 'clone'}
[2026-09-19 00:03:32] [Info] [hammerspace.main] Model already in hammerspace at 0x00003000; keeping the old route live until replacement commits
[2026-09-19 00:03:32] [Info] [hammerspace.main] [GPL] appended UV array sub0 uv0 at GPL+0x80 (8 bytes)
[2026-09-19 00:03:32] [Info] [hammerspace.main] [GPL] appended primitive list sub0 ds0 (32 bytes)
[2026-09-19 00:03:32] [Info] [hammerspace.main] [GPL] patched UV array sub0 uv0 at GPL+0x14 (4 bytes)
[2026-09-19 00:03:32] [Info] [hammerspace.main] Hammerspace Log: Written | Model: fixture.sluggie | Chunk: 18 | File: 0 | Address: 0x00001020 | Size: 0.00 MB | Modes: {'GPL': 'clone', 'ACT': 'clone', 'TEX': 'clone', 'SKN': 'clone', 'trailing': 'clone'}
[2026-09-19 00:03:32] [Info] [hammerspace.main] Hammerspace Log: Written | Model: fixture.sluggie | Chunk: 18 | File: 0 | Address: 0x00002000 | Size: 0.00 MB | Modes: {'GPL': 'clone', 'ACT': 'clone', 'TEX': 'clone', 'SKN': 'clone', 'trailing': 'clone'}
[2026-09-19 00:03:32] [Warning] [hammerspace.main] [SKN] SK1/SK2 destinations are not cache-line exclusive; source arrays packed sequentially instead of mirroring the position buffer (donor layout rule) — facial poses on skinned vertices may break in-game
[2026-09-19 00:03:32] [Info] [hammerspace.main] [BuildTEX] built 5 texture(s), 5 image payload(s), 0 palette payload(s); section size 832 bytes
[2026-09-19 00:03:32] [Info] [hammerspace.main] [BuildTEX] built 2 texture(s), 2 image payload(s), 0 palette payload(s); section size 160 bytes
[2026-09-19 00:03:32] [Info] [hammerspace.main] [BuildTEX] No textures; returning empty TEX section
[2026-09-19 00:03:32] [Info] [hammerspace.main] [BuildTEX] built 2 texture(s), 2 image payload(s), 0 palette payload(s); section size 160 bytes
[2026-09-19 00:03:32] [Info] [hammerspace.main] [BuildTEX] built 2 texture(s), 2 image payload(s), 2 palette payload(s); section size 256 bytes
[2026-09-19 00:03:32] [Info] [hammerspace.main] [BuildTEX] built 1 texture(s), 1 image payload(s), 0 palette payload(s); section size 96 bytes
[2026-09-19 00:03:32] [Info] [hammerspace.main] [CloneGPL] 129,568 bytes from block+0x20
[2026-09-19 00:03:32] [Info] [hammerspace.main] [GPL] appended custom submesh 'custom0' as submesh 3 (host bone 2, template builtin:rigid_spec_v1)
[2026-09-19 00:03:32] [Info] [hammerspace.main] [CloneACT] 7,392 bytes from block+0x1FA40
[2026-09-19 00:03:32] [Info] [hammerspace.main] [ACT] custom submesh 'custom0': bone 2 GeoId -> 3 at ACT+0x6C (section-relative; stable across hammerspace relocation)
[2026-09-19 00:03:32] [Info] [hammerspace.main] [CloneACT] 7,392 bytes from block+0x1FA40
[2026-09-19 00:03:32] [Info] [hammerspace.main] [CloneTEX] 248,000 bytes from block+0x21720
[2026-09-19 00:03:32] [Info] [hammerspace.main] [CloneSKN] 38,208 bytes from block+0x5DFE0
[2026-09-19 00:03:32] [Info] [hammerspace.main] [CloneHEADER] 0x20 bytes from offset 0x04AA6C20
[2026-09-19 00:03:32] [Info] [hammerspace.main] [HDR] +0x18 patched: 0x00067520 → 0x000677A0
[2026-09-19 00:03:32] [Info] [hammerspace.main] [CloneGPL] 129,568 bytes from block+0x20
[2026-09-19 00:03:32] [Info] [hammerspace.main] [GPL] appended custom submesh 'custom0' as submesh 3 (host bone 4, template derived:sm0_ds5)
[2026-09-19 00:03:32] [Info] [hammerspace.main] [CloneACT] 7,392 bytes from block+0x1FA40
[2026-09-19 00:03:32] [Info] [hammerspace.main] [ACT] custom submesh 'custom0': bone 4 GeoId -> 3 at ACT+0xA4 (section-relative; stable across hammerspace relocation)
[2026-09-19 00:03:32] [Info] [hammerspace.main] [CloneACT] 7,392 bytes from block+0x1FA40
[2026-09-19 00:03:32] [Info] [hammerspace.main] [CloneTEX] 248,000 bytes from block+0x21720
[2026-09-19 00:03:32] [Info] [hammerspace.main] [CloneSKN] 38,208 bytes from block+0x5DFE0
[2026-09-19 00:03:32] [Info] [hammerspace.main] [CloneHEADER] 0x20 bytes from offset 0x04AA6C20
[2026-09-19 00:03:32] [Info] [hammerspace.main] [HDR] +0x18 patched: 0x00067520 → 0x000677A0
[2026-09-19 00:03:32] [Info] [hammerspace.main] [CloneGPL] 129,568 bytes from block+0x20
[2026-09-19 00:03:32] [Info] [hammerspace.main] [CloneGPL] 129,568 bytes from block+0x20
[2026-09-19 00:03:32] [Info] [hammerspace.main] [GPL] appended custom submesh 'custom0' as submesh 3 (host bone 2, template builtin:rigid_spec_v1)
[2026-09-19 00:03:32] [Info] [hammerspace.main] [CloneACT] 7,392 bytes from block+0x1FA40
[2026-09-19 00:03:32] [Info] [hammerspace.main] [ACT] custom submesh 'custom0': bone 2 GeoId -> 3 at ACT+0x6C (section-relative; stable across hammerspace relocation)
[2026-09-19 00:03:32] [Info] [hammerspace.main] [CloneACT] 7,392 bytes from block+0x1FA40
[2026-09-19 00:03:32] [Info] [hammerspace.main] [CloneTEX] 248,000 bytes from block+0x21720
[2026-09-19 00:03:32] [Info] [hammerspace.main] [CloneSKN] 38,208 bytes from block+0x5DFE0
[2026-09-19 00:03:32] [Info] [hammerspace.main] [CloneHEADER] 0x20 bytes from offset 0x04AA6C20
[2026-09-19 00:03:32] [Info] [hammerspace.main] [HDR] +0x18 patched: 0x00067520 → 0x000677A0
[2026-09-19 00:03:32] [Info] [hammerspace.main] [CloneGPL] 129,568 bytes from block+0x20
[2026-09-19 00:03:32] [Info] [hammerspace.main] [GPL] appended custom submesh 'custom0' as submesh 3 (host bone 3, template rigid:sm1_ds5)
[2026-09-19 00:03:32] [Info] [hammerspace.main] [CloneACT] 7,392 bytes from block+0x1FA40
[2026-09-19 00:03:32] [Info] [hammerspace.main] [ACT] custom submesh 'custom0': bone 3 GeoId -> 3 at ACT+0x88 (section-relative; stable across hammerspace relocation)
[2026-09-19 00:03:32] [Info] [hammerspace.main] [CloneACT] 7,392 bytes from block+0x1FA40
[2026-09-19 00:03:32] [Info] [hammerspace.main] [CloneTEX] 248,000 bytes from block+0x21720
[2026-09-19 00:03:32] [Info] [hammerspace.main] [CloneSKN] 38,208 bytes from block+0x5DFE0
[2026-09-19 00:03:32] [Info] [hammerspace.main] [CloneHEADER] 0x20 bytes from offset 0x04AA6C20
[2026-09-19 00:03:32] [Info] [hammerspace.main] [HDR] +0x18 patched: 0x00067520 → 0x000677E0
[2026-09-19 00:03:32] [Info] [hammerspace.main] [GPL] appended custom submesh 'custom0' as submesh 1 (host bone 5, template builtin:rigid_spec_v1)
[2026-09-19 00:03:32] [Info] [geometry.rebuild] [M3.3] sub0: normal buffer compacted to 5 unique normals
[2026-09-19 00:03:32] [Info] [geometry.rebuild] [M3.2] sub0: rebuilt draw states [1]; descriptor upgrades []; triangulated 0 irreducible GX blocks
[2026-09-19 00:03:32] [Info] [geometry.rebuild] [M3.2] sub0 uv0: 6 expanded coords -> 5 compact; indices rebuilt
[2026-09-19 00:03:32] [Info] [geometry.rebuild] [M3.3] sub0: normal buffer compacted to 5 unique normals
[2026-09-19 00:03:32] [Info] [geometry.rebuild] [M3.2] sub0: rebuilt draw states [1]; descriptor upgrades []; triangulated 0 irreducible GX blocks
[2026-09-19 00:03:32] [Info] [geometry.rebuild] [M3.3] sub0: normal buffer compacted to 4 unique normals
[2026-09-19 00:03:40] [Info] [hammerspace.main] [CloneACT] 7,392 bytes from block+0x1FA40
[2026-09-19 00:03:40] [Info] [hammerspace.main] [CloneACT] 7,392 bytes from block+0x1FA40
[2026-09-19 00:03:40] [Info] [hammerspace.main] [ACT] custom submesh 'custom0': bone 52 GeoId -> 3 at ACT+0x5E4 (section-relative; stable across hammerspace relocation)
[2026-09-19 00:03:40] [Info] [hammerspace.main] [CloneACT] 7,392 bytes from block+0x1FA40
[2026-09-19 00:03:40] [Info] [hammerspace.main] [ACT] custom submesh 'custom0': bone 52 GeoId -> 3 at ACT+0x5E4 (section-relative; stable across hammerspace relocation)
[2026-09-19 00:03:40] [Info] [hammerspace.main] [CloneACT] 7,392 bytes from block+0x1FA40
[2026-09-19 00:03:40] [Info] [hammerspace.main] [ACT] custom submesh 'custom0': bone 52 GeoId -> 3 at ACT+0x5E4 (section-relative; stable across hammerspace relocation)
[2026-09-19 00:03:41] [Info] [hammerspace.main] [CloneGPL] 129,568 bytes from block+0x20
[2026-09-19 00:03:41] [Info] [hammerspace.main] [GPL] appended custom submesh 'custom0' as submesh 4 (host bone 52, template builtin:rigid_spec_v1)
[2026-09-19 00:03:41] [Info] [hammerspace.main] [CloneACT] 7,392 bytes from block+0x1FA40
[2026-09-19 00:03:41] [Info] [hammerspace.main] [ACT] bone 2 GeoId -> 3 at ACT+0x6C (GeoIdEdited retarget; section-relative, stable across hammerspace relocation)
[2026-09-19 00:03:41] [Info] [hammerspace.main] [ACT] custom submesh 'custom0': bone 52 GeoId -> 4 at ACT+0x5E4 (section-relative; stable across hammerspace relocation)
[2026-09-19 00:03:41] [Info] [hammerspace.main] [CloneACT] 7,392 bytes from block+0x1FA40
[2026-09-19 00:03:41] [Info] [hammerspace.main] [CloneTEX] 248,000 bytes from block+0x21720
[2026-09-19 00:03:41] [Info] [hammerspace.main] [CloneSKN] 38,208 bytes from block+0x5DFE0
[2026-09-19 00:03:41] [Info] [hammerspace.main] [CloneHEADER] 0x20 bytes from offset 0x04AA6C20
[2026-09-19 00:03:41] [Info] [hammerspace.main] [HDR] +0x18 patched: 0x00067520 → 0x00078CC0
[2026-09-19 00:03:41] [Info] [hammerspace.main] [CloneGPL] 129,568 bytes from block+0x20
[2026-09-19 00:03:41] [Info] [hammerspace.main] [GPL] appended custom submesh 'custom0' as submesh 4 (host bone 52, template builtin:rigid_spec_v1)
[2026-09-19 00:03:41] [Info] [hammerspace.main] [CloneACT] 7,392 bytes from block+0x1FA40
[2026-09-19 00:03:41] [Info] [hammerspace.main] [ACT] bone 2 GeoId -> 3 at ACT+0x6C (GeoIdEdited retarget; section-relative, stable across hammerspace relocation)
[2026-09-19 00:03:41] [Info] [hammerspace.main] [ACT] custom submesh 'custom0': bone 52 GeoId -> 4 at ACT+0x5E4 (section-relative; stable across hammerspace relocation)
[2026-09-19 00:03:41] [Info] [hammerspace.main] [CloneACT] 7,392 bytes from block+0x1FA40
[2026-09-19 00:03:41] [Info] [hammerspace.main] [CloneTEX] 248,000 bytes from block+0x21720
[2026-09-19 00:03:41] [Info] [hammerspace.main] [CloneSKN] 38,208 bytes from block+0x5DFE0
[2026-09-19 00:03:41] [Info] [hammerspace.main] [CloneHEADER] 0x20 bytes from offset 0x04AA6C20
[2026-09-19 00:03:41] [Info] [hammerspace.main] [HDR] +0x18 patched: 0x00067520 → 0x00078CC0
[2026-09-19 00:03:41] [Info] [hammerspace.main] [CloneGPL] 129,568 bytes from block+0x20
[2026-09-19 00:03:41] [Info] [hammerspace.main] [GPL] appended custom submesh 'custom0' as submesh 4 (host bone 52, template builtin:rigid_spec_v1)
[2026-09-19 00:03:41] [Info] [hammerspace.main] [CloneACT] 7,392 bytes from block+0x1FA40
[2026-09-19 00:03:41] [Info] [hammerspace.main] [ACT] bone 2 GeoId -> 3 at ACT+0x6C (GeoIdEdited retarget; section-relative, stable across hammerspace relocation)
[2026-09-19 00:03:41] [Info] [hammerspace.main] [ACT] custom submesh 'custom0': bone 52 GeoId -> 4 at ACT+0x5E4 (section-relative; stable across hammerspace relocation)
[2026-09-19 00:03:41] [Info] [hammerspace.main] [CloneACT] 7,392 bytes from block+0x1FA40
[2026-09-19 00:03:41] [Info] [hammerspace.main] [CloneTEX] 248,000 bytes from block+0x21720
[2026-09-19 00:03:41] [Info] [hammerspace.main] [CloneSKN] 38,208 bytes from block+0x5DFE0
[2026-09-19 00:03:41] [Info] [hammerspace.main] [CloneHEADER] 0x20 bytes from offset 0x04AA6C20
[2026-09-19 00:03:41] [Info] [hammerspace.main] [HDR] +0x18 patched: 0x00067520 → 0x00078CC0
[2026-09-19 00:03:41] [Info] [hammerspace.main] [CloneGPL] 129,568 bytes from block+0x20
[2026-09-19 00:03:41] [Info] [hammerspace.main] [GPL] appended custom submesh 'custom0' as submesh 4 (host bone 52, template builtin:rigid_spec_v1)
[2026-09-19 00:03:41] [Info] [hammerspace.main] [CloneACT] 7,392 bytes from block+0x1FA40
[2026-09-19 00:03:41] [Info] [hammerspace.main] [ACT] bone 2 GeoId -> 3 at ACT+0x6C (GeoIdEdited retarget; section-relative, stable across hammerspace relocation)
[2026-09-19 00:03:41] [Info] [hammerspace.main] [ACT] custom submesh 'custom0': bone 52 GeoId -> 4 at ACT+0x5E4 (section-relative; stable across hammerspace relocation)
[2026-09-19 00:03:41] [Info] [hammerspace.main] [CloneACT] 7,392 bytes from block+0x1FA40
[2026-09-19 00:03:41] [Info] [hammerspace.main] [CloneTEX] 248,000 bytes from block+0x21720
[2026-09-19 00:03:41] [Info] [hammerspace.main] [CloneSKN] 38,208 bytes from block+0x5DFE0
[2026-09-19 00:03:41] [Info] [hammerspace.main] [CloneHEADER] 0x20 bytes from offset 0x04AA6C20
[2026-09-19 00:03:41] [Info] [hammerspace.main] [HDR] +0x18 patched: 0x00067520 → 0x00078CC0
[2026-09-19 00:03:43] [Info] [geometry.rebuild] [M3.3] sub0 color: 4 donor entries -> 4 compact; indices rebuilt
[2026-09-19 00:03:43] [Info] [geometry.rebuild] [M3.2] sub0: rebuilt draw states [1]; descriptor upgrades []; triangulated 0 irreducible GX blocks
[2026-09-19 00:03:43] [Info] [geometry.rebuild] [M3.3] sub0 color: 4 donor entries -> 4 compact; indices preserved
[2026-09-19 00:03:43] [Info] [hammerspace.main] [CloneGPL] 129,568 bytes from block+0x20
[2026-09-19 00:03:43] [Info] [hammerspace.main] [GPL] patched position array sub0 at GPL+0x60 (22,224 bytes)
[2026-09-19 00:03:43] [Info] [hammerspace.main] [GPL] appended custom submesh 'custom0' as submesh 3 (host bone 2, template builtin:rigid_spec_v1)
[2026-09-19 00:03:43] [Info] [hammerspace.main] [CloneACT] 7,392 bytes from block+0x1FA40
[2026-09-19 00:03:43] [Info] [hammerspace.main] [ACT] custom submesh 'custom0': bone 2 GeoId -> 3 at ACT+0x6C (section-relative; stable across hammerspace relocation)
[2026-09-19 00:03:43] [Info] [hammerspace.main] [CloneACT] 7,392 bytes from block+0x1FA40
[2026-09-19 00:03:43] [Info] [hammerspace.main] [CloneTEX] 248,000 bytes from block+0x21720
[2026-09-19 00:03:43] [Info] [hammerspace.main] [CloneSKN] 38,208 bytes from block+0x5DFE0
[2026-09-19 00:03:43] [Info] [hammerspace.main] [CloneHEADER] 0x20 bytes from offset 0x04AA6C20
[2026-09-19 00:03:43] [Info] [hammerspace.main] [HDR] +0x18 patched: 0x00067520 → 0x00067780
[2026-09-19 00:03:43] [Info] [hammerspace.main] [CloneGPL] 129,568 bytes from block+0x20
[2026-09-19 00:03:43] [Info] [hammerspace.main] [GPL] patched position array sub0 at GPL+0x60 (22,224 bytes)
[2026-09-19 00:03:43] [Info] [hammerspace.main] [GPL] appended custom submesh 'custom0' as submesh 3 (host bone 2, template builtin:rigid_spec_v1)
[2026-09-19 00:03:43] [Info] [hammerspace.main] [CloneACT] 7,392 bytes from block+0x1FA40
[2026-09-19 00:03:43] [Info] [hammerspace.main] [ACT] custom submesh 'custom0': bone 2 GeoId -> 3 at ACT+0x6C (section-relative; stable across hammerspace relocation)
[2026-09-19 00:03:43] [Info] [hammerspace.main] [CloneACT] 7,392 bytes from block+0x1FA40
[2026-09-19 00:03:43] [Info] [hammerspace.main] [CloneTEX] 248,000 bytes from block+0x21720
[2026-09-19 00:03:43] [Info] [hammerspace.main] [CloneSKN] 38,208 bytes from block+0x5DFE0
[2026-09-19 00:03:43] [Info] [hammerspace.main] [CloneHEADER] 0x20 bytes from offset 0x04AA6C20
[2026-09-19 00:03:43] [Info] [hammerspace.main] [HDR] +0x18 patched: 0x00067520 → 0x00067780
[2026-09-19 00:03:43] [Info] [hammerspace.main] [CloneGPL] 129,568 bytes from block+0x20
[2026-09-19 00:03:43] [Info] [hammerspace.main] [GPL] patched position array sub0 at GPL+0x60 (22,224 bytes)
[2026-09-19 00:03:43] [Info] [hammerspace.main] [GPL] appended custom submesh 'custom0' as submesh 3 (host bone 2, template rigid:sm1_ds5)
[2026-09-19 00:03:43] [Info] [hammerspace.main] [CloneACT] 7,392 bytes from block+0x1FA40
[2026-09-19 00:03:43] [Info] [hammerspace.main] [ACT] custom submesh 'custom0': bone 2 GeoId -> 3 at ACT+0x6C (section-relative; stable across hammerspace relocation)
[2026-09-19 00:03:43] [Info] [hammerspace.main] [CloneACT] 7,392 bytes from block+0x1FA40
[2026-09-19 00:03:43] [Info] [hammerspace.main] [CloneTEX] 248,000 bytes from block+0x21720
[2026-09-19 00:03:43] [Info] [hammerspace.main] [CloneSKN] 38,208 bytes from block+0x5DFE0
[2026-09-19 00:03:43] [Info] [hammerspace.main] [CloneHEADER] 0x20 bytes from offset 0x04AA6C20
[2026-09-19 00:03:43] [Info] [hammerspace.main] [HDR] +0x18 patched: 0x00067520 → 0x000677C0
[2026-09-19 00:03:43] [Info] [hammerspace.main] [CloneGPL] 129,568 bytes from block+0x20
[2026-09-19 00:03:43] [Info] [hammerspace.main] [GPL] patched position array sub0 at GPL+0x60 (22,224 bytes)
[2026-09-19 00:03:43] [Info] [hammerspace.main] [GPL] appended custom submesh 'custom0' as submesh 3 (host bone 2, template derived:sm0_ds5)
[2026-09-19 00:03:43] [Info] [hammerspace.main] [CloneACT] 7,392 bytes from block+0x1FA40
[2026-09-19 00:03:43] [Info] [hammerspace.main] [ACT] custom submesh 'custom0': bone 2 GeoId -> 3 at ACT+0x6C (section-relative; stable across hammerspace relocation)
[2026-09-19 00:03:43] [Info] [hammerspace.main] [CloneACT] 7,392 bytes from block+0x1FA40
[2026-09-19 00:03:43] [Info] [hammerspace.main] [CloneTEX] 248,000 bytes from block+0x21720
[2026-09-19 00:03:43] [Info] [hammerspace.main] [CloneSKN] 38,208 bytes from block+0x5DFE0
[2026-09-19 00:03:43] [Info] [hammerspace.main] [CloneHEADER] 0x20 bytes from offset 0x04AA6C20
[2026-09-19 00:03:43] [Info] [hammerspace.main] [HDR] +0x18 patched: 0x00067520 → 0x00067780
[2026-09-19 00:03:43] [Info] [hammerspace.main] [CloneGPL] 129,568 bytes from block+0x20
[2026-09-19 00:03:43] [Info] [hammerspace.main] [GPL] patched position array sub0 at GPL+0x60 (22,224 bytes)
[2026-09-19 00:03:43] [Info] [hammerspace.main] [GPL] appended custom submesh 'custom0' as submesh 3 (host bone 2, template builtin:rigid_spec_v1)
[2026-09-19 00:03:43] [Info] [hammerspace.main] [CloneACT] 7,392 bytes from block+0x1FA40
[2026-09-19 00:03:43] [Info] [hammerspace.main] [ACT] custom submesh 'custom0': bone 2 GeoId -> 3 at ACT+0x6C (section-relative; stable across hammerspace relocation)
[2026-09-19 00:03:43] [Info] [hammerspace.main] [CloneACT] 7,392 bytes from block+0x1FA40
[2026-09-19 00:03:43] [Info] [hammerspace.main] [CloneTEX] 248,000 bytes from block+0x21720
[2026-09-19 00:03:43] [Info] [hammerspace.main] [CloneSKN] 38,208 bytes from block+0x5DFE0
[2026-09-19 00:03:43] [Info] [hammerspace.main] [CloneHEADER] 0x20 bytes from offset 0x04AA6C20
[2026-09-19 00:03:43] [Info] [hammerspace.main] [HDR] +0x18 patched: 0x00067520 → 0x00067780
[2026-09-19 00:03:44] [Info] [dispatcher] Resolved PNG '0.png' → model.sluggie texture 0
[2026-09-19 00:03:44] [Info] [dispatcher] Resolved PNG '0.png' → model.sluggie texture 0
[2026-09-19 00:03:44] [Info] [dispatcher] Found: C:\Users\gerno\AppData\Local\Temp\tmpnlqqqrob\model.sluggie
[2026-09-19 00:03:44] [Info] [dispatcher] Resolved PNG '0.png' → model.sluggie texture 0
[2026-09-19 00:03:44] [Info] [dispatcher] Found: C:\Users\gerno\AppData\Local\Temp\tmpn1b62k1v\model.sluggie
[2026-09-19 00:03:44] [Warning] [act] bone 0 is not relative
[2026-09-19 00:03:44] [Warning] [act] bone 0 is not relative
[2026-09-19 00:03:44] [Warning] [act] bone 0 is not relative
[2026-09-19 00:03:45] [Info] [hammerspace.helper] [1] Current DOL entry: chunk=0, file_index=0, offset=0x00000008 (8), length=0x00000008 (8 bytes)
[2026-09-19 00:03:45] [Info] [hammerspace.helper] [2] Original DOL entry: offset=0x00000008 (8), length=0x00000008 (8 bytes)
[2026-09-19 00:03:45] [Info] [hammerspace.helper] DOL entry was already restored; original model bytes were repaired and verified.
[2026-09-19 00:03:45] [Info] [hammerspace.helper] [1] Current DOL entry: chunk=0, file_index=0, offset=0x00000040 (64), length=0x00000008 (8 bytes)
[2026-09-19 00:03:45] [Info] [hammerspace.helper] [2] Original DOL entry: offset=0x00000008 (8), length=0x00000008 (8 bytes)
[2026-09-19 00:03:45] [Info] [hammerspace.helper] [3] Restored and verified 8 original model bytes at 0x00000008.
[2026-09-19 00:03:45] [Info] [hammerspace.helper] [4] Restoring original DOL entry ...
[2026-09-19 00:03:45] [Info] [hammerspace.helper] [5] Zeroing 8 bytes at 0x00000040 in OUTPUT dt_na.dat ...
[2026-09-19 00:03:45] [Info] [hammerspace.helper]     Zeroed 8 bytes.
[2026-09-19 00:03:45] [Info] [hammerspace.helper] Done. chunk=0, file_index=0 removed from hammerspace.
[2026-09-19 00:03:45] [Info] [hammerspace.main] [ACT] bone 5 GeoId -> 65535 at ACT+0x20 (GeoIdEdited retarget; section-relative, stable across hammerspace relocation)
[2026-09-19 00:03:45] [Info] [hammerspace.main] [ACT] custom submesh 'custom0': bone 5 GeoId -> 2 at ACT+0x20 (section-relative; stable across hammerspace relocation)
[2026-09-19 00:03:45] [Info] [hammerspace.main] [ACT] bone 6 GeoId -> 1 at ACT+0x28 (GeoIdEdited retarget; section-relative, stable across hammerspace relocation)
[2026-09-19 00:03:45] [Info] [hammerspace.main] [ACT] bone 5 GeoId -> 65535 at ACT+0x20 (GeoIdEdited retarget; section-relative, stable across hammerspace relocation)
[2026-09-19 00:03:45] [Info] [hammerspace.main] [ACT] custom submesh 'custom0': bone 5 GeoId -> 1 at ACT+0x20 (section-relative; stable across hammerspace relocation)
[2026-09-19 00:03:45] [Info] [hammerspace.main] [ACT] custom submesh 'custom1': bone 6 GeoId -> 2 at ACT+0x28 (section-relative; stable across hammerspace relocation)
[2026-09-19 00:03:45] [Info] [hammerspace.main] [ACT] custom submesh 'custom0': bone 5 GeoId -> 2 at ACT+0x20 (section-relative; stable across hammerspace relocation)
[2026-09-19 00:03:45] [Error] [hammerspace.main] Bone 1: SRTOffset 0x103F is before the ACT section start (0x1040); the .sluggie's SRTOffset metadata does not match this model's ACT section layout. Re-export the model with the latest SluggiesTools export.py, then export from Blender again.
[2026-09-19 00:03:45] [Info] [hammerspace.main] [ACT] root-bone SRT scale: bone 1 wrote 400000003fc000003f800000 at ACT+0x54 (section-relative; stable across hammerspace relocation)
[2026-09-19 00:03:45] [Info] [hammerspace.main] [Container] DOL entry is an archive: 3 slots, 3 populated; rebuilding slot 1 at +0x60 and carrying the other 2 member(s) along
[2026-09-19 00:03:45] [Info] [hammerspace.main] [Container] archive slot 1 64 -> 192 bytes; 1 later slot(s) shifted by +128; archive 256 -> 384 bytes
[2026-09-19 00:03:45] [Info] [hammerspace.main] [Container] preserving 32-byte DOL entry prefix; inner model starts at +0x20
[2026-09-19 00:03:45] [Info] [hammerspace.main] [Container] DOL entry is an archive: 3 slots, 3 populated; rebuilding slot 1 at +0x60 and carrying the other 2 member(s) along
[2026-09-19 00:03:45] [Info] [hammerspace.main] [Container] archive slot 1 64 -> 192 bytes; 1 later slot(s) shifted by +128; archive 256 -> 384 bytes
[2026-09-19 00:03:45] [Info] [hammerspace.main] [Container] DOL entry is an archive: 3 slots, 3 populated; rebuilding slot 1 at +0x60 and carrying the other 2 member(s) along
[2026-09-19 00:03:45] [Info] [hammerspace.main] [Container] archive slot 1 64 -> 192 bytes; 1 later slot(s) shifted by +128; archive 256 -> 384 bytes
[2026-09-19 00:03:45] [Info] [hammerspace.main] [CloneGPL] 4 bytes from block+0x20
[2026-09-19 00:03:45] [Info] [hammerspace.main] [HDR] +0x18 patched: 0x00000180 → 0x00000100
[2026-09-19 00:03:45] [Info] [hammerspace.main] [HDR] +0x14 patched: 0x00000100 → 0x000000A0
[2026-09-19 00:03:45] [Info] [hammerspace.main] [HDR] +0x18 patched: 0x00000140 → 0x000000E0
[2026-09-19 00:03:45] [Info] [hammerspace.main] [HDR] +0x1C patched: 0x00000180 → 0x00000120
[2026-09-19 00:03:45] [Info] [hammerspace.main] [GPL] patched material state sub0 ds0 at GPL+0x10
[2026-09-19 00:03:45] [Info] [hammerspace.main] [GPL] patched material state sub0 ds1 at GPL+0x20
[2026-09-19 00:03:45] [Info] [hammerspace.main] [GPL] patched position array sub0 at GPL+0x10 (6 bytes)
[2026-09-19 00:03:45] [Info] [hammerspace.main] Model already in hammerspace at 0x00003000; keeping the old route live until replacement commits
[2026-09-19 00:03:45] [Info] [hammerspace.main] Hammerspace Log: Replaced | Model: fixture.sluggie | Old address: 0x00003000 | Old size: 0.00 MB
[2026-09-19 00:03:45] [Info] [hammerspace.main] Hammerspace Log: Written | Model: fixture.sluggie | Chunk: 18 | File: 0 | Address: 0x00004000 | Size: 0.00 MB | Modes: {'GPL': 'clone', 'ACT': 'clone', 'TEX': 'clone', 'SKN': 'clone', 'trailing': 'clone'}
[2026-09-19 00:03:45] [Info] [hammerspace.main] Model already in hammerspace at 0x00003000; keeping the old route live until replacement commits
[2026-09-19 00:03:45] [Info] [hammerspace.main] Model already in hammerspace at 0x00003000; keeping the old route live until replacement commits
[2026-09-19 00:03:45] [Info] [hammerspace.main] Hammerspace Log: Replaced | Model: fixture.sluggie | Old address: 0x00003000 | Old size: 0.00 MB
[2026-09-19 00:03:45] [Info] [hammerspace.main] Hammerspace Log: Written | Model: fixture.sluggie | Chunk: 18 | File: 0 | Address: 0x00004000 | Size: 0.00 MB | Modes: {'GPL': 'clone', 'ACT': 'clone', 'TEX': 'clone', 'SKN': 'clone', 'trailing': 'clone'}
[2026-09-19 00:03:45] [Info] [hammerspace.main] Model already in hammerspace at 0x00003000; keeping the old route live until replacement commits
[2026-09-19 00:03:45] [Info] [hammerspace.main] [GPL] appended UV array sub0 uv0 at GPL+0x80 (8 bytes)
[2026-09-19 00:03:45] [Info] [hammerspace.main] [GPL] appended primitive list sub0 ds0 (32 bytes)
[2026-09-19 00:03:45] [Info] [hammerspace.main] [GPL] patched UV array sub0 uv0 at GPL+0x14 (4 bytes)
[2026-09-19 00:03:45] [Info] [hammerspace.main] Hammerspace Log: Written | Model: fixture.sluggie | Chunk: 18 | File: 0 | Address: 0x00001020 | Size: 0.00 MB | Modes: {'GPL': 'clone', 'ACT': 'clone', 'TEX': 'clone', 'SKN': 'clone', 'trailing': 'clone'}
[2026-09-19 00:03:45] [Info] [hammerspace.main] Hammerspace Log: Written | Model: fixture.sluggie | Chunk: 18 | File: 0 | Address: 0x00002000 | Size: 0.00 MB | Modes: {'GPL': 'clone', 'ACT': 'clone', 'TEX': 'clone', 'SKN': 'clone', 'trailing': 'clone'}
[2026-09-19 00:03:45] [Warning] [hammerspace.main] [SKN] SK1/SK2 destinations are not cache-line exclusive; source arrays packed sequentially instead of mirroring the position buffer (donor layout rule) — facial poses on skinned vertices may break in-game
[2026-09-19 00:03:45] [Info] [hammerspace.main] [BuildTEX] built 5 texture(s), 5 image payload(s), 0 palette payload(s); section size 832 bytes
[2026-09-19 00:03:45] [Info] [hammerspace.main] [BuildTEX] built 2 texture(s), 2 image payload(s), 0 palette payload(s); section size 160 bytes
[2026-09-19 00:03:45] [Info] [hammerspace.main] [BuildTEX] No textures; returning empty TEX section
[2026-09-19 00:03:45] [Info] [hammerspace.main] [BuildTEX] built 2 texture(s), 2 image payload(s), 0 palette payload(s); section size 160 bytes
[2026-09-19 00:03:45] [Info] [hammerspace.main] [BuildTEX] built 2 texture(s), 2 image payload(s), 2 palette payload(s); section size 256 bytes
[2026-09-19 00:03:45] [Info] [hammerspace.main] [BuildTEX] built 1 texture(s), 1 image payload(s), 0 palette payload(s); section size 96 bytes
[2026-09-19 00:03:45] [Info] [hammerspace.main] [CloneGPL] 129,568 bytes from block+0x20
[2026-09-19 00:03:45] [Info] [hammerspace.main] [GPL] appended custom submesh 'custom0' as submesh 3 (host bone 2, template builtin:rigid_spec_v1)
[2026-09-19 00:03:45] [Info] [hammerspace.main] [CloneACT] 7,392 bytes from block+0x1FA40
[2026-09-19 00:03:45] [Info] [hammerspace.main] [ACT] custom submesh 'custom0': bone 2 GeoId -> 3 at ACT+0x6C (section-relative; stable across hammerspace relocation)
[2026-09-19 00:03:45] [Info] [hammerspace.main] [CloneACT] 7,392 bytes from block+0x1FA40
[2026-09-19 00:03:45] [Info] [hammerspace.main] [CloneTEX] 248,000 bytes from block+0x21720
[2026-09-19 00:03:45] [Info] [hammerspace.main] [CloneSKN] 38,208 bytes from block+0x5DFE0
[2026-09-19 00:03:45] [Info] [hammerspace.main] [CloneHEADER] 0x20 bytes from offset 0x04AA6C20
[2026-09-19 00:03:45] [Info] [hammerspace.main] [HDR] +0x18 patched: 0x00067520 → 0x000677A0
[2026-09-19 00:03:45] [Info] [hammerspace.main] [CloneGPL] 129,568 bytes from block+0x20
[2026-09-19 00:03:45] [Info] [hammerspace.main] [GPL] appended custom submesh 'custom0' as submesh 3 (host bone 4, template derived:sm0_ds5)
[2026-09-19 00:03:45] [Info] [hammerspace.main] [CloneACT] 7,392 bytes from block+0x1FA40
[2026-09-19 00:03:45] [Info] [hammerspace.main] [ACT] custom submesh 'custom0': bone 4 GeoId -> 3 at ACT+0xA4 (section-relative; stable across hammerspace relocation)
[2026-09-19 00:03:45] [Info] [hammerspace.main] [CloneACT] 7,392 bytes from block+0x1FA40
[2026-09-19 00:03:45] [Info] [hammerspace.main] [CloneTEX] 248,000 bytes from block+0x21720
[2026-09-19 00:03:45] [Info] [hammerspace.main] [CloneSKN] 38,208 bytes from block+0x5DFE0
[2026-09-19 00:03:45] [Info] [hammerspace.main] [CloneHEADER] 0x20 bytes from offset 0x04AA6C20
[2026-09-19 00:03:45] [Info] [hammerspace.main] [HDR] +0x18 patched: 0x00067520 → 0x000677A0
[2026-09-19 00:03:45] [Info] [hammerspace.main] [CloneGPL] 129,568 bytes from block+0x20
[2026-09-19 00:03:45] [Info] [hammerspace.main] [CloneGPL] 129,568 bytes from block+0x20
[2026-09-19 00:03:45] [Info] [hammerspace.main] [GPL] appended custom submesh 'custom0' as submesh 3 (host bone 2, template builtin:rigid_spec_v1)
[2026-09-19 00:03:45] [Info] [hammerspace.main] [CloneACT] 7,392 bytes from block+0x1FA40
[2026-09-19 00:03:45] [Info] [hammerspace.main] [ACT] custom submesh 'custom0': bone 2 GeoId -> 3 at ACT+0x6C (section-relative; stable across hammerspace relocation)
[2026-09-19 00:03:45] [Info] [hammerspace.main] [CloneACT] 7,392 bytes from block+0x1FA40
[2026-09-19 00:03:45] [Info] [hammerspace.main] [CloneTEX] 248,000 bytes from block+0x21720
[2026-09-19 00:03:45] [Info] [hammerspace.main] [CloneSKN] 38,208 bytes from block+0x5DFE0
[2026-09-19 00:03:45] [Info] [hammerspace.main] [CloneHEADER] 0x20 bytes from offset 0x04AA6C20
[2026-09-19 00:03:45] [Info] [hammerspace.main] [HDR] +0x18 patched: 0x00067520 → 0x000677A0
[2026-09-19 00:03:45] [Info] [hammerspace.main] [CloneGPL] 129,568 bytes from block+0x20
[2026-09-19 00:03:45] [Info] [hammerspace.main] [GPL] appended custom submesh 'custom0' as submesh 3 (host bone 3, template rigid:sm1_ds5)
[2026-09-19 00:03:45] [Info] [hammerspace.main] [CloneACT] 7,392 bytes from block+0x1FA40
[2026-09-19 00:03:45] [Info] [hammerspace.main] [ACT] custom submesh 'custom0': bone 3 GeoId -> 3 at ACT+0x88 (section-relative; stable across hammerspace relocation)
[2026-09-19 00:03:45] [Info] [hammerspace.main] [CloneACT] 7,392 bytes from block+0x1FA40
[2026-09-19 00:03:45] [Info] [hammerspace.main] [CloneTEX] 248,000 bytes from block+0x21720
[2026-09-19 00:03:45] [Info] [hammerspace.main] [CloneSKN] 38,208 bytes from block+0x5DFE0
[2026-09-19 00:03:45] [Info] [hammerspace.main] [CloneHEADER] 0x20 bytes from offset 0x04AA6C20
[2026-09-19 00:03:45] [Info] [hammerspace.main] [HDR] +0x18 patched: 0x00067520 → 0x000677E0
[2026-09-19 00:03:45] [Info] [hammerspace.main] [GPL] appended custom submesh 'custom0' as submesh 1 (host bone 5, template builtin:rigid_spec_v1)
[2026-09-19 00:03:45] [Info] [geometry.rebuild] [M3.3] sub0: normal buffer compacted to 5 unique normals
[2026-09-19 00:03:45] [Info] [geometry.rebuild] [M3.2] sub0: rebuilt draw states [1]; descriptor upgrades []; triangulated 0 irreducible GX blocks
[2026-09-19 00:03:45] [Info] [geometry.rebuild] [M3.2] sub0 uv0: 6 expanded coords -> 5 compact; indices rebuilt
[2026-09-19 00:03:45] [Info] [geometry.rebuild] [M3.3] sub0: normal buffer compacted to 5 unique normals
[2026-09-19 00:03:45] [Info] [geometry.rebuild] [M3.2] sub0: rebuilt draw states [1]; descriptor upgrades []; triangulated 0 irreducible GX blocks
[2026-09-19 00:03:45] [Info] [geometry.rebuild] [M3.3] sub0: normal buffer compacted to 4 unique normals
[2026-09-19 00:04:08] [Info] [hammerspace.main] [CloneACT] 7,392 bytes from block+0x1FA40
[2026-09-19 00:04:08] [Info] [hammerspace.main] [CloneACT] 7,392 bytes from block+0x1FA40
[2026-09-19 00:04:08] [Info] [hammerspace.main] [ACT] custom submesh 'custom0': bone 52 GeoId -> 3 at ACT+0x5E4 (section-relative; stable across hammerspace relocation)
[2026-09-19 00:04:08] [Info] [hammerspace.main] [CloneACT] 7,392 bytes from block+0x1FA40
[2026-09-19 00:04:08] [Info] [hammerspace.main] [ACT] custom submesh 'custom0': bone 52 GeoId -> 3 at ACT+0x5E4 (section-relative; stable across hammerspace relocation)
[2026-09-19 00:04:08] [Info] [hammerspace.main] [CloneACT] 7,392 bytes from block+0x1FA40
[2026-09-19 00:04:08] [Info] [hammerspace.main] [ACT] custom submesh 'custom0': bone 52 GeoId -> 3 at ACT+0x5E4 (section-relative; stable across hammerspace relocation)
[2026-09-19 00:04:09] [Info] [hammerspace.main] [CloneGPL] 129,568 bytes from block+0x20
[2026-09-19 00:04:09] [Info] [hammerspace.main] [GPL] appended custom submesh 'custom0' as submesh 4 (host bone 52, template builtin:rigid_spec_v1)
[2026-09-19 00:04:09] [Info] [hammerspace.main] [CloneACT] 7,392 bytes from block+0x1FA40
[2026-09-19 00:04:09] [Info] [hammerspace.main] [ACT] bone 2 GeoId -> 3 at ACT+0x6C (GeoIdEdited retarget; section-relative, stable across hammerspace relocation)
[2026-09-19 00:04:09] [Info] [hammerspace.main] [ACT] custom submesh 'custom0': bone 52 GeoId -> 4 at ACT+0x5E4 (section-relative; stable across hammerspace relocation)
[2026-09-19 00:04:09] [Info] [hammerspace.main] [CloneACT] 7,392 bytes from block+0x1FA40
[2026-09-19 00:04:09] [Info] [hammerspace.main] [CloneTEX] 248,000 bytes from block+0x21720
[2026-09-19 00:04:09] [Info] [hammerspace.main] [CloneSKN] 38,208 bytes from block+0x5DFE0
[2026-09-19 00:04:09] [Info] [hammerspace.main] [CloneHEADER] 0x20 bytes from offset 0x04AA6C20
[2026-09-19 00:04:09] [Info] [hammerspace.main] [HDR] +0x18 patched: 0x00067520 → 0x00078CE0
[2026-09-19 00:04:09] [Info] [hammerspace.main] [CloneGPL] 129,568 bytes from block+0x20
[2026-09-19 00:04:09] [Info] [hammerspace.main] [GPL] appended custom submesh 'custom0' as submesh 4 (host bone 52, template builtin:rigid_spec_v1)
[2026-09-19 00:04:09] [Info] [hammerspace.main] [CloneACT] 7,392 bytes from block+0x1FA40
[2026-09-19 00:04:09] [Info] [hammerspace.main] [ACT] bone 2 GeoId -> 3 at ACT+0x6C (GeoIdEdited retarget; section-relative, stable across hammerspace relocation)
[2026-09-19 00:04:09] [Info] [hammerspace.main] [ACT] custom submesh 'custom0': bone 52 GeoId -> 4 at ACT+0x5E4 (section-relative; stable across hammerspace relocation)
[2026-09-19 00:04:09] [Info] [hammerspace.main] [CloneACT] 7,392 bytes from block+0x1FA40
[2026-09-19 00:04:09] [Info] [hammerspace.main] [CloneTEX] 248,000 bytes from block+0x21720
[2026-09-19 00:04:09] [Info] [hammerspace.main] [CloneSKN] 38,208 bytes from block+0x5DFE0
[2026-09-19 00:04:09] [Info] [hammerspace.main] [CloneHEADER] 0x20 bytes from offset 0x04AA6C20
[2026-09-19 00:04:09] [Info] [hammerspace.main] [HDR] +0x18 patched: 0x00067520 → 0x00078CE0
[2026-09-19 00:04:09] [Info] [hammerspace.main] [CloneGPL] 129,568 bytes from block+0x20
[2026-09-19 00:04:09] [Info] [hammerspace.main] [GPL] appended custom submesh 'custom0' as submesh 4 (host bone 52, template builtin:rigid_spec_v1)
[2026-09-19 00:04:09] [Info] [hammerspace.main] [CloneACT] 7,392 bytes from block+0x1FA40
[2026-09-19 00:04:09] [Info] [hammerspace.main] [ACT] bone 2 GeoId -> 3 at ACT+0x6C (GeoIdEdited retarget; section-relative, stable across hammerspace relocation)
[2026-09-19 00:04:09] [Info] [hammerspace.main] [ACT] custom submesh 'custom0': bone 52 GeoId -> 4 at ACT+0x5E4 (section-relative; stable across hammerspace relocation)
[2026-09-19 00:04:09] [Info] [hammerspace.main] [CloneACT] 7,392 bytes from block+0x1FA40
[2026-09-19 00:04:09] [Info] [hammerspace.main] [CloneTEX] 248,000 bytes from block+0x21720
[2026-09-19 00:04:09] [Info] [hammerspace.main] [CloneSKN] 38,208 bytes from block+0x5DFE0
[2026-09-19 00:04:09] [Info] [hammerspace.main] [CloneHEADER] 0x20 bytes from offset 0x04AA6C20
[2026-09-19 00:04:09] [Info] [hammerspace.main] [HDR] +0x18 patched: 0x00067520 → 0x00078CE0
[2026-09-19 00:04:09] [Info] [hammerspace.main] [CloneGPL] 129,568 bytes from block+0x20
[2026-09-19 00:04:09] [Info] [hammerspace.main] [GPL] appended custom submesh 'custom0' as submesh 4 (host bone 52, template builtin:rigid_spec_v1)
[2026-09-19 00:04:09] [Info] [hammerspace.main] [CloneACT] 7,392 bytes from block+0x1FA40
[2026-09-19 00:04:09] [Info] [hammerspace.main] [ACT] bone 2 GeoId -> 3 at ACT+0x6C (GeoIdEdited retarget; section-relative, stable across hammerspace relocation)
[2026-09-19 00:04:09] [Info] [hammerspace.main] [ACT] custom submesh 'custom0': bone 52 GeoId -> 4 at ACT+0x5E4 (section-relative; stable across hammerspace relocation)
[2026-09-19 00:04:09] [Info] [hammerspace.main] [CloneACT] 7,392 bytes from block+0x1FA40
[2026-09-19 00:04:09] [Info] [hammerspace.main] [CloneTEX] 248,000 bytes from block+0x21720
[2026-09-19 00:04:09] [Info] [hammerspace.main] [CloneSKN] 38,208 bytes from block+0x5DFE0
[2026-09-19 00:04:09] [Info] [hammerspace.main] [CloneHEADER] 0x20 bytes from offset 0x04AA6C20
[2026-09-19 00:04:09] [Info] [hammerspace.main] [HDR] +0x18 patched: 0x00067520 → 0x00078CE0
[2026-09-19 00:04:11] [Info] [geometry.rebuild] [M3.3] sub0 color: 4 donor entries -> 4 compact; indices rebuilt
[2026-09-19 00:04:11] [Info] [geometry.rebuild] [M3.2] sub0: rebuilt draw states [1]; descriptor upgrades []; triangulated 0 irreducible GX blocks
[2026-09-19 00:04:11] [Info] [geometry.rebuild] [M3.3] sub0 color: 4 donor entries -> 4 compact; indices preserved
[2026-09-19 00:04:11] [Info] [hammerspace.main] [CloneGPL] 129,568 bytes from block+0x20
[2026-09-19 00:04:11] [Info] [hammerspace.main] [GPL] patched position array sub0 at GPL+0x60 (22,224 bytes)
[2026-09-19 00:04:11] [Info] [hammerspace.main] [GPL] appended custom submesh 'custom0' as submesh 3 (host bone 2, template builtin:rigid_spec_v1)
[2026-09-19 00:04:11] [Info] [hammerspace.main] [CloneACT] 7,392 bytes from block+0x1FA40
[2026-09-19 00:04:11] [Info] [hammerspace.main] [ACT] custom submesh 'custom0': bone 2 GeoId -> 3 at ACT+0x6C (section-relative; stable across hammerspace relocation)
[2026-09-19 00:04:11] [Info] [hammerspace.main] [CloneACT] 7,392 bytes from block+0x1FA40
[2026-09-19 00:04:11] [Info] [hammerspace.main] [CloneTEX] 248,000 bytes from block+0x21720
[2026-09-19 00:04:11] [Info] [hammerspace.main] [CloneSKN] 38,208 bytes from block+0x5DFE0
[2026-09-19 00:04:11] [Info] [hammerspace.main] [CloneHEADER] 0x20 bytes from offset 0x04AA6C20
[2026-09-19 00:04:11] [Info] [hammerspace.main] [HDR] +0x18 patched: 0x00067520 → 0x00067780
[2026-09-19 00:04:11] [Info] [hammerspace.main] [CloneGPL] 129,568 bytes from block+0x20
[2026-09-19 00:04:11] [Info] [hammerspace.main] [GPL] patched position array sub0 at GPL+0x60 (22,224 bytes)
[2026-09-19 00:04:11] [Info] [hammerspace.main] [GPL] appended custom submesh 'custom0' as submesh 3 (host bone 2, template builtin:rigid_spec_v1)
[2026-09-19 00:04:11] [Info] [hammerspace.main] [CloneACT] 7,392 bytes from block+0x1FA40
[2026-09-19 00:04:11] [Info] [hammerspace.main] [ACT] custom submesh 'custom0': bone 2 GeoId -> 3 at ACT+0x6C (section-relative; stable across hammerspace relocation)
[2026-09-19 00:04:11] [Info] [hammerspace.main] [CloneACT] 7,392 bytes from block+0x1FA40
[2026-09-19 00:04:11] [Info] [hammerspace.main] [CloneTEX] 248,000 bytes from block+0x21720
[2026-09-19 00:04:11] [Info] [hammerspace.main] [CloneSKN] 38,208 bytes from block+0x5DFE0
[2026-09-19 00:04:11] [Info] [hammerspace.main] [CloneHEADER] 0x20 bytes from offset 0x04AA6C20
[2026-09-19 00:04:11] [Info] [hammerspace.main] [HDR] +0x18 patched: 0x00067520 → 0x00067780
[2026-09-19 00:04:11] [Info] [hammerspace.main] [CloneGPL] 129,568 bytes from block+0x20
[2026-09-19 00:04:11] [Info] [hammerspace.main] [GPL] patched position array sub0 at GPL+0x60 (22,224 bytes)
[2026-09-19 00:04:11] [Info] [hammerspace.main] [GPL] appended custom submesh 'custom0' as submesh 3 (host bone 2, template rigid:sm1_ds5)
[2026-09-19 00:04:11] [Info] [hammerspace.main] [CloneACT] 7,392 bytes from block+0x1FA40
[2026-09-19 00:04:11] [Info] [hammerspace.main] [ACT] custom submesh 'custom0': bone 2 GeoId -> 3 at ACT+0x6C (section-relative; stable across hammerspace relocation)
[2026-09-19 00:04:11] [Info] [hammerspace.main] [CloneACT] 7,392 bytes from block+0x1FA40
[2026-09-19 00:04:11] [Info] [hammerspace.main] [CloneTEX] 248,000 bytes from block+0x21720
[2026-09-19 00:04:11] [Info] [hammerspace.main] [CloneSKN] 38,208 bytes from block+0x5DFE0
[2026-09-19 00:04:11] [Info] [hammerspace.main] [CloneHEADER] 0x20 bytes from offset 0x04AA6C20
[2026-09-19 00:04:11] [Info] [hammerspace.main] [HDR] +0x18 patched: 0x00067520 → 0x000677C0
[2026-09-19 00:04:11] [Info] [hammerspace.main] [CloneGPL] 129,568 bytes from block+0x20
[2026-09-19 00:04:11] [Info] [hammerspace.main] [GPL] patched position array sub0 at GPL+0x60 (22,224 bytes)
[2026-09-19 00:04:11] [Info] [hammerspace.main] [GPL] appended custom submesh 'custom0' as submesh 3 (host bone 2, template derived:sm0_ds5)
[2026-09-19 00:04:11] [Info] [hammerspace.main] [CloneACT] 7,392 bytes from block+0x1FA40
[2026-09-19 00:04:11] [Info] [hammerspace.main] [ACT] custom submesh 'custom0': bone 2 GeoId -> 3 at ACT+0x6C (section-relative; stable across hammerspace relocation)
[2026-09-19 00:04:11] [Info] [hammerspace.main] [CloneACT] 7,392 bytes from block+0x1FA40
[2026-09-19 00:04:11] [Info] [hammerspace.main] [CloneTEX] 248,000 bytes from block+0x21720
[2026-09-19 00:04:11] [Info] [hammerspace.main] [CloneSKN] 38,208 bytes from block+0x5DFE0
[2026-09-19 00:04:11] [Info] [hammerspace.main] [CloneHEADER] 0x20 bytes from offset 0x04AA6C20
[2026-09-19 00:04:11] [Info] [hammerspace.main] [HDR] +0x18 patched: 0x00067520 → 0x00067780
[2026-09-19 00:04:11] [Info] [hammerspace.main] [CloneGPL] 129,568 bytes from block+0x20
[2026-09-19 00:04:11] [Info] [hammerspace.main] [GPL] patched position array sub0 at GPL+0x60 (22,224 bytes)
[2026-09-19 00:04:11] [Info] [hammerspace.main] [GPL] appended custom submesh 'custom0' as submesh 3 (host bone 2, template builtin:rigid_spec_v1)
[2026-09-19 00:04:11] [Info] [hammerspace.main] [CloneACT] 7,392 bytes from block+0x1FA40
[2026-09-19 00:04:11] [Info] [hammerspace.main] [ACT] custom submesh 'custom0': bone 2 GeoId -> 3 at ACT+0x6C (section-relative; stable across hammerspace relocation)
[2026-09-19 00:04:11] [Info] [hammerspace.main] [CloneACT] 7,392 bytes from block+0x1FA40
[2026-09-19 00:04:11] [Info] [hammerspace.main] [CloneTEX] 248,000 bytes from block+0x21720
[2026-09-19 00:04:11] [Info] [hammerspace.main] [CloneSKN] 38,208 bytes from block+0x5DFE0
[2026-09-19 00:04:11] [Info] [hammerspace.main] [CloneHEADER] 0x20 bytes from offset 0x04AA6C20
[2026-09-19 00:04:11] [Info] [hammerspace.main] [HDR] +0x18 patched: 0x00067520 → 0x00067780
[2026-09-19 00:04:12] [Info] [dispatcher] Resolved PNG '0.png' → model.sluggie texture 0
[2026-09-19 00:04:12] [Info] [dispatcher] Resolved PNG '0.png' → model.sluggie texture 0
[2026-09-19 00:04:12] [Info] [dispatcher] Found: C:\Users\gerno\AppData\Local\Temp\tmpazkckyx4\model.sluggie
[2026-09-19 00:04:12] [Info] [dispatcher] Resolved PNG '0.png' → model.sluggie texture 0
[2026-09-19 00:04:12] [Info] [dispatcher] Found: C:\Users\gerno\AppData\Local\Temp\tmp3dxhxh0j\model.sluggie
[2026-09-19 00:04:12] [Warning] [act] bone 0 is not relative
[2026-09-19 00:04:12] [Warning] [act] bone 0 is not relative
[2026-09-19 00:04:12] [Warning] [act] bone 0 is not relative
[2026-09-19 00:04:13] [Info] [hammerspace.helper] [1] Current DOL entry: chunk=0, file_index=0, offset=0x00000008 (8), length=0x00000008 (8 bytes)
[2026-09-19 00:04:13] [Info] [hammerspace.helper] [2] Original DOL entry: offset=0x00000008 (8), length=0x00000008 (8 bytes)
[2026-09-19 00:04:13] [Info] [hammerspace.helper] DOL entry was already restored; original model bytes were repaired and verified.
[2026-09-19 00:04:13] [Info] [hammerspace.helper] [1] Current DOL entry: chunk=0, file_index=0, offset=0x00000040 (64), length=0x00000008 (8 bytes)
[2026-09-19 00:04:13] [Info] [hammerspace.helper] [2] Original DOL entry: offset=0x00000008 (8), length=0x00000008 (8 bytes)
[2026-09-19 00:04:13] [Info] [hammerspace.helper] [3] Restored and verified 8 original model bytes at 0x00000008.
[2026-09-19 00:04:13] [Info] [hammerspace.helper] [4] Restoring original DOL entry ...
[2026-09-19 00:04:13] [Info] [hammerspace.helper] [5] Zeroing 8 bytes at 0x00000040 in OUTPUT dt_na.dat ...
[2026-09-19 00:04:13] [Info] [hammerspace.helper]     Zeroed 8 bytes.
[2026-09-19 00:04:13] [Info] [hammerspace.helper] Done. chunk=0, file_index=0 removed from hammerspace.
[2026-09-19 00:04:13] [Info] [hammerspace.main] [ACT] bone 5 GeoId -> 65535 at ACT+0x20 (GeoIdEdited retarget; section-relative, stable across hammerspace relocation)
[2026-09-19 00:04:13] [Info] [hammerspace.main] [ACT] custom submesh 'custom0': bone 5 GeoId -> 2 at ACT+0x20 (section-relative; stable across hammerspace relocation)
[2026-09-19 00:04:13] [Info] [hammerspace.main] [ACT] bone 6 GeoId -> 1 at ACT+0x28 (GeoIdEdited retarget; section-relative, stable across hammerspace relocation)
[2026-09-19 00:04:13] [Info] [hammerspace.main] [ACT] bone 5 GeoId -> 65535 at ACT+0x20 (GeoIdEdited retarget; section-relative, stable across hammerspace relocation)
[2026-09-19 00:04:13] [Info] [hammerspace.main] [ACT] custom submesh 'custom0': bone 5 GeoId -> 1 at ACT+0x20 (section-relative; stable across hammerspace relocation)
[2026-09-19 00:04:13] [Info] [hammerspace.main] [ACT] custom submesh 'custom1': bone 6 GeoId -> 2 at ACT+0x28 (section-relative; stable across hammerspace relocation)
[2026-09-19 00:04:13] [Info] [hammerspace.main] [ACT] custom submesh 'custom0': bone 5 GeoId -> 2 at ACT+0x20 (section-relative; stable across hammerspace relocation)
[2026-09-19 00:04:13] [Error] [hammerspace.main] Bone 1: SRTOffset 0x103F is before the ACT section start (0x1040); the .sluggie's SRTOffset metadata does not match this model's ACT section layout. Re-export the model with the latest SluggiesTools export.py, then export from Blender again.
[2026-09-19 00:04:13] [Info] [hammerspace.main] [ACT] root-bone SRT scale: bone 1 wrote 400000003fc000003f800000 at ACT+0x54 (section-relative; stable across hammerspace relocation)
[2026-09-19 00:04:13] [Info] [hammerspace.main] [Container] DOL entry is an archive: 3 slots, 3 populated; rebuilding slot 1 at +0x60 and carrying the other 2 member(s) along
[2026-09-19 00:04:13] [Info] [hammerspace.main] [Container] archive slot 1 64 -> 192 bytes; 1 later slot(s) shifted by +128; archive 256 -> 384 bytes
[2026-09-19 00:04:13] [Info] [hammerspace.main] [Container] preserving 32-byte DOL entry prefix; inner model starts at +0x20
[2026-09-19 00:04:13] [Info] [hammerspace.main] [Container] DOL entry is an archive: 3 slots, 3 populated; rebuilding slot 1 at +0x60 and carrying the other 2 member(s) along
[2026-09-19 00:04:13] [Info] [hammerspace.main] [Container] archive slot 1 64 -> 192 bytes; 1 later slot(s) shifted by +128; archive 256 -> 384 bytes
[2026-09-19 00:04:13] [Info] [hammerspace.main] [Container] DOL entry is an archive: 3 slots, 3 populated; rebuilding slot 1 at +0x60 and carrying the other 2 member(s) along
[2026-09-19 00:04:13] [Info] [hammerspace.main] [Container] archive slot 1 64 -> 192 bytes; 1 later slot(s) shifted by +128; archive 256 -> 384 bytes
[2026-09-19 00:04:13] [Info] [hammerspace.main] [CloneGPL] 4 bytes from block+0x20
[2026-09-19 00:04:13] [Info] [hammerspace.main] [HDR] +0x18 patched: 0x00000180 → 0x00000100
[2026-09-19 00:04:13] [Info] [hammerspace.main] [HDR] +0x14 patched: 0x00000100 → 0x000000A0
[2026-09-19 00:04:13] [Info] [hammerspace.main] [HDR] +0x18 patched: 0x00000140 → 0x000000E0
[2026-09-19 00:04:13] [Info] [hammerspace.main] [HDR] +0x1C patched: 0x00000180 → 0x00000120
[2026-09-19 00:04:13] [Info] [hammerspace.main] [GPL] patched material state sub0 ds0 at GPL+0x10
[2026-09-19 00:04:13] [Info] [hammerspace.main] [GPL] patched material state sub0 ds1 at GPL+0x20
[2026-09-19 00:04:13] [Info] [hammerspace.main] [GPL] patched position array sub0 at GPL+0x10 (6 bytes)
[2026-09-19 00:04:13] [Info] [hammerspace.main] Model already in hammerspace at 0x00003000; keeping the old route live until replacement commits
[2026-09-19 00:04:13] [Info] [hammerspace.main] Hammerspace Log: Replaced | Model: fixture.sluggie | Old address: 0x00003000 | Old size: 0.00 MB
[2026-09-19 00:04:13] [Info] [hammerspace.main] Hammerspace Log: Written | Model: fixture.sluggie | Chunk: 18 | File: 0 | Address: 0x00004000 | Size: 0.00 MB | Modes: {'GPL': 'clone', 'ACT': 'clone', 'TEX': 'clone', 'SKN': 'clone', 'trailing': 'clone'}
[2026-09-19 00:04:13] [Info] [hammerspace.main] Model already in hammerspace at 0x00003000; keeping the old route live until replacement commits
[2026-09-19 00:04:13] [Info] [hammerspace.main] Model already in hammerspace at 0x00003000; keeping the old route live until replacement commits
[2026-09-19 00:04:13] [Info] [hammerspace.main] Hammerspace Log: Replaced | Model: fixture.sluggie | Old address: 0x00003000 | Old size: 0.00 MB
[2026-09-19 00:04:13] [Info] [hammerspace.main] Hammerspace Log: Written | Model: fixture.sluggie | Chunk: 18 | File: 0 | Address: 0x00004000 | Size: 0.00 MB | Modes: {'GPL': 'clone', 'ACT': 'clone', 'TEX': 'clone', 'SKN': 'clone', 'trailing': 'clone'}
[2026-09-19 00:04:13] [Info] [hammerspace.main] Model already in hammerspace at 0x00003000; keeping the old route live until replacement commits
[2026-09-19 00:04:13] [Info] [hammerspace.main] [GPL] appended UV array sub0 uv0 at GPL+0x80 (8 bytes)
[2026-09-19 00:04:13] [Info] [hammerspace.main] [GPL] appended primitive list sub0 ds0 (32 bytes)
[2026-09-19 00:04:13] [Info] [hammerspace.main] [GPL] patched UV array sub0 uv0 at GPL+0x14 (4 bytes)
[2026-09-19 00:04:13] [Info] [hammerspace.main] Hammerspace Log: Written | Model: fixture.sluggie | Chunk: 18 | File: 0 | Address: 0x00001020 | Size: 0.00 MB | Modes: {'GPL': 'clone', 'ACT': 'clone', 'TEX': 'clone', 'SKN': 'clone', 'trailing': 'clone'}
[2026-09-19 00:04:13] [Info] [hammerspace.main] Hammerspace Log: Written | Model: fixture.sluggie | Chunk: 18 | File: 0 | Address: 0x00002000 | Size: 0.00 MB | Modes: {'GPL': 'clone', 'ACT': 'clone', 'TEX': 'clone', 'SKN': 'clone', 'trailing': 'clone'}
[2026-09-19 00:04:13] [Warning] [hammerspace.main] [SKN] SK1/SK2 destinations are not cache-line exclusive; source arrays packed sequentially instead of mirroring the position buffer (donor layout rule) — facial poses on skinned vertices may break in-game
[2026-09-19 00:04:13] [Info] [hammerspace.main] [BuildTEX] built 5 texture(s), 5 image payload(s), 0 palette payload(s); section size 832 bytes
[2026-09-19 00:04:13] [Info] [hammerspace.main] [BuildTEX] built 2 texture(s), 2 image payload(s), 0 palette payload(s); section size 160 bytes
[2026-09-19 00:04:13] [Info] [hammerspace.main] [BuildTEX] No textures; returning empty TEX section
[2026-09-19 00:04:13] [Info] [hammerspace.main] [BuildTEX] built 2 texture(s), 2 image payload(s), 0 palette payload(s); section size 160 bytes
[2026-09-19 00:04:13] [Info] [hammerspace.main] [BuildTEX] built 2 texture(s), 2 image payload(s), 2 palette payload(s); section size 256 bytes
[2026-09-19 00:04:13] [Info] [hammerspace.main] [BuildTEX] built 1 texture(s), 1 image payload(s), 0 palette payload(s); section size 96 bytes
[2026-09-19 00:04:13] [Info] [hammerspace.main] [CloneGPL] 129,568 bytes from block+0x20
[2026-09-19 00:04:13] [Info] [hammerspace.main] [GPL] appended custom submesh 'custom0' as submesh 3 (host bone 2, template builtin:rigid_spec_v1)
[2026-09-19 00:04:13] [Info] [hammerspace.main] [CloneACT] 7,392 bytes from block+0x1FA40
[2026-09-19 00:04:13] [Info] [hammerspace.main] [ACT] custom submesh 'custom0': bone 2 GeoId -> 3 at ACT+0x6C (section-relative; stable across hammerspace relocation)
[2026-09-19 00:04:13] [Info] [hammerspace.main] [CloneACT] 7,392 bytes from block+0x1FA40
[2026-09-19 00:04:13] [Info] [hammerspace.main] [CloneTEX] 248,000 bytes from block+0x21720
[2026-09-19 00:04:13] [Info] [hammerspace.main] [CloneSKN] 38,208 bytes from block+0x5DFE0
[2026-09-19 00:04:13] [Info] [hammerspace.main] [CloneHEADER] 0x20 bytes from offset 0x04AA6C20
[2026-09-19 00:04:13] [Info] [hammerspace.main] [HDR] +0x18 patched: 0x00067520 → 0x000677A0
[2026-09-19 00:04:13] [Info] [hammerspace.main] [CloneGPL] 129,568 bytes from block+0x20
[2026-09-19 00:04:13] [Info] [hammerspace.main] [GPL] appended custom submesh 'custom0' as submesh 3 (host bone 4, template derived:sm0_ds5)
[2026-09-19 00:04:13] [Info] [hammerspace.main] [CloneACT] 7,392 bytes from block+0x1FA40
[2026-09-19 00:04:13] [Info] [hammerspace.main] [ACT] custom submesh 'custom0': bone 4 GeoId -> 3 at ACT+0xA4 (section-relative; stable across hammerspace relocation)
[2026-09-19 00:04:13] [Info] [hammerspace.main] [CloneACT] 7,392 bytes from block+0x1FA40
[2026-09-19 00:04:13] [Info] [hammerspace.main] [CloneTEX] 248,000 bytes from block+0x21720
[2026-09-19 00:04:13] [Info] [hammerspace.main] [CloneSKN] 38,208 bytes from block+0x5DFE0
[2026-09-19 00:04:13] [Info] [hammerspace.main] [CloneHEADER] 0x20 bytes from offset 0x04AA6C20
[2026-09-19 00:04:13] [Info] [hammerspace.main] [HDR] +0x18 patched: 0x00067520 → 0x000677A0
[2026-09-19 00:04:13] [Info] [hammerspace.main] [CloneGPL] 129,568 bytes from block+0x20
[2026-09-19 00:04:13] [Info] [hammerspace.main] [CloneGPL] 129,568 bytes from block+0x20
[2026-09-19 00:04:13] [Info] [hammerspace.main] [GPL] appended custom submesh 'custom0' as submesh 3 (host bone 2, template builtin:rigid_spec_v1)
[2026-09-19 00:04:13] [Info] [hammerspace.main] [CloneACT] 7,392 bytes from block+0x1FA40
[2026-09-19 00:04:13] [Info] [hammerspace.main] [ACT] custom submesh 'custom0': bone 2 GeoId -> 3 at ACT+0x6C (section-relative; stable across hammerspace relocation)
[2026-09-19 00:04:13] [Info] [hammerspace.main] [CloneACT] 7,392 bytes from block+0x1FA40
[2026-09-19 00:04:13] [Info] [hammerspace.main] [CloneTEX] 248,000 bytes from block+0x21720
[2026-09-19 00:04:13] [Info] [hammerspace.main] [CloneSKN] 38,208 bytes from block+0x5DFE0
[2026-09-19 00:04:13] [Info] [hammerspace.main] [CloneHEADER] 0x20 bytes from offset 0x04AA6C20
[2026-09-19 00:04:13] [Info] [hammerspace.main] [HDR] +0x18 patched: 0x00067520 → 0x000677A0
[2026-09-19 00:04:13] [Info] [hammerspace.main] [CloneGPL] 129,568 bytes from block+0x20
[2026-09-19 00:04:13] [Info] [hammerspace.main] [GPL] appended custom submesh 'custom0' as submesh 3 (host bone 3, template rigid:sm1_ds5)
[2026-09-19 00:04:13] [Info] [hammerspace.main] [CloneACT] 7,392 bytes from block+0x1FA40
[2026-09-19 00:04:13] [Info] [hammerspace.main] [ACT] custom submesh 'custom0': bone 3 GeoId -> 3 at ACT+0x88 (section-relative; stable across hammerspace relocation)
[2026-09-19 00:04:13] [Info] [hammerspace.main] [CloneACT] 7,392 bytes from block+0x1FA40
[2026-09-19 00:04:13] [Info] [hammerspace.main] [CloneTEX] 248,000 bytes from block+0x21720
[2026-09-19 00:04:13] [Info] [hammerspace.main] [CloneSKN] 38,208 bytes from block+0x5DFE0
[2026-09-19 00:04:13] [Info] [hammerspace.main] [CloneHEADER] 0x20 bytes from offset 0x04AA6C20
[2026-09-19 00:04:13] [Info] [hammerspace.main] [HDR] +0x18 patched: 0x00067520 → 0x000677E0
[2026-09-19 00:04:13] [Info] [hammerspace.main] [GPL] appended custom submesh 'custom0' as submesh 1 (host bone 5, template builtin:rigid_spec_v1)
[2026-09-19 00:04:13] [Info] [geometry.rebuild] [M3.3] sub0: normal buffer compacted to 5 unique normals
[2026-09-19 00:04:13] [Info] [geometry.rebuild] [M3.2] sub0: rebuilt draw states [1]; descriptor upgrades []; triangulated 0 irreducible GX blocks
[2026-09-19 00:04:13] [Info] [geometry.rebuild] [M3.2] sub0 uv0: 6 expanded coords -> 5 compact; indices rebuilt
[2026-09-19 00:04:13] [Info] [geometry.rebuild] [M3.3] sub0: normal buffer compacted to 5 unique normals
[2026-09-19 00:04:13] [Info] [geometry.rebuild] [M3.2] sub0: rebuilt draw states [1]; descriptor upgrades []; triangulated 0 irreducible GX blocks
[2026-09-19 00:04:13] [Info] [geometry.rebuild] [M3.3] sub0: normal buffer compacted to 4 unique normals
[2026-09-19 00:04:33] [Info] [hammerspace.main] [CloneGPL] 49,152 bytes from block+0x20
[2026-09-19 00:04:33] [Info] [hammerspace.main] [GPL] patched position array sub0 at GPL+0x60 (8,940 bytes)
[2026-09-19 00:04:33] [Info] [hammerspace.main] [GPL] appended custom submesh 'custom1' as submesh 3 (host bone 91, template builtin:rigid_spec_v1)
[2026-09-19 00:04:33] [Info] [hammerspace.main] [CloneACT] 7,392 bytes from block+0xC020
[2026-09-19 00:04:33] [Info] [hammerspace.main] [CloneACT] 7,392 bytes from block+0xC020
[2026-09-19 00:04:33] [Info] [hammerspace.main] [CloneTEX] No TEX section
[2026-09-19 00:04:33] [Info] [hammerspace.main] [CloneTrailing] No ptr6/ptr7/ptr8 sections
[2026-09-19 00:04:33] [Info] [hammerspace.main] [CloneHEADER] 0x20 bytes from offset 0x04B10A80
[2026-09-19 00:04:47] [Info] [hammerspace.main] [CloneGPL] 129,568 bytes from block+0x20
[2026-09-19 00:04:47] [Info] [hammerspace.main] [GPL] appended custom submesh 'custom0' as submesh 3 (host bone 91, template builtin:rigid_spec_v1)
[2026-09-19 00:04:47] [Info] [hammerspace.main] [CloneACT] 7,392 bytes from block+0x1FA40
[2026-09-19 00:04:47] [Info] [hammerspace.main] [CloneACT] 7,392 bytes from block+0x1FA40
[2026-09-19 00:04:47] [Info] [hammerspace.main] [CloneTEX] 248,000 bytes from block+0x21720
[2026-09-19 00:04:47] [Info] [hammerspace.main] [CloneHEADER] 0x20 bytes from offset 0x04AA6C20
[2026-09-19 00:04:47] [Info] [hammerspace.main] [HDR] +0x18 patched: 0x00067520 → 0x000677E0
[2026-09-19 00:04:47] [Info] [hammerspace.main] [CloneACT] 7,392 bytes from block+0x1FA40
[2026-09-19 00:04:47] [Info] [hammerspace.main] [ACT] bone 2 GeoId -> 3 at ACT+0x64 (GeoIdEdited retarget; section-relative, stable across hammerspace relocation)
[2026-09-19 00:04:47] [Info] [hammerspace.main] [CloneACT] 7,392 bytes from block+0x1FA40
[2026-09-19 00:04:47] [Info] [hammerspace.main] [CloneTEX] 248,000 bytes from block+0x21720
[2026-09-19 00:04:47] [Info] [hammerspace.main] [CloneHEADER] 0x20 bytes from offset 0x04AA6C20
[2026-09-19 00:04:47] [Info] [hammerspace.main] [HDR] +0x18 patched: 0x00067520 → 0x000707E0
[2026-09-19 00:06:18] [Info] [dispatcher] Command (StartTools.bat): start.py --patch 78711424_L_mario.gpl.sluggie
[2026-09-19 00:06:18] [Info] [dispatcher] Batch menu selection: 5 - Patch model(s)
[2026-09-19 00:06:18] [Info] [dispatcher] Batch model file input: '78711424_L_mario.gpl.sluggie'
[2026-09-19 00:06:18] [Info] [dispatcher] Found: E:\Sluggies\Sluggies-dat-tools\2_Output_Models\18 Mario\78711424_L_mario.gpl\78711424_L_mario.gpl.sluggie
[2026-09-19 00:06:18] [Info] [hammerspace.main] [CloneGPL] 49,152 bytes from block+0x20
[2026-09-19 00:06:18] [Info] [hammerspace.main] [GPL] patched position array sub0 at GPL+0x60 (8,940 bytes)
[2026-09-19 00:06:18] [Info] [hammerspace.main] [GPL] appended custom submesh 'custom1' as submesh 3 (host bone 91, template builtin:rigid_spec_v1)
[2026-09-19 00:06:18] [Info] [hammerspace.main] [CloneACT] 7,392 bytes from block+0xC020
[2026-09-19 00:06:18] [Info] [hammerspace.main] [CloneACT] 7,392 bytes from block+0xC020
[2026-09-19 00:06:18] [Info] [hammerspace.main] [CloneTEX] No TEX section
[2026-09-19 00:06:18] [Info] [hammerspace.main] [CloneTrailing] No ptr6/ptr7/ptr8 sections
[2026-09-19 00:06:18] [Info] [hammerspace.main] [CloneHEADER] 0x20 bytes from offset 0x04B10A80
[2026-09-19 00:06:18] [Info] [hammerspace.main] Build validation report:
    {
      "valid": true,
      "errors": [],
      "warnings": [],
      "section_modes": {
        "GPL": "build",
        "ACT": "clone",
        "TEX": "clone",
        "SKN": "build",
        "trailing": "clone"
      },
      "section_sizes": {
        "GPL": 67748,
        "ACT": 7472,
        "TEX": 0,
        "SKN": 21408,
        "trailing": 0
      },
      "section_pointers": {
        "GPL": 32,
        "ACT": 67808,
        "TEX": 0,
        "SKN": 75296
      },
      "assembled_size": 96704,
      "original_size": 77984,
      "size_delta": 18720,
      "validator_facts": {
        "section_pointers": {
          "GPL": 32,
          "ACT": 67808,
          "TEX": 0,
          "SKN": 75296,
          "ptr6": 0,
          "ptr7": 0,
          "ptr8": 0
        },
        "section_ranges": {
          "GPL": {
            "start": 32,
            "end": 67808
          },
          "ACT": {
            "start": 67808,
            "end": 75296
          },
          "SKN": {
            "start": 75296,
            "end": 96704
          }
        },
        "section_sizes": {
          "GPL": 67776,
          "ACT": 7488,
          "SKN": 21408
        },
        "alignment": {
          "checked": 205,
          "failed": 0
        },
        "gpl_texture_references": [
          {
            "submesh": 0,
            "display_state": 0,
            "texture_index": 0
          },
          {
            "submesh": 0,
            "display_state": 1,
            "texture_index": 4
          },
          {
            "submesh": 0,
            "display_state": 6,
            "texture_index": 1
          },
          {
            "submesh": 0,
            "display_state": 7,
            "texture_index": 3
          },
          {
            "submesh": 0,
            "display_state": 10,
            "texture_index": 3
          },
          {
            "submesh": 0,
            "display_state": 12,
            "texture_index": 0
          },
          {
            "submesh": 1,
            "display_state": 0,
            "texture_index": 0
          },
          {
            "submesh": 1,
            "display_state": 1,
            "texture_index": 4
          },
          {
            "submesh": 2,
            "display_state": 0,
            "texture_index": 2
          },
          {
            "submesh": 2,
            "display_state": 1,
            "texture_index": 4
          },
          {
            "submesh": 2,
            "display_state": 6,
            "texture_index": 2
          },
          {
            "submesh": 2,
            "display_state": 7,
            "texture_index": 1
          },
          {
            "submesh": 2,
            "display_state": 9,
            "texture_index": 1
          },
          {
            "submesh": 3,
            "display_state": 0,
            "texture_index": 0
          },
          {
            "submesh": 3,
            "display_state": 1,
            "texture_index": 4
          }
        ],
        "primitive_lists_validated": 201,
        "gpl_submesh_layout": [
          {
            "position_count": 745,
            "position_comp_count": 6,
            "position_quantize_info": 59,
            "normal_count": 745,
            "normal_comp_count": 6,
            "normal_quantize_info": 59
          },
          {
            "position_count": 70,
            "position_comp_count": 3,
            "position_quantize_info": 59,
            "normal_count": 70,
            "normal_comp_count": 3,
            "normal_quantize_info": 62
          },
          {
            "position_count": 280,
            "position_comp_count": 3,
            "position_quantize_info": 59,
            "normal_count": 284,
            "normal_comp_count": 3,
            "normal_quantize_info": 62
          },
          {
            "position_count": 350,
            "position_comp_count": 3,
            "position_quantize_info": 59,
            "normal_count": 412,
            "normal_comp_count": 3,
            "normal_quantize_info": 62
          }
        ],
        "act_bone_count": 92,
        "act_geo_id_owners": {
          "1": [
            54
          ],
          "2": [
            55
          ],
          "3": [
            91
          ]
        },
        "act_shared_geo_ids": [],
        "skinned_position_offsets": [
          160
        ],
        "primitive_offsets": [
          13440,
          20800,
          23648,
          28800,
          33952,
          35904,
          42528,
          43008,
          43520,
          45152,
          54688
        ],
        "scratch_write_ends": [
          8960,
          144,
          240,
          612,
          732,
          816,
          1188,
          1308,
          1440,
          1908,
          1992,
          2076,
          2172,
          2232,
          2292,
          2436,
          2508,
          2580,
          2676,
          2736,
          2880,
          2952,
          3444,
          3492,
          3600,
          3720,
          3792,
          3888,
          4032,
          4092,
          4224,
          4308,
          4404,
          4572,
          4740,
          5316,
          5580,
          5664,
          5712,
          5964,
          6048,
          6096,
          6492,
          6612,
          6720,
          6792,
          7104,
          7176,
          7284,
          7332,
          7404,
          7572,
          7680,
          7752,
          8064,
          8124,
          8196,
          8364,
          8436,
          8640,
          8592,
          6168,
          8628,
          8604,
          8640,
          8568,
          7152,
          8556,
          8100,
          8664,
          8784,
          8868,
          8904,
          8916,
          8556,
          8568,
          8712,
          8688,
          8748,
          8736,
          8736,
          8760,
          8760,
          8808,
          8808,
          8856,
          8844,
          8880,
          8880,
          8892,
          8892,
          8904,
          8940,
          8940
        ],
        "skn_stride": 12
      },
      "root_scale_applied": false
    }
[2026-09-19 00:06:18] [Info] [hammerspace.main] Model already in hammerspace at 0x2BF18B20; keeping the old route live until replacement commits
[2026-09-19 00:06:18] [Info] [hammerspace.helper] Patched DOL entry: chunk=18, file_index=1, offset=0x2BEE9C20, length=0x179C0
[2026-09-19 00:06:18] [Info] [hammerspace.helper] Patched DOL entry: chunk=0, file_index=58, offset=0x2BEE9C20, length=0x179C0
[2026-09-19 00:06:18] [Info] [hammerspace.helper] Patched DOL entry: chunk=1, file_index=57, offset=0x2BEE9C20, length=0x179C0
[2026-09-19 00:06:18] [Info] [hammerspace.helper] Patched DOL entry: chunk=2, file_index=56, offset=0x2BEE9C20, length=0x179C0
[2026-09-19 00:06:18] [Info] [hammerspace.helper] Patched DOL entry: chunk=3, file_index=49, offset=0x2BEE9C20, length=0x179C0
[2026-09-19 00:06:18] [Info] [hammerspace.helper] Patched DOL entry: chunk=4, file_index=48, offset=0x2BEE9C20, length=0x179C0
[2026-09-19 00:06:18] [Info] [hammerspace.helper] Patched DOL entry: chunk=5, file_index=47, offset=0x2BEE9C20, length=0x179C0
[2026-09-19 00:06:18] [Info] [hammerspace.helper] Patched DOL entry: chunk=6, file_index=44, offset=0x2BEE9C20, length=0x179C0
[2026-09-19 00:06:18] [Info] [hammerspace.helper] Patched DOL entry: chunk=7, file_index=43, offset=0x2BEE9C20, length=0x179C0
[2026-09-19 00:06:18] [Info] [hammerspace.helper] Patched DOL entry: chunk=8, file_index=39, offset=0x2BEE9C20, length=0x179C0
[2026-09-19 00:06:18] [Info] [hammerspace.helper] Patched DOL entry: chunk=9, file_index=34, offset=0x2BEE9C20, length=0x179C0
[2026-09-19 00:06:18] [Info] [hammerspace.helper] Patched DOL entry: chunk=10, file_index=31, offset=0x2BEE9C20, length=0x179C0
[2026-09-19 00:06:18] [Info] [hammerspace.helper] Patched DOL entry: chunk=11, file_index=26, offset=0x2BEE9C20, length=0x179C0
[2026-09-19 00:06:18] [Info] [hammerspace.helper] Patched DOL entry: chunk=12, file_index=22, offset=0x2BEE9C20, length=0x179C0
[2026-09-19 00:06:18] [Info] [hammerspace.helper] Patched DOL entry: chunk=13, file_index=18, offset=0x2BEE9C20, length=0x179C0
[2026-09-19 00:06:18] [Info] [hammerspace.helper] Patched DOL entry: chunk=14, file_index=15, offset=0x2BEE9C20, length=0x179C0
[2026-09-19 00:06:18] [Info] [hammerspace.helper] Patched DOL entry: chunk=15, file_index=11, offset=0x2BEE9C20, length=0x179C0
[2026-09-19 00:06:18] [Info] [hammerspace.helper] Patched DOL entry: chunk=16, file_index=6, offset=0x2BEE9C20, length=0x179C0
[2026-09-19 00:06:18] [Info] [hammerspace.helper] Patched DOL entry: chunk=17, file_index=3, offset=0x2BEE9C20, length=0x179C0
[2026-09-19 00:06:18] [Info] [hammerspace.helper] Zeroing original model data: 0x04B10A80, 77,984 bytes ...
[2026-09-19 00:06:18] [Info] [hammerspace.helper]     Zeroed 77,984 bytes at original location.
[2026-09-19 00:06:18] [Info] [hammerspace.main] Hammerspace Log: Replaced | Model: 78711424_L_mario.gpl.sluggie | Old address: 0x2BF18B20 | Old size: 0.09 MB
[2026-09-19 00:06:18] [Info] [hammerspace.helper] [Debug] Original block    → E:\Sluggies\Sluggies-dat-tools\3_Output_Dat\SluggDebugg\78711424_L_mario.gpl.sluggie_Original.SluggDebugg
[2026-09-19 00:06:18] [Info] [hammerspace.helper] [Debug] Hammerspace block → E:\Sluggies\Sluggies-dat-tools\3_Output_Dat\SluggDebugg\78711424_L_mario.gpl.sluggie_Hammerspace.SluggDebugg
[2026-09-19 00:06:18] [Info] [hammerspace.main] Hammerspace Log: Written | Model: 78711424_L_mario.gpl.sluggie | Chunk: 18 | File: 1 | Address: 0x2BEE9C20 | Size: 0.09 MB | Modes: {'GPL': 'build', 'ACT': 'clone', 'TEX': 'clone', 'SKN': 'build', 'trailing': 'clone'}
[2026-09-19 00:06:18] [Info] [dispatcher] Command completed
[2026-09-19 00:08:03] [Info] [dispatcher] Command (StartTools.bat): start.py --patch 78711424_L_mario.gpl.sluggie
[2026-09-19 00:08:03] [Info] [dispatcher] Batch menu selection: 5 - Patch model(s)
[2026-09-19 00:08:03] [Info] [dispatcher] Batch model file input: '78711424_L_mario.gpl.sluggie'
[2026-09-19 00:08:03] [Info] [dispatcher] Found: E:\Sluggies\Sluggies-dat-tools\2_Output_Models\18 Mario\78711424_L_mario.gpl\78711424_L_mario.gpl.sluggie
[2026-09-19 00:08:03] [Info] [hammerspace.main] [CloneGPL] 49,152 bytes from block+0x20
[2026-09-19 00:08:03] [Info] [hammerspace.main] [GPL] patched position array sub0 at GPL+0x60 (8,940 bytes)
[2026-09-19 00:08:03] [Info] [hammerspace.main] [GPL] appended custom submesh 'custom1' as submesh 3 (host bone 91, template builtin:rigid_spec_v1)
[2026-09-19 00:08:03] [Info] [hammerspace.main] [CloneACT] 7,392 bytes from block+0xC020
[2026-09-19 00:08:03] [Info] [hammerspace.main] [CloneACT] 7,392 bytes from block+0xC020
[2026-09-19 00:08:03] [Info] [hammerspace.main] [CloneTEX] No TEX section
[2026-09-19 00:08:03] [Info] [hammerspace.main] [CloneTrailing] No ptr6/ptr7/ptr8 sections
[2026-09-19 00:08:03] [Info] [hammerspace.main] [CloneHEADER] 0x20 bytes from offset 0x04B10A80
[2026-09-19 00:08:03] [Info] [hammerspace.main] Build validation report:
    {
      "valid": true,
      "errors": [],
      "warnings": [],
      "section_modes": {
        "GPL": "build",
        "ACT": "clone",
        "TEX": "clone",
        "SKN": "build",
        "trailing": "clone"
      },
      "section_sizes": {
        "GPL": 55044,
        "ACT": 7472,
        "TEX": 0,
        "SKN": 21408,
        "trailing": 0
      },
      "section_pointers": {
        "GPL": 32,
        "ACT": 55104,
        "TEX": 0,
        "SKN": 62592
      },
      "assembled_size": 84000,
      "original_size": 77984,
      "size_delta": 6016,
      "validator_facts": {
        "section_pointers": {
          "GPL": 32,
          "ACT": 55104,
          "TEX": 0,
          "SKN": 62592,
          "ptr6": 0,
          "ptr7": 0,
          "ptr8": 0
        },
        "section_ranges": {
          "GPL": {
            "start": 32,
            "end": 55104
          },
          "ACT": {
            "start": 55104,
            "end": 62592
          },
          "SKN": {
            "start": 62592,
            "end": 84000
          }
        },
        "section_sizes": {
          "GPL": 55072,
          "ACT": 7488,
          "SKN": 21408
        },
        "alignment": {
          "checked": 205,
          "failed": 0
        },
        "gpl_texture_references": [
          {
            "submesh": 0,
            "display_state": 0,
            "texture_index": 0
          },
          {
            "submesh": 0,
            "display_state": 1,
            "texture_index": 4
          },
          {
            "submesh": 0,
            "display_state": 6,
            "texture_index": 1
          },
          {
            "submesh": 0,
            "display_state": 7,
            "texture_index": 3
          },
          {
            "submesh": 0,
            "display_state": 10,
            "texture_index": 3
          },
          {
            "submesh": 0,
            "display_state": 12,
            "texture_index": 0
          },
          {
            "submesh": 1,
            "display_state": 0,
            "texture_index": 0
          },
          {
            "submesh": 1,
            "display_state": 1,
            "texture_index": 4
          },
          {
            "submesh": 2,
            "display_state": 0,
            "texture_index": 2
          },
          {
            "submesh": 2,
            "display_state": 1,
            "texture_index": 4
          },
          {
            "submesh": 2,
            "display_state": 6,
            "texture_index": 2
          },
          {
            "submesh": 2,
            "display_state": 7,
            "texture_index": 1
          },
          {
            "submesh": 2,
            "display_state": 9,
            "texture_index": 1
          },
          {
            "submesh": 3,
            "display_state": 0,
            "texture_index": 0
          },
          {
            "submesh": 3,
            "display_state": 1,
            "texture_index": 4
          }
        ],
        "primitive_lists_validated": 201,
        "gpl_submesh_layout": [
          {
            "position_count": 745,
            "position_comp_count": 6,
            "position_quantize_info": 59,
            "normal_count": 745,
            "normal_comp_count": 6,
            "normal_quantize_info": 59
          },
          {
            "position_count": 70,
            "position_comp_count": 3,
            "position_quantize_info": 59,
            "normal_count": 70,
            "normal_comp_count": 3,
            "normal_quantize_info": 62
          },
          {
            "position_count": 280,
            "position_comp_count": 3,
            "position_quantize_info": 59,
            "normal_count": 284,
            "normal_comp_count": 3,
            "normal_quantize_info": 62
          },
          {
            "position_count": 70,
            "position_comp_count": 3,
            "position_quantize_info": 59,
            "normal_count": 371,
            "normal_comp_count": 3,
            "normal_quantize_info": 62
          }
        ],
        "act_bone_count": 92,
        "act_geo_id_owners": {
          "1": [
            54
          ],
          "2": [
            55
          ],
          "3": [
            91
          ]
        },
        "act_shared_geo_ids": [],
        "skinned_position_offsets": [
          160
        ],
        "primitive_offsets": [
          13440,
          20800,
          23648,
          28800,
          33952,
          35904,
          42528,
          43008,
          43520,
          45152,
          52768
        ],
        "scratch_write_ends": [
          8960,
          144,
          240,
          612,
          732,
          816,
          1188,
          1308,
          1440,
          1908,
          1992,
          2076,
          2172,
          2232,
          2292,
          2436,
          2508,
          2580,
          2676,
          2736,
          2880,
          2952,
          3444,
          3492,
          3600,
          3720,
          3792,
          3888,
          4032,
          4092,
          4224,
          4308,
          4404,
          4572,
          4740,
          5316,
          5580,
          5664,
          5712,
          5964,
          6048,
          6096,
          6492,
          6612,
          6720,
          6792,
          7104,
          7176,
          7284,
          7332,
          7404,
          7572,
          7680,
          7752,
          8064,
          8124,
          8196,
          8364,
          8436,
          8640,
          8592,
          6168,
          8628,
          8604,
          8640,
          8568,
          7152,
          8556,
          8100,
          8664,
          8784,
          8868,
          8904,
          8916,
          8556,
          8568,
          8712,
          8688,
          8748,
          8736,
          8736,
          8760,
          8760,
          8808,
          8808,
          8856,
          8844,
          8880,
          8880,
          8892,
          8892,
          8904,
          8940,
          8940
        ],
        "skn_stride": 12
      },
      "root_scale_applied": false
    }
[2026-09-19 00:08:03] [Info] [hammerspace.main] Model already in hammerspace at 0x2BEE9C20; keeping the old route live until replacement commits
[2026-09-19 00:08:03] [Info] [hammerspace.helper] Patched DOL entry: chunk=18, file_index=1, offset=0x2BF015E0, length=0x14820
[2026-09-19 00:08:03] [Info] [hammerspace.helper] Patched DOL entry: chunk=0, file_index=58, offset=0x2BF015E0, length=0x14820
[2026-09-19 00:08:03] [Info] [hammerspace.helper] Patched DOL entry: chunk=1, file_index=57, offset=0x2BF015E0, length=0x14820
[2026-09-19 00:08:03] [Info] [hammerspace.helper] Patched DOL entry: chunk=2, file_index=56, offset=0x2BF015E0, length=0x14820
[2026-09-19 00:08:03] [Info] [hammerspace.helper] Patched DOL entry: chunk=3, file_index=49, offset=0x2BF015E0, length=0x14820
[2026-09-19 00:08:03] [Info] [hammerspace.helper] Patched DOL entry: chunk=4, file_index=48, offset=0x2BF015E0, length=0x14820
[2026-09-19 00:08:03] [Info] [hammerspace.helper] Patched DOL entry: chunk=5, file_index=47, offset=0x2BF015E0, length=0x14820
[2026-09-19 00:08:03] [Info] [hammerspace.helper] Patched DOL entry: chunk=6, file_index=44, offset=0x2BF015E0, length=0x14820
[2026-09-19 00:08:03] [Info] [hammerspace.helper] Patched DOL entry: chunk=7, file_index=43, offset=0x2BF015E0, length=0x14820
[2026-09-19 00:08:03] [Info] [hammerspace.helper] Patched DOL entry: chunk=8, file_index=39, offset=0x2BF015E0, length=0x14820
[2026-09-19 00:08:03] [Info] [hammerspace.helper] Patched DOL entry: chunk=9, file_index=34, offset=0x2BF015E0, length=0x14820
[2026-09-19 00:08:03] [Info] [hammerspace.helper] Patched DOL entry: chunk=10, file_index=31, offset=0x2BF015E0, length=0x14820
[2026-09-19 00:08:03] [Info] [hammerspace.helper] Patched DOL entry: chunk=11, file_index=26, offset=0x2BF015E0, length=0x14820
[2026-09-19 00:08:03] [Info] [hammerspace.helper] Patched DOL entry: chunk=12, file_index=22, offset=0x2BF015E0, length=0x14820
[2026-09-19 00:08:03] [Info] [hammerspace.helper] Patched DOL entry: chunk=13, file_index=18, offset=0x2BF015E0, length=0x14820
[2026-09-19 00:08:03] [Info] [hammerspace.helper] Patched DOL entry: chunk=14, file_index=15, offset=0x2BF015E0, length=0x14820
[2026-09-19 00:08:03] [Info] [hammerspace.helper] Patched DOL entry: chunk=15, file_index=11, offset=0x2BF015E0, length=0x14820
[2026-09-19 00:08:03] [Info] [hammerspace.helper] Patched DOL entry: chunk=16, file_index=6, offset=0x2BF015E0, length=0x14820
[2026-09-19 00:08:03] [Info] [hammerspace.helper] Patched DOL entry: chunk=17, file_index=3, offset=0x2BF015E0, length=0x14820
[2026-09-19 00:08:03] [Info] [hammerspace.helper] Zeroing original model data: 0x04B10A80, 77,984 bytes ...
[2026-09-19 00:08:03] [Info] [hammerspace.helper]     Zeroed 77,984 bytes at original location.
[2026-09-19 00:08:03] [Info] [hammerspace.main] Hammerspace Log: Replaced | Model: 78711424_L_mario.gpl.sluggie | Old address: 0x2BEE9C20 | Old size: 0.09 MB
[2026-09-19 00:08:03] [Info] [hammerspace.helper] [Debug] Original block    → E:\Sluggies\Sluggies-dat-tools\3_Output_Dat\SluggDebugg\78711424_L_mario.gpl.sluggie_Original.SluggDebugg
[2026-09-19 00:08:03] [Info] [hammerspace.helper] [Debug] Hammerspace block → E:\Sluggies\Sluggies-dat-tools\3_Output_Dat\SluggDebugg\78711424_L_mario.gpl.sluggie_Hammerspace.SluggDebugg
[2026-09-19 00:08:03] [Info] [hammerspace.main] Hammerspace Log: Written | Model: 78711424_L_mario.gpl.sluggie | Chunk: 18 | File: 1 | Address: 0x2BF015E0 | Size: 0.08 MB | Modes: {'GPL': 'build', 'ACT': 'clone', 'TEX': 'clone', 'SKN': 'build', 'trailing': 'clone'}
[2026-09-19 00:08:03] [Info] [dispatcher] Command completed
[2026-09-19 00:26:30] [Info] [hammerspace.main] [CloneACT] 7,392 bytes from block+0x1FA40
[2026-09-19 00:26:30] [Info] [hammerspace.main] [CloneACT] 7,392 bytes from block+0x1FA40
[2026-09-19 00:26:30] [Info] [hammerspace.main] [ACT] custom submesh 'custom0': bone 52 GeoId -> 3 at ACT+0x5E4 (section-relative; stable across hammerspace relocation)
[2026-09-19 00:26:30] [Info] [hammerspace.main] [CloneACT] 7,392 bytes from block+0x1FA40
[2026-09-19 00:26:30] [Info] [hammerspace.main] [ACT] custom submesh 'custom0': bone 52 GeoId -> 3 at ACT+0x5E4 (section-relative; stable across hammerspace relocation)
[2026-09-19 00:26:30] [Info] [hammerspace.main] [CloneACT] 7,392 bytes from block+0x1FA40
[2026-09-19 00:26:30] [Info] [hammerspace.main] [ACT] custom submesh 'custom0': bone 52 GeoId -> 3 at ACT+0x5E4 (section-relative; stable across hammerspace relocation)
[2026-09-19 00:26:31] [Info] [hammerspace.main] [CloneGPL] 129,568 bytes from block+0x20
[2026-09-19 00:26:31] [Info] [hammerspace.main] [GPL] appended custom submesh 'custom0' as submesh 4 (host bone 52, template builtin:rigid_spec_v1)
[2026-09-19 00:26:31] [Info] [hammerspace.main] [CloneACT] 7,392 bytes from block+0x1FA40
[2026-09-19 00:26:31] [Info] [hammerspace.main] [ACT] bone 2 GeoId -> 3 at ACT+0x6C (GeoIdEdited retarget; section-relative, stable across hammerspace relocation)
[2026-09-19 00:26:31] [Info] [hammerspace.main] [ACT] custom submesh 'custom0': bone 52 GeoId -> 4 at ACT+0x5E4 (section-relative; stable across hammerspace relocation)
[2026-09-19 00:26:31] [Info] [hammerspace.main] [CloneACT] 7,392 bytes from block+0x1FA40
[2026-09-19 00:26:31] [Info] [hammerspace.main] [CloneTEX] 248,000 bytes from block+0x21720
[2026-09-19 00:26:31] [Info] [hammerspace.main] [CloneSKN] 38,208 bytes from block+0x5DFE0
[2026-09-19 00:26:31] [Info] [hammerspace.main] [CloneHEADER] 0x20 bytes from offset 0x04AA6C20
[2026-09-19 00:26:31] [Info] [hammerspace.main] [HDR] +0x18 patched: 0x00067520 → 0x00078CE0
[2026-09-19 00:26:31] [Info] [hammerspace.main] [CloneGPL] 129,568 bytes from block+0x20
[2026-09-19 00:26:31] [Info] [hammerspace.main] [GPL] appended custom submesh 'custom0' as submesh 4 (host bone 52, template builtin:rigid_spec_v1)
[2026-09-19 00:26:31] [Info] [hammerspace.main] [CloneACT] 7,392 bytes from block+0x1FA40
[2026-09-19 00:26:31] [Info] [hammerspace.main] [ACT] bone 2 GeoId -> 3 at ACT+0x6C (GeoIdEdited retarget; section-relative, stable across hammerspace relocation)
[2026-09-19 00:26:31] [Info] [hammerspace.main] [ACT] custom submesh 'custom0': bone 52 GeoId -> 4 at ACT+0x5E4 (section-relative; stable across hammerspace relocation)
[2026-09-19 00:26:31] [Info] [hammerspace.main] [CloneACT] 7,392 bytes from block+0x1FA40
[2026-09-19 00:26:31] [Info] [hammerspace.main] [CloneTEX] 248,000 bytes from block+0x21720
[2026-09-19 00:26:31] [Info] [hammerspace.main] [CloneSKN] 38,208 bytes from block+0x5DFE0
[2026-09-19 00:26:31] [Info] [hammerspace.main] [CloneHEADER] 0x20 bytes from offset 0x04AA6C20
[2026-09-19 00:26:31] [Info] [hammerspace.main] [HDR] +0x18 patched: 0x00067520 → 0x00078CE0
[2026-09-19 00:26:31] [Info] [hammerspace.main] [CloneGPL] 129,568 bytes from block+0x20
[2026-09-19 00:26:31] [Info] [hammerspace.main] [GPL] appended custom submesh 'custom0' as submesh 4 (host bone 52, template builtin:rigid_spec_v1)
[2026-09-19 00:26:31] [Info] [hammerspace.main] [CloneACT] 7,392 bytes from block+0x1FA40
[2026-09-19 00:26:31] [Info] [hammerspace.main] [ACT] bone 2 GeoId -> 3 at ACT+0x6C (GeoIdEdited retarget; section-relative, stable across hammerspace relocation)
[2026-09-19 00:26:31] [Info] [hammerspace.main] [ACT] custom submesh 'custom0': bone 52 GeoId -> 4 at ACT+0x5E4 (section-relative; stable across hammerspace relocation)
[2026-09-19 00:26:31] [Info] [hammerspace.main] [CloneACT] 7,392 bytes from block+0x1FA40
[2026-09-19 00:26:31] [Info] [hammerspace.main] [CloneTEX] 248,000 bytes from block+0x21720
[2026-09-19 00:26:31] [Info] [hammerspace.main] [CloneSKN] 38,208 bytes from block+0x5DFE0
[2026-09-19 00:26:31] [Info] [hammerspace.main] [CloneHEADER] 0x20 bytes from offset 0x04AA6C20
[2026-09-19 00:26:31] [Info] [hammerspace.main] [HDR] +0x18 patched: 0x00067520 → 0x00078CE0
[2026-09-19 00:26:31] [Info] [hammerspace.main] [CloneGPL] 129,568 bytes from block+0x20
[2026-09-19 00:26:31] [Info] [hammerspace.main] [GPL] appended custom submesh 'custom0' as submesh 4 (host bone 52, template builtin:rigid_spec_v1)
[2026-09-19 00:26:31] [Info] [hammerspace.main] [CloneACT] 7,392 bytes from block+0x1FA40
[2026-09-19 00:26:31] [Info] [hammerspace.main] [ACT] bone 2 GeoId -> 3 at ACT+0x6C (GeoIdEdited retarget; section-relative, stable across hammerspace relocation)
[2026-09-19 00:26:31] [Info] [hammerspace.main] [ACT] custom submesh 'custom0': bone 52 GeoId -> 4 at ACT+0x5E4 (section-relative; stable across hammerspace relocation)
[2026-09-19 00:26:31] [Info] [hammerspace.main] [CloneACT] 7,392 bytes from block+0x1FA40
[2026-09-19 00:26:31] [Info] [hammerspace.main] [CloneTEX] 248,000 bytes from block+0x21720
[2026-09-19 00:26:31] [Info] [hammerspace.main] [CloneSKN] 38,208 bytes from block+0x5DFE0
[2026-09-19 00:26:31] [Info] [hammerspace.main] [CloneHEADER] 0x20 bytes from offset 0x04AA6C20
[2026-09-19 00:26:31] [Info] [hammerspace.main] [HDR] +0x18 patched: 0x00067520 → 0x00078CE0
[2026-09-19 00:26:33] [Info] [geometry.rebuild] [M3.3] sub0 color: 4 donor entries -> 4 compact; indices rebuilt
[2026-09-19 00:26:33] [Info] [geometry.rebuild] [M3.2] sub0: rebuilt draw states [1]; descriptor upgrades []; triangulated 0 irreducible GX blocks
[2026-09-19 00:26:33] [Info] [geometry.rebuild] [M3.3] sub0 color: 4 donor entries -> 4 compact; indices preserved
[2026-09-19 00:26:33] [Info] [hammerspace.main] [CloneGPL] 129,568 bytes from block+0x20
[2026-09-19 00:26:33] [Info] [hammerspace.main] [GPL] patched position array sub0 at GPL+0x60 (22,224 bytes)
[2026-09-19 00:26:33] [Info] [hammerspace.main] [GPL] appended custom submesh 'custom0' as submesh 3 (host bone 2, template builtin:rigid_spec_v1)
[2026-09-19 00:26:33] [Info] [hammerspace.main] [CloneACT] 7,392 bytes from block+0x1FA40
[2026-09-19 00:26:33] [Info] [hammerspace.main] [ACT] custom submesh 'custom0': bone 2 GeoId -> 3 at ACT+0x6C (section-relative; stable across hammerspace relocation)
[2026-09-19 00:26:33] [Info] [hammerspace.main] [CloneACT] 7,392 bytes from block+0x1FA40
[2026-09-19 00:26:33] [Info] [hammerspace.main] [CloneTEX] 248,000 bytes from block+0x21720
[2026-09-19 00:26:33] [Info] [hammerspace.main] [CloneSKN] 38,208 bytes from block+0x5DFE0
[2026-09-19 00:26:33] [Info] [hammerspace.main] [CloneHEADER] 0x20 bytes from offset 0x04AA6C20
[2026-09-19 00:26:33] [Info] [hammerspace.main] [HDR] +0x18 patched: 0x00067520 → 0x00067780
[2026-09-19 00:26:33] [Info] [hammerspace.main] [CloneGPL] 129,568 bytes from block+0x20
[2026-09-19 00:26:33] [Info] [hammerspace.main] [GPL] patched position array sub0 at GPL+0x60 (22,224 bytes)
[2026-09-19 00:26:33] [Info] [hammerspace.main] [GPL] appended custom submesh 'custom0' as submesh 3 (host bone 2, template builtin:rigid_spec_v1)
[2026-09-19 00:26:33] [Info] [hammerspace.main] [CloneACT] 7,392 bytes from block+0x1FA40
[2026-09-19 00:26:33] [Info] [hammerspace.main] [ACT] custom submesh 'custom0': bone 2 GeoId -> 3 at ACT+0x6C (section-relative; stable across hammerspace relocation)
[2026-09-19 00:26:33] [Info] [hammerspace.main] [CloneACT] 7,392 bytes from block+0x1FA40
[2026-09-19 00:26:33] [Info] [hammerspace.main] [CloneTEX] 248,000 bytes from block+0x21720
[2026-09-19 00:26:33] [Info] [hammerspace.main] [CloneSKN] 38,208 bytes from block+0x5DFE0
[2026-09-19 00:26:33] [Info] [hammerspace.main] [CloneHEADER] 0x20 bytes from offset 0x04AA6C20
[2026-09-19 00:26:33] [Info] [hammerspace.main] [HDR] +0x18 patched: 0x00067520 → 0x00067780
[2026-09-19 00:26:33] [Info] [hammerspace.main] [CloneGPL] 129,568 bytes from block+0x20
[2026-09-19 00:26:33] [Info] [hammerspace.main] [GPL] patched position array sub0 at GPL+0x60 (22,224 bytes)
[2026-09-19 00:26:33] [Info] [hammerspace.main] [GPL] appended custom submesh 'custom0' as submesh 3 (host bone 2, template rigid:sm1_ds5)
[2026-09-19 00:26:33] [Info] [hammerspace.main] [CloneACT] 7,392 bytes from block+0x1FA40
[2026-09-19 00:26:33] [Info] [hammerspace.main] [ACT] custom submesh 'custom0': bone 2 GeoId -> 3 at ACT+0x6C (section-relative; stable across hammerspace relocation)
[2026-09-19 00:26:33] [Info] [hammerspace.main] [CloneACT] 7,392 bytes from block+0x1FA40
[2026-09-19 00:26:33] [Info] [hammerspace.main] [CloneTEX] 248,000 bytes from block+0x21720
[2026-09-19 00:26:33] [Info] [hammerspace.main] [CloneSKN] 38,208 bytes from block+0x5DFE0
[2026-09-19 00:26:33] [Info] [hammerspace.main] [CloneHEADER] 0x20 bytes from offset 0x04AA6C20
[2026-09-19 00:26:33] [Info] [hammerspace.main] [HDR] +0x18 patched: 0x00067520 → 0x000677C0
[2026-09-19 00:26:33] [Info] [hammerspace.main] [CloneGPL] 129,568 bytes from block+0x20
[2026-09-19 00:26:33] [Info] [hammerspace.main] [GPL] patched position array sub0 at GPL+0x60 (22,224 bytes)
[2026-09-19 00:26:33] [Info] [hammerspace.main] [GPL] appended custom submesh 'custom0' as submesh 3 (host bone 2, template derived:sm0_ds5)
[2026-09-19 00:26:33] [Info] [hammerspace.main] [CloneACT] 7,392 bytes from block+0x1FA40
[2026-09-19 00:26:33] [Info] [hammerspace.main] [ACT] custom submesh 'custom0': bone 2 GeoId -> 3 at ACT+0x6C (section-relative; stable across hammerspace relocation)
[2026-09-19 00:26:33] [Info] [hammerspace.main] [CloneACT] 7,392 bytes from block+0x1FA40
[2026-09-19 00:26:33] [Info] [hammerspace.main] [CloneTEX] 248,000 bytes from block+0x21720
[2026-09-19 00:26:33] [Info] [hammerspace.main] [CloneSKN] 38,208 bytes from block+0x5DFE0
[2026-09-19 00:26:33] [Info] [hammerspace.main] [CloneHEADER] 0x20 bytes from offset 0x04AA6C20
[2026-09-19 00:26:33] [Info] [hammerspace.main] [HDR] +0x18 patched: 0x00067520 → 0x00067780
[2026-09-19 00:26:33] [Info] [hammerspace.main] [CloneGPL] 129,568 bytes from block+0x20
[2026-09-19 00:26:33] [Info] [hammerspace.main] [GPL] patched position array sub0 at GPL+0x60 (22,224 bytes)
[2026-09-19 00:26:33] [Info] [hammerspace.main] [GPL] appended custom submesh 'custom0' as submesh 3 (host bone 2, template builtin:rigid_spec_v1)
[2026-09-19 00:26:33] [Info] [hammerspace.main] [CloneACT] 7,392 bytes from block+0x1FA40
[2026-09-19 00:26:33] [Info] [hammerspace.main] [ACT] custom submesh 'custom0': bone 2 GeoId -> 3 at ACT+0x6C (section-relative; stable across hammerspace relocation)
[2026-09-19 00:26:33] [Info] [hammerspace.main] [CloneACT] 7,392 bytes from block+0x1FA40
[2026-09-19 00:26:33] [Info] [hammerspace.main] [CloneTEX] 248,000 bytes from block+0x21720
[2026-09-19 00:26:33] [Info] [hammerspace.main] [CloneSKN] 38,208 bytes from block+0x5DFE0
[2026-09-19 00:26:33] [Info] [hammerspace.main] [CloneHEADER] 0x20 bytes from offset 0x04AA6C20
[2026-09-19 00:26:33] [Info] [hammerspace.main] [HDR] +0x18 patched: 0x00067520 → 0x00067780
[2026-09-19 00:26:34] [Info] [dispatcher] Resolved PNG '0.png' → model.sluggie texture 0
[2026-09-19 00:26:34] [Info] [dispatcher] Resolved PNG '0.png' → model.sluggie texture 0
[2026-09-19 00:26:34] [Info] [dispatcher] Found: C:\Users\gerno\AppData\Local\Temp\tmpcbtb5vct\model.sluggie
[2026-09-19 00:26:34] [Info] [dispatcher] Resolved PNG '0.png' → model.sluggie texture 0
[2026-09-19 00:26:34] [Info] [dispatcher] Found: C:\Users\gerno\AppData\Local\Temp\tmp_lahxa4i\model.sluggie
[2026-09-19 00:26:34] [Warning] [act] bone 0 is not relative
[2026-09-19 00:26:34] [Warning] [act] bone 0 is not relative
[2026-09-19 00:26:34] [Warning] [act] bone 0 is not relative
[2026-09-19 00:26:35] [Info] [hammerspace.helper] [1] Current DOL entry: chunk=0, file_index=0, offset=0x00000008 (8), length=0x00000008 (8 bytes)
[2026-09-19 00:26:35] [Info] [hammerspace.helper] [2] Original DOL entry: offset=0x00000008 (8), length=0x00000008 (8 bytes)
[2026-09-19 00:26:35] [Info] [hammerspace.helper] DOL entry was already restored; original model bytes were repaired and verified.
[2026-09-19 00:26:35] [Info] [hammerspace.helper] [1] Current DOL entry: chunk=0, file_index=0, offset=0x00000040 (64), length=0x00000008 (8 bytes)
[2026-09-19 00:26:35] [Info] [hammerspace.helper] [2] Original DOL entry: offset=0x00000008 (8), length=0x00000008 (8 bytes)
[2026-09-19 00:26:35] [Info] [hammerspace.helper] [3] Restored and verified 8 original model bytes at 0x00000008.
[2026-09-19 00:26:35] [Info] [hammerspace.helper] [4] Restoring original DOL entry ...
[2026-09-19 00:26:35] [Info] [hammerspace.helper] [5] Zeroing 8 bytes at 0x00000040 in OUTPUT dt_na.dat ...
[2026-09-19 00:26:35] [Info] [hammerspace.helper]     Zeroed 8 bytes.
[2026-09-19 00:26:35] [Info] [hammerspace.helper] Done. chunk=0, file_index=0 removed from hammerspace.
[2026-09-19 00:26:35] [Info] [hammerspace.main] [ACT] bone 5 GeoId -> 65535 at ACT+0x20 (GeoIdEdited retarget; section-relative, stable across hammerspace relocation)
[2026-09-19 00:26:35] [Info] [hammerspace.main] [ACT] custom submesh 'custom0': bone 5 GeoId -> 2 at ACT+0x20 (section-relative; stable across hammerspace relocation)
[2026-09-19 00:26:35] [Info] [hammerspace.main] [ACT] bone 6 GeoId -> 1 at ACT+0x28 (GeoIdEdited retarget; section-relative, stable across hammerspace relocation)
[2026-09-19 00:26:35] [Info] [hammerspace.main] [ACT] bone 5 GeoId -> 65535 at ACT+0x20 (GeoIdEdited retarget; section-relative, stable across hammerspace relocation)
[2026-09-19 00:26:35] [Info] [hammerspace.main] [ACT] custom submesh 'custom0': bone 5 GeoId -> 1 at ACT+0x20 (section-relative; stable across hammerspace relocation)
[2026-09-19 00:26:35] [Info] [hammerspace.main] [ACT] custom submesh 'custom1': bone 6 GeoId -> 2 at ACT+0x28 (section-relative; stable across hammerspace relocation)
[2026-09-19 00:26:35] [Info] [hammerspace.main] [ACT] custom submesh 'custom0': bone 5 GeoId -> 2 at ACT+0x20 (section-relative; stable across hammerspace relocation)
[2026-09-19 00:26:35] [Error] [hammerspace.main] Bone 1: SRTOffset 0x103F is before the ACT section start (0x1040); the .sluggie's SRTOffset metadata does not match this model's ACT section layout. Re-export the model with the latest SluggiesTools export.py, then export from Blender again.
[2026-09-19 00:26:35] [Info] [hammerspace.main] [ACT] root-bone SRT scale: bone 1 wrote 400000003fc000003f800000 at ACT+0x54 (section-relative; stable across hammerspace relocation)
[2026-09-19 00:26:35] [Info] [hammerspace.main] [Container] DOL entry is an archive: 3 slots, 3 populated; rebuilding slot 1 at +0x60 and carrying the other 2 member(s) along
[2026-09-19 00:26:35] [Info] [hammerspace.main] [Container] archive slot 1 64 -> 192 bytes; 1 later slot(s) shifted by +128; archive 256 -> 384 bytes
[2026-09-19 00:26:35] [Info] [hammerspace.main] [Container] preserving 32-byte DOL entry prefix; inner model starts at +0x20
[2026-09-19 00:26:35] [Info] [hammerspace.main] [Container] DOL entry is an archive: 3 slots, 3 populated; rebuilding slot 1 at +0x60 and carrying the other 2 member(s) along
[2026-09-19 00:26:35] [Info] [hammerspace.main] [Container] archive slot 1 64 -> 192 bytes; 1 later slot(s) shifted by +128; archive 256 -> 384 bytes
[2026-09-19 00:26:35] [Info] [hammerspace.main] [Container] DOL entry is an archive: 3 slots, 3 populated; rebuilding slot 1 at +0x60 and carrying the other 2 member(s) along
[2026-09-19 00:26:35] [Info] [hammerspace.main] [Container] archive slot 1 64 -> 192 bytes; 1 later slot(s) shifted by +128; archive 256 -> 384 bytes
[2026-09-19 00:26:35] [Info] [hammerspace.main] [CloneGPL] 4 bytes from block+0x20
[2026-09-19 00:26:35] [Info] [hammerspace.main] [HDR] +0x18 patched: 0x00000180 → 0x00000100
[2026-09-19 00:26:35] [Info] [hammerspace.main] [HDR] +0x14 patched: 0x00000100 → 0x000000A0
[2026-09-19 00:26:35] [Info] [hammerspace.main] [HDR] +0x18 patched: 0x00000140 → 0x000000E0
[2026-09-19 00:26:35] [Info] [hammerspace.main] [HDR] +0x1C patched: 0x00000180 → 0x00000120
[2026-09-19 00:26:35] [Info] [hammerspace.main] [GPL] patched material state sub0 ds0 at GPL+0x10
[2026-09-19 00:26:35] [Info] [hammerspace.main] [GPL] patched material state sub0 ds1 at GPL+0x20
[2026-09-19 00:26:35] [Info] [hammerspace.main] [GPL] patched position array sub0 at GPL+0x10 (6 bytes)
[2026-09-19 00:26:35] [Info] [hammerspace.main] Model already in hammerspace at 0x00003000; keeping the old route live until replacement commits
[2026-09-19 00:26:35] [Info] [hammerspace.main] Hammerspace Log: Replaced | Model: fixture.sluggie | Old address: 0x00003000 | Old size: 0.00 MB
[2026-09-19 00:26:35] [Info] [hammerspace.main] Hammerspace Log: Written | Model: fixture.sluggie | Chunk: 18 | File: 0 | Address: 0x00004000 | Size: 0.00 MB | Modes: {'GPL': 'clone', 'ACT': 'clone', 'TEX': 'clone', 'SKN': 'clone', 'trailing': 'clone'}
[2026-09-19 00:26:35] [Info] [hammerspace.main] Model already in hammerspace at 0x00003000; keeping the old route live until replacement commits
[2026-09-19 00:26:35] [Info] [hammerspace.main] Model already in hammerspace at 0x00003000; keeping the old route live until replacement commits
[2026-09-19 00:26:35] [Info] [hammerspace.main] Hammerspace Log: Replaced | Model: fixture.sluggie | Old address: 0x00003000 | Old size: 0.00 MB
[2026-09-19 00:26:35] [Info] [hammerspace.main] Hammerspace Log: Written | Model: fixture.sluggie | Chunk: 18 | File: 0 | Address: 0x00004000 | Size: 0.00 MB | Modes: {'GPL': 'clone', 'ACT': 'clone', 'TEX': 'clone', 'SKN': 'clone', 'trailing': 'clone'}
[2026-09-19 00:26:35] [Info] [hammerspace.main] Model already in hammerspace at 0x00003000; keeping the old route live until replacement commits
[2026-09-19 00:26:35] [Info] [hammerspace.main] [GPL] appended UV array sub0 uv0 at GPL+0x80 (8 bytes)
[2026-09-19 00:26:35] [Info] [hammerspace.main] [GPL] appended primitive list sub0 ds0 (32 bytes)
[2026-09-19 00:26:35] [Info] [hammerspace.main] [GPL] patched UV array sub0 uv0 at GPL+0x14 (4 bytes)
[2026-09-19 00:26:35] [Info] [hammerspace.main] Hammerspace Log: Written | Model: fixture.sluggie | Chunk: 18 | File: 0 | Address: 0x00001020 | Size: 0.00 MB | Modes: {'GPL': 'clone', 'ACT': 'clone', 'TEX': 'clone', 'SKN': 'clone', 'trailing': 'clone'}
[2026-09-19 00:26:35] [Info] [hammerspace.main] Hammerspace Log: Written | Model: fixture.sluggie | Chunk: 18 | File: 0 | Address: 0x00002000 | Size: 0.00 MB | Modes: {'GPL': 'clone', 'ACT': 'clone', 'TEX': 'clone', 'SKN': 'clone', 'trailing': 'clone'}
[2026-09-19 00:26:35] [Warning] [hammerspace.main] [SKN] SK1/SK2 destinations are not cache-line exclusive; source arrays packed sequentially instead of mirroring the position buffer (donor layout rule) — facial poses on skinned vertices may break in-game
[2026-09-19 00:26:35] [Info] [hammerspace.main] [BuildTEX] built 5 texture(s), 5 image payload(s), 0 palette payload(s); section size 832 bytes
[2026-09-19 00:26:35] [Info] [hammerspace.main] [BuildTEX] built 2 texture(s), 2 image payload(s), 0 palette payload(s); section size 160 bytes
[2026-09-19 00:26:35] [Info] [hammerspace.main] [BuildTEX] No textures; returning empty TEX section
[2026-09-19 00:26:35] [Info] [hammerspace.main] [BuildTEX] built 2 texture(s), 2 image payload(s), 0 palette payload(s); section size 160 bytes
[2026-09-19 00:26:35] [Info] [hammerspace.main] [BuildTEX] built 2 texture(s), 2 image payload(s), 2 palette payload(s); section size 256 bytes
[2026-09-19 00:26:35] [Info] [hammerspace.main] [BuildTEX] built 1 texture(s), 1 image payload(s), 0 palette payload(s); section size 96 bytes
[2026-09-19 00:26:35] [Info] [hammerspace.main] [CloneGPL] 129,568 bytes from block+0x20
[2026-09-19 00:26:35] [Info] [hammerspace.main] [GPL] appended custom submesh 'custom0' as submesh 3 (host bone 2, template builtin:rigid_spec_v1)
[2026-09-19 00:26:35] [Info] [hammerspace.main] [CloneACT] 7,392 bytes from block+0x1FA40
[2026-09-19 00:26:35] [Info] [hammerspace.main] [ACT] custom submesh 'custom0': bone 2 GeoId -> 3 at ACT+0x6C (section-relative; stable across hammerspace relocation)
[2026-09-19 00:26:35] [Info] [hammerspace.main] [CloneACT] 7,392 bytes from block+0x1FA40
[2026-09-19 00:26:35] [Info] [hammerspace.main] [CloneTEX] 248,000 bytes from block+0x21720
[2026-09-19 00:26:35] [Info] [hammerspace.main] [CloneSKN] 38,208 bytes from block+0x5DFE0
[2026-09-19 00:26:35] [Info] [hammerspace.main] [CloneHEADER] 0x20 bytes from offset 0x04AA6C20
[2026-09-19 00:26:35] [Info] [hammerspace.main] [HDR] +0x18 patched: 0x00067520 → 0x000677A0
[2026-09-19 00:26:35] [Info] [hammerspace.main] [CloneGPL] 129,568 bytes from block+0x20
[2026-09-19 00:26:35] [Info] [hammerspace.main] [GPL] appended custom submesh 'custom0' as submesh 3 (host bone 4, template derived:sm0_ds5)
[2026-09-19 00:26:35] [Info] [hammerspace.main] [CloneACT] 7,392 bytes from block+0x1FA40
[2026-09-19 00:26:35] [Info] [hammerspace.main] [ACT] custom submesh 'custom0': bone 4 GeoId -> 3 at ACT+0xA4 (section-relative; stable across hammerspace relocation)
[2026-09-19 00:26:35] [Info] [hammerspace.main] [CloneACT] 7,392 bytes from block+0x1FA40
[2026-09-19 00:26:35] [Info] [hammerspace.main] [CloneTEX] 248,000 bytes from block+0x21720
[2026-09-19 00:26:35] [Info] [hammerspace.main] [CloneSKN] 38,208 bytes from block+0x5DFE0
[2026-09-19 00:26:35] [Info] [hammerspace.main] [CloneHEADER] 0x20 bytes from offset 0x04AA6C20
[2026-09-19 00:26:35] [Info] [hammerspace.main] [HDR] +0x18 patched: 0x00067520 → 0x000677A0
[2026-09-19 00:26:35] [Info] [hammerspace.main] [CloneGPL] 129,568 bytes from block+0x20
[2026-09-19 00:26:35] [Info] [hammerspace.main] [CloneGPL] 129,568 bytes from block+0x20
[2026-09-19 00:26:35] [Info] [hammerspace.main] [GPL] appended custom submesh 'custom0' as submesh 3 (host bone 2, template builtin:rigid_spec_v1)
[2026-09-19 00:26:35] [Info] [hammerspace.main] [CloneACT] 7,392 bytes from block+0x1FA40
[2026-09-19 00:26:35] [Info] [hammerspace.main] [ACT] custom submesh 'custom0': bone 2 GeoId -> 3 at ACT+0x6C (section-relative; stable across hammerspace relocation)
[2026-09-19 00:26:35] [Info] [hammerspace.main] [CloneACT] 7,392 bytes from block+0x1FA40
[2026-09-19 00:26:35] [Info] [hammerspace.main] [CloneTEX] 248,000 bytes from block+0x21720
[2026-09-19 00:26:35] [Info] [hammerspace.main] [CloneSKN] 38,208 bytes from block+0x5DFE0
[2026-09-19 00:26:35] [Info] [hammerspace.main] [CloneHEADER] 0x20 bytes from offset 0x04AA6C20
[2026-09-19 00:26:35] [Info] [hammerspace.main] [HDR] +0x18 patched: 0x00067520 → 0x000677A0
[2026-09-19 00:26:35] [Info] [hammerspace.main] [CloneGPL] 129,568 bytes from block+0x20
[2026-09-19 00:26:35] [Info] [hammerspace.main] [GPL] appended custom submesh 'custom0' as submesh 3 (host bone 3, template rigid:sm1_ds5)
[2026-09-19 00:26:35] [Info] [hammerspace.main] [CloneACT] 7,392 bytes from block+0x1FA40
[2026-09-19 00:26:35] [Info] [hammerspace.main] [ACT] custom submesh 'custom0': bone 3 GeoId -> 3 at ACT+0x88 (section-relative; stable across hammerspace relocation)
[2026-09-19 00:26:35] [Info] [hammerspace.main] [CloneACT] 7,392 bytes from block+0x1FA40
[2026-09-19 00:26:35] [Info] [hammerspace.main] [CloneTEX] 248,000 bytes from block+0x21720
[2026-09-19 00:26:35] [Info] [hammerspace.main] [CloneSKN] 38,208 bytes from block+0x5DFE0
[2026-09-19 00:26:35] [Info] [hammerspace.main] [CloneHEADER] 0x20 bytes from offset 0x04AA6C20
[2026-09-19 00:26:35] [Info] [hammerspace.main] [HDR] +0x18 patched: 0x00067520 → 0x000677E0
[2026-09-19 00:26:35] [Info] [hammerspace.main] [GPL] appended custom submesh 'custom0' as submesh 1 (host bone 5, template builtin:rigid_spec_v1)
[2026-09-19 00:26:35] [Info] [geometry.rebuild] [M3.3] sub0: normal buffer compacted to 5 unique normals
[2026-09-19 00:26:35] [Info] [geometry.rebuild] [M3.2] sub0: rebuilt draw states [1]; descriptor upgrades []; triangulated 0 irreducible GX blocks
[2026-09-19 00:26:35] [Info] [geometry.rebuild] [M3.2] sub0 uv0: 6 expanded coords -> 5 compact; indices rebuilt
[2026-09-19 00:26:35] [Info] [geometry.rebuild] [M3.3] sub0: normal buffer compacted to 5 unique normals
[2026-09-19 00:26:35] [Info] [geometry.rebuild] [M3.2] sub0: rebuilt draw states [1]; descriptor upgrades []; triangulated 0 irreducible GX blocks
[2026-09-19 00:26:35] [Info] [geometry.rebuild] [M3.3] sub0: normal buffer compacted to 4 unique normals
[2026-09-19 00:27:39] [Info] [hammerspace.main] [CloneACT] 7,392 bytes from block+0x1FA40
[2026-09-19 00:27:39] [Info] [hammerspace.main] [CloneACT] 7,392 bytes from block+0x1FA40
[2026-09-19 00:27:39] [Info] [hammerspace.main] [ACT] custom submesh 'custom0': bone 52 GeoId -> 3 at ACT+0x5E4 (section-relative; stable across hammerspace relocation)
[2026-09-19 00:27:39] [Info] [hammerspace.main] [CloneACT] 7,392 bytes from block+0x1FA40
[2026-09-19 00:27:39] [Info] [hammerspace.main] [ACT] custom submesh 'custom0': bone 52 GeoId -> 3 at ACT+0x5E4 (section-relative; stable across hammerspace relocation)
[2026-09-19 00:27:39] [Info] [hammerspace.main] [CloneACT] 7,392 bytes from block+0x1FA40
[2026-09-19 00:27:39] [Info] [hammerspace.main] [ACT] custom submesh 'custom0': bone 52 GeoId -> 3 at ACT+0x5E4 (section-relative; stable across hammerspace relocation)
[2026-09-19 00:27:40] [Info] [hammerspace.main] [CloneGPL] 129,568 bytes from block+0x20
[2026-09-19 00:27:40] [Info] [hammerspace.main] [GPL] appended custom submesh 'custom0' as submesh 4 (host bone 52, template builtin:rigid_spec_v1)
[2026-09-19 00:27:40] [Info] [hammerspace.main] [CloneACT] 7,392 bytes from block+0x1FA40
[2026-09-19 00:27:40] [Info] [hammerspace.main] [ACT] bone 2 GeoId -> 3 at ACT+0x6C (GeoIdEdited retarget; section-relative, stable across hammerspace relocation)
[2026-09-19 00:27:40] [Info] [hammerspace.main] [ACT] custom submesh 'custom0': bone 52 GeoId -> 4 at ACT+0x5E4 (section-relative; stable across hammerspace relocation)
[2026-09-19 00:27:40] [Info] [hammerspace.main] [CloneACT] 7,392 bytes from block+0x1FA40
[2026-09-19 00:27:40] [Info] [hammerspace.main] [CloneTEX] 248,000 bytes from block+0x21720
[2026-09-19 00:27:40] [Info] [hammerspace.main] [CloneSKN] 38,208 bytes from block+0x5DFE0
[2026-09-19 00:27:40] [Info] [hammerspace.main] [CloneHEADER] 0x20 bytes from offset 0x04AA6C20
[2026-09-19 00:27:40] [Info] [hammerspace.main] [HDR] +0x18 patched: 0x00067520 → 0x00078CE0
[2026-09-19 00:27:40] [Info] [hammerspace.main] [CloneGPL] 129,568 bytes from block+0x20
[2026-09-19 00:27:40] [Info] [hammerspace.main] [GPL] appended custom submesh 'custom0' as submesh 4 (host bone 52, template builtin:rigid_spec_v1)
[2026-09-19 00:27:40] [Info] [hammerspace.main] [CloneACT] 7,392 bytes from block+0x1FA40
[2026-09-19 00:27:40] [Info] [hammerspace.main] [ACT] bone 2 GeoId -> 3 at ACT+0x6C (GeoIdEdited retarget; section-relative, stable across hammerspace relocation)
[2026-09-19 00:27:40] [Info] [hammerspace.main] [ACT] custom submesh 'custom0': bone 52 GeoId -> 4 at ACT+0x5E4 (section-relative; stable across hammerspace relocation)
[2026-09-19 00:27:40] [Info] [hammerspace.main] [CloneACT] 7,392 bytes from block+0x1FA40
[2026-09-19 00:27:40] [Info] [hammerspace.main] [CloneTEX] 248,000 bytes from block+0x21720
[2026-09-19 00:27:40] [Info] [hammerspace.main] [CloneSKN] 38,208 bytes from block+0x5DFE0
[2026-09-19 00:27:40] [Info] [hammerspace.main] [CloneHEADER] 0x20 bytes from offset 0x04AA6C20
[2026-09-19 00:27:40] [Info] [hammerspace.main] [HDR] +0x18 patched: 0x00067520 → 0x00078CE0
[2026-09-19 00:27:40] [Info] [hammerspace.main] [CloneGPL] 129,568 bytes from block+0x20
[2026-09-19 00:27:40] [Info] [hammerspace.main] [GPL] appended custom submesh 'custom0' as submesh 4 (host bone 52, template builtin:rigid_spec_v1)
[2026-09-19 00:27:40] [Info] [hammerspace.main] [CloneACT] 7,392 bytes from block+0x1FA40
[2026-09-19 00:27:40] [Info] [hammerspace.main] [ACT] bone 2 GeoId -> 3 at ACT+0x6C (GeoIdEdited retarget; section-relative, stable across hammerspace relocation)
[2026-09-19 00:27:40] [Info] [hammerspace.main] [ACT] custom submesh 'custom0': bone 52 GeoId -> 4 at ACT+0x5E4 (section-relative; stable across hammerspace relocation)
[2026-09-19 00:27:40] [Info] [hammerspace.main] [CloneACT] 7,392 bytes from block+0x1FA40
[2026-09-19 00:27:40] [Info] [hammerspace.main] [CloneTEX] 248,000 bytes from block+0x21720
[2026-09-19 00:27:40] [Info] [hammerspace.main] [CloneSKN] 38,208 bytes from block+0x5DFE0
[2026-09-19 00:27:40] [Info] [hammerspace.main] [CloneHEADER] 0x20 bytes from offset 0x04AA6C20
[2026-09-19 00:27:40] [Info] [hammerspace.main] [HDR] +0x18 patched: 0x00067520 → 0x00078CE0
[2026-09-19 00:27:40] [Info] [hammerspace.main] [CloneGPL] 129,568 bytes from block+0x20
[2026-09-19 00:27:40] [Info] [hammerspace.main] [GPL] appended custom submesh 'custom0' as submesh 4 (host bone 52, template builtin:rigid_spec_v1)
[2026-09-19 00:27:40] [Info] [hammerspace.main] [CloneACT] 7,392 bytes from block+0x1FA40
[2026-09-19 00:27:40] [Info] [hammerspace.main] [ACT] bone 2 GeoId -> 3 at ACT+0x6C (GeoIdEdited retarget; section-relative, stable across hammerspace relocation)
[2026-09-19 00:27:40] [Info] [hammerspace.main] [ACT] custom submesh 'custom0': bone 52 GeoId -> 4 at ACT+0x5E4 (section-relative; stable across hammerspace relocation)
[2026-09-19 00:27:40] [Info] [hammerspace.main] [CloneACT] 7,392 bytes from block+0x1FA40
[2026-09-19 00:27:40] [Info] [hammerspace.main] [CloneTEX] 248,000 bytes from block+0x21720
[2026-09-19 00:27:40] [Info] [hammerspace.main] [CloneSKN] 38,208 bytes from block+0x5DFE0
[2026-09-19 00:27:40] [Info] [hammerspace.main] [CloneHEADER] 0x20 bytes from offset 0x04AA6C20
[2026-09-19 00:27:40] [Info] [hammerspace.main] [HDR] +0x18 patched: 0x00067520 → 0x00078CE0
[2026-09-19 00:27:42] [Info] [geometry.rebuild] [M3.3] sub0 color: 4 donor entries -> 4 compact; indices rebuilt
[2026-09-19 00:27:42] [Info] [geometry.rebuild] [M3.2] sub0: rebuilt draw states [1]; descriptor upgrades []; triangulated 0 irreducible GX blocks
[2026-09-19 00:27:42] [Info] [geometry.rebuild] [M3.3] sub0 color: 4 donor entries -> 4 compact; indices preserved
[2026-09-19 00:27:42] [Info] [hammerspace.main] [CloneGPL] 129,568 bytes from block+0x20
[2026-09-19 00:27:42] [Info] [hammerspace.main] [GPL] patched position array sub0 at GPL+0x60 (22,224 bytes)
[2026-09-19 00:27:42] [Info] [hammerspace.main] [GPL] appended custom submesh 'custom0' as submesh 3 (host bone 2, template builtin:rigid_spec_v1)
[2026-09-19 00:27:42] [Info] [hammerspace.main] [CloneACT] 7,392 bytes from block+0x1FA40
[2026-09-19 00:27:42] [Info] [hammerspace.main] [ACT] custom submesh 'custom0': bone 2 GeoId -> 3 at ACT+0x6C (section-relative; stable across hammerspace relocation)
[2026-09-19 00:27:42] [Info] [hammerspace.main] [CloneACT] 7,392 bytes from block+0x1FA40
[2026-09-19 00:27:42] [Info] [hammerspace.main] [CloneTEX] 248,000 bytes from block+0x21720
[2026-09-19 00:27:42] [Info] [hammerspace.main] [CloneSKN] 38,208 bytes from block+0x5DFE0
[2026-09-19 00:27:42] [Info] [hammerspace.main] [CloneHEADER] 0x20 bytes from offset 0x04AA6C20
[2026-09-19 00:27:42] [Info] [hammerspace.main] [HDR] +0x18 patched: 0x00067520 → 0x00067780
[2026-09-19 00:27:42] [Info] [hammerspace.main] [CloneGPL] 129,568 bytes from block+0x20
[2026-09-19 00:27:42] [Info] [hammerspace.main] [GPL] patched position array sub0 at GPL+0x60 (22,224 bytes)
[2026-09-19 00:27:42] [Info] [hammerspace.main] [GPL] appended custom submesh 'custom0' as submesh 3 (host bone 2, template builtin:rigid_spec_v1)
[2026-09-19 00:27:42] [Info] [hammerspace.main] [CloneACT] 7,392 bytes from block+0x1FA40
[2026-09-19 00:27:42] [Info] [hammerspace.main] [ACT] custom submesh 'custom0': bone 2 GeoId -> 3 at ACT+0x6C (section-relative; stable across hammerspace relocation)
[2026-09-19 00:27:42] [Info] [hammerspace.main] [CloneACT] 7,392 bytes from block+0x1FA40
[2026-09-19 00:27:42] [Info] [hammerspace.main] [CloneTEX] 248,000 bytes from block+0x21720
[2026-09-19 00:27:42] [Info] [hammerspace.main] [CloneSKN] 38,208 bytes from block+0x5DFE0
[2026-09-19 00:27:42] [Info] [hammerspace.main] [CloneHEADER] 0x20 bytes from offset 0x04AA6C20
[2026-09-19 00:27:42] [Info] [hammerspace.main] [HDR] +0x18 patched: 0x00067520 → 0x00067780
[2026-09-19 00:27:42] [Info] [hammerspace.main] [CloneGPL] 129,568 bytes from block+0x20
[2026-09-19 00:27:42] [Info] [hammerspace.main] [GPL] patched position array sub0 at GPL+0x60 (22,224 bytes)
[2026-09-19 00:27:42] [Info] [hammerspace.main] [GPL] appended custom submesh 'custom0' as submesh 3 (host bone 2, template rigid:sm1_ds5)
[2026-09-19 00:27:42] [Info] [hammerspace.main] [CloneACT] 7,392 bytes from block+0x1FA40
[2026-09-19 00:27:42] [Info] [hammerspace.main] [ACT] custom submesh 'custom0': bone 2 GeoId -> 3 at ACT+0x6C (section-relative; stable across hammerspace relocation)
[2026-09-19 00:27:42] [Info] [hammerspace.main] [CloneACT] 7,392 bytes from block+0x1FA40
[2026-09-19 00:27:42] [Info] [hammerspace.main] [CloneTEX] 248,000 bytes from block+0x21720
[2026-09-19 00:27:42] [Info] [hammerspace.main] [CloneSKN] 38,208 bytes from block+0x5DFE0
[2026-09-19 00:27:42] [Info] [hammerspace.main] [CloneHEADER] 0x20 bytes from offset 0x04AA6C20
[2026-09-19 00:27:42] [Info] [hammerspace.main] [HDR] +0x18 patched: 0x00067520 → 0x000677C0
[2026-09-19 00:27:42] [Info] [hammerspace.main] [CloneGPL] 129,568 bytes from block+0x20
[2026-09-19 00:27:42] [Info] [hammerspace.main] [GPL] patched position array sub0 at GPL+0x60 (22,224 bytes)
[2026-09-19 00:27:42] [Info] [hammerspace.main] [GPL] appended custom submesh 'custom0' as submesh 3 (host bone 2, template derived:sm0_ds5)
[2026-09-19 00:27:42] [Info] [hammerspace.main] [CloneACT] 7,392 bytes from block+0x1FA40
[2026-09-19 00:27:42] [Info] [hammerspace.main] [ACT] custom submesh 'custom0': bone 2 GeoId -> 3 at ACT+0x6C (section-relative; stable across hammerspace relocation)
[2026-09-19 00:27:42] [Info] [hammerspace.main] [CloneACT] 7,392 bytes from block+0x1FA40
[2026-09-19 00:27:42] [Info] [hammerspace.main] [CloneTEX] 248,000 bytes from block+0x21720
[2026-09-19 00:27:42] [Info] [hammerspace.main] [CloneSKN] 38,208 bytes from block+0x5DFE0
[2026-09-19 00:27:42] [Info] [hammerspace.main] [CloneHEADER] 0x20 bytes from offset 0x04AA6C20
[2026-09-19 00:27:42] [Info] [hammerspace.main] [HDR] +0x18 patched: 0x00067520 → 0x00067780
[2026-09-19 00:27:42] [Info] [hammerspace.main] [CloneGPL] 129,568 bytes from block+0x20
[2026-09-19 00:27:42] [Info] [hammerspace.main] [GPL] patched position array sub0 at GPL+0x60 (22,224 bytes)
[2026-09-19 00:27:42] [Info] [hammerspace.main] [GPL] appended custom submesh 'custom0' as submesh 3 (host bone 2, template builtin:rigid_spec_v1)
[2026-09-19 00:27:42] [Info] [hammerspace.main] [CloneACT] 7,392 bytes from block+0x1FA40
[2026-09-19 00:27:42] [Info] [hammerspace.main] [ACT] custom submesh 'custom0': bone 2 GeoId -> 3 at ACT+0x6C (section-relative; stable across hammerspace relocation)
[2026-09-19 00:27:42] [Info] [hammerspace.main] [CloneACT] 7,392 bytes from block+0x1FA40
[2026-09-19 00:27:42] [Info] [hammerspace.main] [CloneTEX] 248,000 bytes from block+0x21720
[2026-09-19 00:27:42] [Info] [hammerspace.main] [CloneSKN] 38,208 bytes from block+0x5DFE0
[2026-09-19 00:27:42] [Info] [hammerspace.main] [CloneHEADER] 0x20 bytes from offset 0x04AA6C20
[2026-09-19 00:27:42] [Info] [hammerspace.main] [HDR] +0x18 patched: 0x00067520 → 0x00067780
[2026-09-19 00:27:43] [Info] [dispatcher] Resolved PNG '0.png' → model.sluggie texture 0
[2026-09-19 00:27:43] [Info] [dispatcher] Resolved PNG '0.png' → model.sluggie texture 0
[2026-09-19 00:27:43] [Info] [dispatcher] Found: C:\Users\gerno\AppData\Local\Temp\tmpn10kqset\model.sluggie
[2026-09-19 00:27:43] [Info] [dispatcher] Resolved PNG '0.png' → model.sluggie texture 0
[2026-09-19 00:27:43] [Info] [dispatcher] Found: C:\Users\gerno\AppData\Local\Temp\tmpvxilp3wy\model.sluggie
[2026-09-19 00:27:43] [Warning] [act] bone 0 is not relative
[2026-09-19 00:27:43] [Warning] [act] bone 0 is not relative
[2026-09-19 00:27:43] [Warning] [act] bone 0 is not relative
[2026-09-19 00:27:44] [Info] [hammerspace.helper] [1] Current DOL entry: chunk=0, file_index=0, offset=0x00000008 (8), length=0x00000008 (8 bytes)
[2026-09-19 00:27:44] [Info] [hammerspace.helper] [2] Original DOL entry: offset=0x00000008 (8), length=0x00000008 (8 bytes)
[2026-09-19 00:27:44] [Info] [hammerspace.helper] DOL entry was already restored; original model bytes were repaired and verified.
[2026-09-19 00:27:44] [Info] [hammerspace.helper] [1] Current DOL entry: chunk=0, file_index=0, offset=0x00000040 (64), length=0x00000008 (8 bytes)
[2026-09-19 00:27:44] [Info] [hammerspace.helper] [2] Original DOL entry: offset=0x00000008 (8), length=0x00000008 (8 bytes)
[2026-09-19 00:27:44] [Info] [hammerspace.helper] [3] Restored and verified 8 original model bytes at 0x00000008.
[2026-09-19 00:27:44] [Info] [hammerspace.helper] [4] Restoring original DOL entry ...
[2026-09-19 00:27:44] [Info] [hammerspace.helper] [5] Zeroing 8 bytes at 0x00000040 in OUTPUT dt_na.dat ...
[2026-09-19 00:27:44] [Info] [hammerspace.helper]     Zeroed 8 bytes.
[2026-09-19 00:27:44] [Info] [hammerspace.helper] Done. chunk=0, file_index=0 removed from hammerspace.
[2026-09-19 00:27:44] [Info] [hammerspace.main] [ACT] bone 5 GeoId -> 65535 at ACT+0x20 (GeoIdEdited retarget; section-relative, stable across hammerspace relocation)
[2026-09-19 00:27:44] [Info] [hammerspace.main] [ACT] custom submesh 'custom0': bone 5 GeoId -> 2 at ACT+0x20 (section-relative; stable across hammerspace relocation)
[2026-09-19 00:27:44] [Info] [hammerspace.main] [ACT] bone 6 GeoId -> 1 at ACT+0x28 (GeoIdEdited retarget; section-relative, stable across hammerspace relocation)
[2026-09-19 00:27:44] [Info] [hammerspace.main] [ACT] bone 5 GeoId -> 65535 at ACT+0x20 (GeoIdEdited retarget; section-relative, stable across hammerspace relocation)
[2026-09-19 00:27:44] [Info] [hammerspace.main] [ACT] custom submesh 'custom0': bone 5 GeoId -> 1 at ACT+0x20 (section-relative; stable across hammerspace relocation)
[2026-09-19 00:27:44] [Info] [hammerspace.main] [ACT] custom submesh 'custom1': bone 6 GeoId -> 2 at ACT+0x28 (section-relative; stable across hammerspace relocation)
[2026-09-19 00:27:44] [Info] [hammerspace.main] [ACT] custom submesh 'custom0': bone 5 GeoId -> 2 at ACT+0x20 (section-relative; stable across hammerspace relocation)
[2026-09-19 00:27:44] [Error] [hammerspace.main] Bone 1: SRTOffset 0x103F is before the ACT section start (0x1040); the .sluggie's SRTOffset metadata does not match this model's ACT section layout. Re-export the model with the latest SluggiesTools export.py, then export from Blender again.
[2026-09-19 00:27:44] [Info] [hammerspace.main] [ACT] root-bone SRT scale: bone 1 wrote 400000003fc000003f800000 at ACT+0x54 (section-relative; stable across hammerspace relocation)
[2026-09-19 00:27:44] [Info] [hammerspace.main] [Container] DOL entry is an archive: 3 slots, 3 populated; rebuilding slot 1 at +0x60 and carrying the other 2 member(s) along
[2026-09-19 00:27:44] [Info] [hammerspace.main] [Container] archive slot 1 64 -> 192 bytes; 1 later slot(s) shifted by +128; archive 256 -> 384 bytes
[2026-09-19 00:27:44] [Info] [hammerspace.main] [Container] preserving 32-byte DOL entry prefix; inner model starts at +0x20
[2026-09-19 00:27:44] [Info] [hammerspace.main] [Container] DOL entry is an archive: 3 slots, 3 populated; rebuilding slot 1 at +0x60 and carrying the other 2 member(s) along
[2026-09-19 00:27:44] [Info] [hammerspace.main] [Container] archive slot 1 64 -> 192 bytes; 1 later slot(s) shifted by +128; archive 256 -> 384 bytes
[2026-09-19 00:27:44] [Info] [hammerspace.main] [Container] DOL entry is an archive: 3 slots, 3 populated; rebuilding slot 1 at +0x60 and carrying the other 2 member(s) along
[2026-09-19 00:27:44] [Info] [hammerspace.main] [Container] archive slot 1 64 -> 192 bytes; 1 later slot(s) shifted by +128; archive 256 -> 384 bytes
[2026-09-19 00:27:44] [Info] [hammerspace.main] [CloneGPL] 4 bytes from block+0x20
[2026-09-19 00:27:44] [Info] [hammerspace.main] [HDR] +0x18 patched: 0x00000180 → 0x00000100
[2026-09-19 00:27:44] [Info] [hammerspace.main] [HDR] +0x14 patched: 0x00000100 → 0x000000A0
[2026-09-19 00:27:44] [Info] [hammerspace.main] [HDR] +0x18 patched: 0x00000140 → 0x000000E0
[2026-09-19 00:27:44] [Info] [hammerspace.main] [HDR] +0x1C patched: 0x00000180 → 0x00000120
[2026-09-19 00:27:44] [Info] [hammerspace.main] [GPL] patched material state sub0 ds0 at GPL+0x10
[2026-09-19 00:27:44] [Info] [hammerspace.main] [GPL] patched material state sub0 ds1 at GPL+0x20
[2026-09-19 00:27:44] [Info] [hammerspace.main] [GPL] patched position array sub0 at GPL+0x10 (6 bytes)
[2026-09-19 00:27:44] [Info] [hammerspace.main] Model already in hammerspace at 0x00003000; keeping the old route live until replacement commits
[2026-09-19 00:27:44] [Info] [hammerspace.main] Hammerspace Log: Replaced | Model: fixture.sluggie | Old address: 0x00003000 | Old size: 0.00 MB
[2026-09-19 00:27:44] [Info] [hammerspace.main] Hammerspace Log: Written | Model: fixture.sluggie | Chunk: 18 | File: 0 | Address: 0x00004000 | Size: 0.00 MB | Modes: {'GPL': 'clone', 'ACT': 'clone', 'TEX': 'clone', 'SKN': 'clone', 'trailing': 'clone'}
[2026-09-19 00:27:44] [Info] [hammerspace.main] Model already in hammerspace at 0x00003000; keeping the old route live until replacement commits
[2026-09-19 00:27:44] [Info] [hammerspace.main] Model already in hammerspace at 0x00003000; keeping the old route live until replacement commits
[2026-09-19 00:27:44] [Info] [hammerspace.main] Hammerspace Log: Replaced | Model: fixture.sluggie | Old address: 0x00003000 | Old size: 0.00 MB
[2026-09-19 00:27:44] [Info] [hammerspace.main] Hammerspace Log: Written | Model: fixture.sluggie | Chunk: 18 | File: 0 | Address: 0x00004000 | Size: 0.00 MB | Modes: {'GPL': 'clone', 'ACT': 'clone', 'TEX': 'clone', 'SKN': 'clone', 'trailing': 'clone'}
[2026-09-19 00:27:44] [Info] [hammerspace.main] Model already in hammerspace at 0x00003000; keeping the old route live until replacement commits
[2026-09-19 00:27:44] [Info] [hammerspace.main] [GPL] appended UV array sub0 uv0 at GPL+0x80 (8 bytes)
[2026-09-19 00:27:44] [Info] [hammerspace.main] [GPL] appended primitive list sub0 ds0 (32 bytes)
[2026-09-19 00:27:44] [Info] [hammerspace.main] [GPL] patched UV array sub0 uv0 at GPL+0x14 (4 bytes)
[2026-09-19 00:27:44] [Info] [hammerspace.main] Hammerspace Log: Written | Model: fixture.sluggie | Chunk: 18 | File: 0 | Address: 0x00001020 | Size: 0.00 MB | Modes: {'GPL': 'clone', 'ACT': 'clone', 'TEX': 'clone', 'SKN': 'clone', 'trailing': 'clone'}
[2026-09-19 00:27:44] [Info] [hammerspace.main] Hammerspace Log: Written | Model: fixture.sluggie | Chunk: 18 | File: 0 | Address: 0x00002000 | Size: 0.00 MB | Modes: {'GPL': 'clone', 'ACT': 'clone', 'TEX': 'clone', 'SKN': 'clone', 'trailing': 'clone'}
[2026-09-19 00:27:44] [Warning] [hammerspace.main] [SKN] SK1/SK2 destinations are not cache-line exclusive; source arrays packed sequentially instead of mirroring the position buffer (donor layout rule) — facial poses on skinned vertices may break in-game
[2026-09-19 00:27:44] [Info] [hammerspace.main] [BuildTEX] built 5 texture(s), 5 image payload(s), 0 palette payload(s); section size 832 bytes
[2026-09-19 00:27:44] [Info] [hammerspace.main] [BuildTEX] built 2 texture(s), 2 image payload(s), 0 palette payload(s); section size 160 bytes
[2026-09-19 00:27:44] [Info] [hammerspace.main] [BuildTEX] No textures; returning empty TEX section
[2026-09-19 00:27:44] [Info] [hammerspace.main] [BuildTEX] built 2 texture(s), 2 image payload(s), 0 palette payload(s); section size 160 bytes
[2026-09-19 00:27:44] [Info] [hammerspace.main] [BuildTEX] built 2 texture(s), 2 image payload(s), 2 palette payload(s); section size 256 bytes
[2026-09-19 00:27:44] [Info] [hammerspace.main] [BuildTEX] built 1 texture(s), 1 image payload(s), 0 palette payload(s); section size 96 bytes
[2026-09-19 00:27:44] [Info] [hammerspace.main] [CloneGPL] 129,568 bytes from block+0x20
[2026-09-19 00:27:44] [Info] [hammerspace.main] [GPL] appended custom submesh 'custom0' as submesh 3 (host bone 2, template builtin:rigid_spec_v1)
[2026-09-19 00:27:44] [Info] [hammerspace.main] [CloneACT] 7,392 bytes from block+0x1FA40
[2026-09-19 00:27:44] [Info] [hammerspace.main] [ACT] custom submesh 'custom0': bone 2 GeoId -> 3 at ACT+0x6C (section-relative; stable across hammerspace relocation)
[2026-09-19 00:27:44] [Info] [hammerspace.main] [CloneACT] 7,392 bytes from block+0x1FA40
[2026-09-19 00:27:44] [Info] [hammerspace.main] [CloneTEX] 248,000 bytes from block+0x21720
[2026-09-19 00:27:44] [Info] [hammerspace.main] [CloneSKN] 38,208 bytes from block+0x5DFE0
[2026-09-19 00:27:44] [Info] [hammerspace.main] [CloneHEADER] 0x20 bytes from offset 0x04AA6C20
[2026-09-19 00:27:44] [Info] [hammerspace.main] [HDR] +0x18 patched: 0x00067520 → 0x000677A0
[2026-09-19 00:27:44] [Info] [hammerspace.main] [CloneGPL] 129,568 bytes from block+0x20
[2026-09-19 00:27:44] [Info] [hammerspace.main] [GPL] appended custom submesh 'custom0' as submesh 3 (host bone 4, template derived:sm0_ds5)
[2026-09-19 00:27:44] [Info] [hammerspace.main] [CloneACT] 7,392 bytes from block+0x1FA40
[2026-09-19 00:27:44] [Info] [hammerspace.main] [ACT] custom submesh 'custom0': bone 4 GeoId -> 3 at ACT+0xA4 (section-relative; stable across hammerspace relocation)
[2026-09-19 00:27:44] [Info] [hammerspace.main] [CloneACT] 7,392 bytes from block+0x1FA40
[2026-09-19 00:27:44] [Info] [hammerspace.main] [CloneTEX] 248,000 bytes from block+0x21720
[2026-09-19 00:27:44] [Info] [hammerspace.main] [CloneSKN] 38,208 bytes from block+0x5DFE0
[2026-09-19 00:27:44] [Info] [hammerspace.main] [CloneHEADER] 0x20 bytes from offset 0x04AA6C20
[2026-09-19 00:27:44] [Info] [hammerspace.main] [HDR] +0x18 patched: 0x00067520 → 0x000677A0
[2026-09-19 00:27:44] [Info] [hammerspace.main] [CloneGPL] 129,568 bytes from block+0x20
[2026-09-19 00:27:44] [Info] [hammerspace.main] [CloneGPL] 129,568 bytes from block+0x20
[2026-09-19 00:27:44] [Info] [hammerspace.main] [GPL] appended custom submesh 'custom0' as submesh 3 (host bone 2, template builtin:rigid_spec_v1)
[2026-09-19 00:27:44] [Info] [hammerspace.main] [CloneACT] 7,392 bytes from block+0x1FA40
[2026-09-19 00:27:44] [Info] [hammerspace.main] [ACT] custom submesh 'custom0': bone 2 GeoId -> 3 at ACT+0x6C (section-relative; stable across hammerspace relocation)
[2026-09-19 00:27:44] [Info] [hammerspace.main] [CloneACT] 7,392 bytes from block+0x1FA40
[2026-09-19 00:27:44] [Info] [hammerspace.main] [CloneTEX] 248,000 bytes from block+0x21720
[2026-09-19 00:27:44] [Info] [hammerspace.main] [CloneSKN] 38,208 bytes from block+0x5DFE0
[2026-09-19 00:27:44] [Info] [hammerspace.main] [CloneHEADER] 0x20 bytes from offset 0x04AA6C20
[2026-09-19 00:27:44] [Info] [hammerspace.main] [HDR] +0x18 patched: 0x00067520 → 0x000677A0
[2026-09-19 00:27:44] [Info] [hammerspace.main] [CloneGPL] 129,568 bytes from block+0x20
[2026-09-19 00:27:44] [Info] [hammerspace.main] [GPL] appended custom submesh 'custom0' as submesh 3 (host bone 3, template rigid:sm1_ds5)
[2026-09-19 00:27:44] [Info] [hammerspace.main] [CloneACT] 7,392 bytes from block+0x1FA40
[2026-09-19 00:27:44] [Info] [hammerspace.main] [ACT] custom submesh 'custom0': bone 3 GeoId -> 3 at ACT+0x88 (section-relative; stable across hammerspace relocation)
[2026-09-19 00:27:44] [Info] [hammerspace.main] [CloneACT] 7,392 bytes from block+0x1FA40
[2026-09-19 00:27:44] [Info] [hammerspace.main] [CloneTEX] 248,000 bytes from block+0x21720
[2026-09-19 00:27:44] [Info] [hammerspace.main] [CloneSKN] 38,208 bytes from block+0x5DFE0
[2026-09-19 00:27:44] [Info] [hammerspace.main] [CloneHEADER] 0x20 bytes from offset 0x04AA6C20
[2026-09-19 00:27:44] [Info] [hammerspace.main] [HDR] +0x18 patched: 0x00067520 → 0x000677E0
[2026-09-19 00:27:44] [Info] [hammerspace.main] [GPL] appended custom submesh 'custom0' as submesh 1 (host bone 5, template builtin:rigid_spec_v1)
[2026-09-19 00:27:44] [Info] [geometry.rebuild] [M3.3] sub0: normal buffer compacted to 5 unique normals
[2026-09-19 00:27:44] [Info] [geometry.rebuild] [M3.2] sub0: rebuilt draw states [1]; descriptor upgrades []; triangulated 0 irreducible GX blocks
[2026-09-19 00:27:44] [Info] [geometry.rebuild] [M3.2] sub0 uv0: 6 expanded coords -> 5 compact; indices rebuilt
[2026-09-19 00:27:44] [Info] [geometry.rebuild] [M3.3] sub0: normal buffer compacted to 5 unique normals
[2026-09-19 00:27:44] [Info] [geometry.rebuild] [M3.2] sub0: rebuilt draw states [1]; descriptor upgrades []; triangulated 0 irreducible GX blocks
[2026-09-19 00:27:44] [Info] [geometry.rebuild] [M3.3] sub0: normal buffer compacted to 4 unique normals
[2026-09-19 00:44:29] [Info] [dispatcher] Command (StartTools.bat): start.py --patch 78711424_L_mario.gpl.sluggie
[2026-09-19 00:44:29] [Info] [dispatcher] Batch menu selection: 5 - Patch model(s)
[2026-09-19 00:44:29] [Info] [dispatcher] Batch model file input: '78711424_L_mario.gpl.sluggie'
[2026-09-19 00:44:29] [Info] [dispatcher] Found: E:\Sluggies\Sluggies-dat-tools\2_Output_Models\18 Mario\78711424_L_mario.gpl\78711424_L_mario.gpl.sluggie
[2026-09-19 00:44:29] [Info] [hammerspace.main] [CloneGPL] 49,152 bytes from block+0x20
[2026-09-19 00:44:29] [Info] [hammerspace.main] [GPL] patched position array sub0 at GPL+0x60 (8,940 bytes)
[2026-09-19 00:44:29] [Info] [hammerspace.main] [GPL] appended custom submesh 'custom1' as submesh 3 (host bone 91, template builtin:rigid_spec_v1)
[2026-09-19 00:44:29] [Info] [hammerspace.main] [CloneACT] 7,392 bytes from block+0xC020
[2026-09-19 00:44:29] [Info] [hammerspace.main] [CloneACT] 7,392 bytes from block+0xC020
[2026-09-19 00:44:29] [Info] [hammerspace.main] [CloneTEX] No TEX section
[2026-09-19 00:44:29] [Info] [hammerspace.main] [CloneTrailing] No ptr6/ptr7/ptr8 sections
[2026-09-19 00:44:29] [Info] [hammerspace.main] [CloneHEADER] 0x20 bytes from offset 0x04B10A80
[2026-09-19 00:44:29] [Info] [hammerspace.main] Build validation report:
    {
      "valid": true,
      "errors": [],
      "warnings": [],
      "section_modes": {
        "GPL": "build",
        "ACT": "clone",
        "TEX": "clone",
        "SKN": "build",
        "trailing": "clone"
      },
      "section_sizes": {
        "GPL": 55044,
        "ACT": 7472,
        "TEX": 0,
        "SKN": 21408,
        "trailing": 0
      },
      "section_pointers": {
        "GPL": 32,
        "ACT": 55104,
        "TEX": 0,
        "SKN": 62592
      },
      "assembled_size": 84000,
      "original_size": 77984,
      "size_delta": 6016,
      "validator_facts": {
        "section_pointers": {
          "GPL": 32,
          "ACT": 55104,
          "TEX": 0,
          "SKN": 62592,
          "ptr6": 0,
          "ptr7": 0,
          "ptr8": 0
        },
        "section_ranges": {
          "GPL": {
            "start": 32,
            "end": 55104
          },
          "ACT": {
            "start": 55104,
            "end": 62592
          },
          "SKN": {
            "start": 62592,
            "end": 84000
          }
        },
        "section_sizes": {
          "GPL": 55072,
          "ACT": 7488,
          "SKN": 21408
        },
        "alignment": {
          "checked": 205,
          "failed": 0
        },
        "gpl_texture_references": [
          {
            "submesh": 0,
            "display_state": 0,
            "texture_index": 0
          },
          {
            "submesh": 0,
            "display_state": 1,
            "texture_index": 4
          },
          {
            "submesh": 0,
            "display_state": 6,
            "texture_index": 1
          },
          {
            "submesh": 0,
            "display_state": 7,
            "texture_index": 3
          },
          {
            "submesh": 0,
            "display_state": 10,
            "texture_index": 3
          },
          {
            "submesh": 0,
            "display_state": 12,
            "texture_index": 0
          },
          {
            "submesh": 1,
            "display_state": 0,
            "texture_index": 0
          },
          {
            "submesh": 1,
            "display_state": 1,
            "texture_index": 4
          },
          {
            "submesh": 2,
            "display_state": 0,
            "texture_index": 2
          },
          {
            "submesh": 2,
            "display_state": 1,
            "texture_index": 4
          },
          {
            "submesh": 2,
            "display_state": 6,
            "texture_index": 2
          },
          {
            "submesh": 2,
            "display_state": 7,
            "texture_index": 1
          },
          {
            "submesh": 2,
            "display_state": 9,
            "texture_index": 1
          },
          {
            "submesh": 3,
            "display_state": 0,
            "texture_index": 0
          },
          {
            "submesh": 3,
            "display_state": 1,
            "texture_index": 4
          }
        ],
        "primitive_lists_validated": 201,
        "gpl_submesh_layout": [
          {
            "position_count": 745,
            "position_comp_count": 6,
            "position_quantize_info": 59,
            "normal_count": 745,
            "normal_comp_count": 6,
            "normal_quantize_info": 59
          },
          {
            "position_count": 70,
            "position_comp_count": 3,
            "position_quantize_info": 59,
            "normal_count": 70,
            "normal_comp_count": 3,
            "normal_quantize_info": 62
          },
          {
            "position_count": 280,
            "position_comp_count": 3,
            "position_quantize_info": 59,
            "normal_count": 284,
            "normal_comp_count": 3,
            "normal_quantize_info": 62
          },
          {
            "position_count": 70,
            "position_comp_count": 3,
            "position_quantize_info": 59,
            "normal_count": 371,
            "normal_comp_count": 3,
            "normal_quantize_info": 62
          }
        ],
        "act_bone_count": 92,
        "act_geo_id_owners": {
          "1": [
            54
          ],
          "2": [
            55
          ],
          "3": [
            91
          ]
        },
        "act_shared_geo_ids": [],
        "skinned_position_offsets": [
          160
        ],
        "primitive_offsets": [
          13440,
          20800,
          23648,
          28800,
          33952,
          35904,
          42528,
          43008,
          43520,
          45152,
          52768
        ],
        "scratch_write_ends": [
          8960,
          144,
          240,
          612,
          732,
          816,
          1188,
          1308,
          1440,
          1908,
          1992,
          2076,
          2172,
          2232,
          2292,
          2436,
          2508,
          2580,
          2676,
          2736,
          2880,
          2952,
          3444,
          3492,
          3600,
          3720,
          3792,
          3888,
          4032,
          4092,
          4224,
          4308,
          4404,
          4572,
          4740,
          5316,
          5580,
          5664,
          5712,
          5964,
          6048,
          6096,
          6492,
          6612,
          6720,
          6792,
          7104,
          7176,
          7284,
          7332,
          7404,
          7572,
          7680,
          7752,
          8064,
          8124,
          8196,
          8364,
          8436,
          8640,
          8592,
          6168,
          8628,
          8604,
          8640,
          8568,
          7152,
          8556,
          8100,
          8664,
          8784,
          8868,
          8904,
          8916,
          8556,
          8568,
          8712,
          8688,
          8748,
          8736,
          8736,
          8760,
          8760,
          8808,
          8808,
          8856,
          8844,
          8880,
          8880,
          8892,
          8892,
          8904,
          8940,
          8940
        ],
        "skn_stride": 12
      },
      "root_scale_applied": false
    }
[2026-09-19 00:44:29] [Info] [hammerspace.main] Model already in hammerspace at 0x2BF015E0; keeping the old route live until replacement commits
[2026-09-19 00:44:29] [Info] [hammerspace.helper] Patched DOL entry: chunk=18, file_index=1, offset=0x2BEE9C20, length=0x14820
[2026-09-19 00:44:29] [Info] [hammerspace.helper] Patched DOL entry: chunk=0, file_index=58, offset=0x2BEE9C20, length=0x14820
[2026-09-19 00:44:29] [Info] [hammerspace.helper] Patched DOL entry: chunk=1, file_index=57, offset=0x2BEE9C20, length=0x14820
[2026-09-19 00:44:29] [Info] [hammerspace.helper] Patched DOL entry: chunk=2, file_index=56, offset=0x2BEE9C20, length=0x14820
[2026-09-19 00:44:29] [Info] [hammerspace.helper] Patched DOL entry: chunk=3, file_index=49, offset=0x2BEE9C20, length=0x14820
[2026-09-19 00:44:29] [Info] [hammerspace.helper] Patched DOL entry: chunk=4, file_index=48, offset=0x2BEE9C20, length=0x14820
[2026-09-19 00:44:29] [Info] [hammerspace.helper] Patched DOL entry: chunk=5, file_index=47, offset=0x2BEE9C20, length=0x14820
[2026-09-19 00:44:29] [Info] [hammerspace.helper] Patched DOL entry: chunk=6, file_index=44, offset=0x2BEE9C20, length=0x14820
[2026-09-19 00:44:29] [Info] [hammerspace.helper] Patched DOL entry: chunk=7, file_index=43, offset=0x2BEE9C20, length=0x14820
[2026-09-19 00:44:29] [Info] [hammerspace.helper] Patched DOL entry: chunk=8, file_index=39, offset=0x2BEE9C20, length=0x14820
[2026-09-19 00:44:29] [Info] [hammerspace.helper] Patched DOL entry: chunk=9, file_index=34, offset=0x2BEE9C20, length=0x14820
[2026-09-19 00:44:29] [Info] [hammerspace.helper] Patched DOL entry: chunk=10, file_index=31, offset=0x2BEE9C20, length=0x14820
[2026-09-19 00:44:29] [Info] [hammerspace.helper] Patched DOL entry: chunk=11, file_index=26, offset=0x2BEE9C20, length=0x14820
[2026-09-19 00:44:29] [Info] [hammerspace.helper] Patched DOL entry: chunk=12, file_index=22, offset=0x2BEE9C20, length=0x14820
[2026-09-19 00:44:29] [Info] [hammerspace.helper] Patched DOL entry: chunk=13, file_index=18, offset=0x2BEE9C20, length=0x14820
[2026-09-19 00:44:29] [Info] [hammerspace.helper] Patched DOL entry: chunk=14, file_index=15, offset=0x2BEE9C20, length=0x14820
[2026-09-19 00:44:29] [Info] [hammerspace.helper] Patched DOL entry: chunk=15, file_index=11, offset=0x2BEE9C20, length=0x14820
[2026-09-19 00:44:29] [Info] [hammerspace.helper] Patched DOL entry: chunk=16, file_index=6, offset=0x2BEE9C20, length=0x14820
[2026-09-19 00:44:29] [Info] [hammerspace.helper] Patched DOL entry: chunk=17, file_index=3, offset=0x2BEE9C20, length=0x14820
[2026-09-19 00:44:29] [Info] [hammerspace.helper] Zeroing original model data: 0x04B10A80, 77,984 bytes ...
[2026-09-19 00:44:29] [Info] [hammerspace.helper]     Zeroed 77,984 bytes at original location.
[2026-09-19 00:44:29] [Info] [hammerspace.main] Hammerspace Log: Replaced | Model: 78711424_L_mario.gpl.sluggie | Old address: 0x2BF015E0 | Old size: 0.08 MB
[2026-09-19 00:44:29] [Info] [hammerspace.helper] [Debug] Original block    → E:\Sluggies\Sluggies-dat-tools\3_Output_Dat\SluggDebugg\78711424_L_mario.gpl.sluggie_Original.SluggDebugg
[2026-09-19 00:44:29] [Info] [hammerspace.helper] [Debug] Hammerspace block → E:\Sluggies\Sluggies-dat-tools\3_Output_Dat\SluggDebugg\78711424_L_mario.gpl.sluggie_Hammerspace.SluggDebugg
[2026-09-19 00:44:29] [Info] [hammerspace.main] Hammerspace Log: Written | Model: 78711424_L_mario.gpl.sluggie | Chunk: 18 | File: 1 | Address: 0x2BEE9C20 | Size: 0.08 MB | Modes: {'GPL': 'build', 'ACT': 'clone', 'TEX': 'clone', 'SKN': 'build', 'trailing': 'clone'}
[2026-09-19 00:44:29] [Info] [dispatcher] Command completed
[2026-09-19 00:45:53] [Info] [dispatcher] Command (StartTools.bat): start.py --unpatch 78711424_L_mario.gpl.sluggie
[2026-09-19 00:45:53] [Info] [dispatcher] Batch menu selection: 6 - Unpatch model(s)
[2026-09-19 00:45:53] [Info] [dispatcher] Batch model file input: '78711424_L_mario.gpl.sluggie'
[2026-09-19 00:45:53] [Info] [dispatcher] Found: E:\Sluggies\Sluggies-dat-tools\2_Output_Models\18 Mario\78711424_L_mario.gpl\78711424_L_mario.gpl.sluggie
[2026-09-19 00:45:53] [Info] [hammerspace.helper] [1] Current DOL entry: chunk=18, file_index=1, offset=0x2BEE9C20 (737,057,824), length=0x00014820 (84,000 bytes)
[2026-09-19 00:45:53] [Info] [hammerspace.helper] [2] Original DOL entry: offset=0x04B10A80 (78,711,424), length=0x000130A0 (77,984 bytes)
[2026-09-19 00:45:53] [Info] [hammerspace.helper] [3] Restored and verified 77,984 original model bytes at 0x04B10A80.
[2026-09-19 00:45:53] [Info] [hammerspace.helper] [4] Restoring original DOL entry ...
[2026-09-19 00:45:53] [Info] [hammerspace.helper] Patched DOL entry: chunk=18, file_index=1, offset=0x04B10A80, length=0x130A0
[2026-09-19 00:45:53] [Info] [hammerspace.helper]     Restoring 18 shared chunk reference(s):
[2026-09-19 00:45:53] [Info] [hammerspace.helper] Patched DOL entry: chunk=0, file_index=58, offset=0x04B10A80, length=0x130A0
[2026-09-19 00:45:53] [Info] [hammerspace.helper] Patched DOL entry: chunk=1, file_index=57, offset=0x04B10A80, length=0x130A0
[2026-09-19 00:45:53] [Info] [hammerspace.helper] Patched DOL entry: chunk=2, file_index=56, offset=0x04B10A80, length=0x130A0
[2026-09-19 00:45:53] [Info] [hammerspace.helper] Patched DOL entry: chunk=3, file_index=49, offset=0x04B10A80, length=0x130A0
[2026-09-19 00:45:53] [Info] [hammerspace.helper] Patched DOL entry: chunk=4, file_index=48, offset=0x04B10A80, length=0x130A0
[2026-09-19 00:45:53] [Info] [hammerspace.helper] Patched DOL entry: chunk=5, file_index=47, offset=0x04B10A80, length=0x130A0
[2026-09-19 00:45:53] [Info] [hammerspace.helper] Patched DOL entry: chunk=6, file_index=44, offset=0x04B10A80, length=0x130A0
[2026-09-19 00:45:53] [Info] [hammerspace.helper] Patched DOL entry: chunk=7, file_index=43, offset=0x04B10A80, length=0x130A0
[2026-09-19 00:45:53] [Info] [hammerspace.helper] Patched DOL entry: chunk=8, file_index=39, offset=0x04B10A80, length=0x130A0
[2026-09-19 00:45:53] [Info] [hammerspace.helper] Patched DOL entry: chunk=9, file_index=34, offset=0x04B10A80, length=0x130A0
[2026-09-19 00:45:53] [Info] [hammerspace.helper] Patched DOL entry: chunk=10, file_index=31, offset=0x04B10A80, length=0x130A0
[2026-09-19 00:45:53] [Info] [hammerspace.helper] Patched DOL entry: chunk=11, file_index=26, offset=0x04B10A80, length=0x130A0
[2026-09-19 00:45:53] [Info] [hammerspace.helper] Patched DOL entry: chunk=12, file_index=22, offset=0x04B10A80, length=0x130A0
[2026-09-19 00:45:53] [Info] [hammerspace.helper] Patched DOL entry: chunk=13, file_index=18, offset=0x04B10A80, length=0x130A0
[2026-09-19 00:45:53] [Info] [hammerspace.helper] Patched DOL entry: chunk=14, file_index=15, offset=0x04B10A80, length=0x130A0
[2026-09-19 00:45:53] [Info] [hammerspace.helper] Patched DOL entry: chunk=15, file_index=11, offset=0x04B10A80, length=0x130A0
[2026-09-19 00:45:53] [Info] [hammerspace.helper] Patched DOL entry: chunk=16, file_index=6, offset=0x04B10A80, length=0x130A0
[2026-09-19 00:45:53] [Info] [hammerspace.helper] Patched DOL entry: chunk=17, file_index=3, offset=0x04B10A80, length=0x130A0
[2026-09-19 00:45:53] [Info] [hammerspace.helper] [5] Zeroing 84,000 bytes at 0x2BEE9C20 in OUTPUT dt_na.dat ...
[2026-09-19 00:45:53] [Info] [hammerspace.helper]     Zeroed 84,000 bytes.
[2026-09-19 00:45:53] [Info] [hammerspace.helper] Done. chunk=18, file_index=1 removed from hammerspace.
[2026-09-19 00:45:53] [Info] [hammerspace.main] Hammerspace Log: Removed | Model: 78711424_L_mario.gpl.sluggie | Chunk: 18 | File: 1 | Address: 0x2BEE9C20 | Size: 0.08 MB
[2026-09-19 00:45:53] [Info] [dispatcher] Command completed
[2026-09-19 23:23:34] [Info] [dispatcher] Command (StartTools.bat): start.py --patch 142642016_catherine.gpl.sluggie
[2026-09-19 23:23:34] [Info] [dispatcher] Batch menu selection: 5 - Patch model(s)
[2026-09-19 23:23:34] [Info] [dispatcher] Batch model file input: '142642016_catherine.gpl.sluggie'
[2026-09-19 23:23:34] [Info] [dispatcher] Found: E:\Sluggies\Sluggies-dat-tools\2_Output_Models\35 Birdo\142642016_catherine.gpl\142642016_catherine.gpl.sluggie
[2026-09-19 23:23:34] [Info] [patch_inplace] Mode: patch (writing edited data)
[2026-09-19 23:23:34] [Info] [patch_inplace] Output file already exists, skipping copy: E:\Sluggies\Sluggies-dat-tools\3_Output_Dat\dt_na.dat
[2026-09-19 23:23:34] [Info] [patch_inplace] Submesh 3: queued 5 facial position poses (199 mapped vertices each).
[2026-09-19 23:23:34] [Info] [patch_inplace] Submesh 3: queued 5 facial position poses (451 mapped vertices each).
[2026-09-19 23:23:34] [Info] [patch_inplace] Submesh 0: no VertexBufferDataEdited data, skipping.
[2026-09-19 23:23:34] [Info] [patch_inplace] Submesh 1: no VertexBufferDataEdited data, skipping.
[2026-09-19 23:23:34] [Info] [patch_inplace] Submesh 2: no VertexBufferDataEdited data, skipping.
[2026-09-19 23:23:34] [Info] [patch_inplace] Submesh 3: 5502 vertex bytes (in-place)
[2026-09-19 23:23:34] [Info] [patch_inplace] Submesh 3 UV ch 0: 880 bytes (in-place)
[2026-09-19 23:23:34] [Info] [patch_inplace] Submesh 3 UV ch 1: 880 bytes (in-place)
[2026-09-19 23:23:34] [Info] [patch_inplace] Writing 1 vertex, 2 UV, 0 normal, 0 shader-mode, 10 facial-pose, 0 bone-geo, 0 root-scale, 0 texture patch(es) to E:\Sluggies\Sluggies-dat-tools\3_Output_Dat\dt_na.dat ...
[2026-09-19 23:23:34] [Info] [patch_inplace] Submesh 3 vertex: wrote 5502 bytes at 0x881DFD0
[2026-09-19 23:23:34] [Info] [patch_inplace] Submesh 3 UV ch 0: wrote 880 bytes at 0x881F57C
[2026-09-19 23:23:34] [Info] [patch_inplace] Submesh 3 UV ch 1: wrote 880 bytes at 0x881F8EC
[2026-09-19 23:23:34] [Info] [patch_inplace] Facial pose: wrote 1194 bytes at 0x884FB90
[2026-09-19 23:23:34] [Info] [patch_inplace] Facial pose: wrote 1194 bytes at 0x885003A
[2026-09-19 23:23:34] [Info] [patch_inplace] Facial pose: wrote 1194 bytes at 0x88504E4
[2026-09-19 23:23:34] [Info] [patch_inplace] Facial pose: wrote 1194 bytes at 0x885098E
[2026-09-19 23:23:34] [Info] [patch_inplace] Facial pose: wrote 1194 bytes at 0x8850E38
[2026-09-19 23:23:34] [Info] [patch_inplace] Facial pose: wrote 2706 bytes at 0x8853208
[2026-09-19 23:23:34] [Info] [patch_inplace] Facial pose: wrote 2706 bytes at 0x8853C9A
[2026-09-19 23:23:34] [Info] [patch_inplace] Facial pose: wrote 2706 bytes at 0x885472C
[2026-09-19 23:23:34] [Info] [patch_inplace] Facial pose: wrote 2706 bytes at 0x88551BE
[2026-09-19 23:23:34] [Info] [patch_inplace] Facial pose: wrote 2706 bytes at 0x8855C50
[2026-09-19 23:23:34] [Info] [patch_inplace] --- Summary ---
    Vertex submeshes patched (in-place) : 1
    UV channels patched (in-place)      : 2
    Normal buffers patched (in-place)   : 0
    ShaderMode (Type-7 FourCC) patched  : 0
    Facial position poses patched       : 10
    Bone GeoId fields patched           : 0
    Root-bone SRT scale patched         : 0
    Bind-pose vertices scaled           : 0
    Textures patched (in-place)         : 0
    Textures skipped (mip layout)       : 0
    Output file                         : E:\Sluggies\Sluggies-dat-tools\3_Output_Dat\dt_na.dat
[2026-09-19 23:23:34] [Info] [patch_inplace] Done. You can now overwrite your original dt_na.dat in the game folder.
[2026-09-19 23:23:34] [Info] [dispatcher] Command completed
[2026-09-19 23:23:49] [Info] [dispatcher] Command (StartTools.bat): start.py --patch 142975968_L_catherine.gpl.sluggie
[2026-09-19 23:23:49] [Info] [dispatcher] Batch menu selection: 5 - Patch model(s)
[2026-09-19 23:23:49] [Info] [dispatcher] Batch model file input: '142975968_L_catherine.gpl.sluggie'
[2026-09-19 23:23:49] [Info] [dispatcher] Found: E:\Sluggies\Sluggies-dat-tools\2_Output_Models\35 Birdo\142975968_L_catherine.gpl\142975968_L_catherine.gpl.sluggie
[2026-09-19 23:23:49] [Info] [patch_inplace] Mode: patch (writing edited data)
[2026-09-19 23:23:49] [Info] [patch_inplace] Output file already exists, skipping copy: E:\Sluggies\Sluggies-dat-tools\3_Output_Dat\dt_na.dat
[2026-09-19 23:23:49] [Info] [patch_inplace] Submesh 0: no VertexBufferDataEdited data, skipping.
[2026-09-19 23:23:49] [Info] [patch_inplace] Submesh 1: no VertexBufferDataEdited data, skipping.
[2026-09-19 23:23:49] [Info] [patch_inplace] Submesh 2: no VertexBufferDataEdited data, skipping.
[2026-09-19 23:23:49] [Info] [patch_inplace] Submesh 3: 1344 vertex bytes (in-place)
[2026-09-19 23:23:49] [Info] [patch_inplace] Submesh 3 UV ch 0: 248 bytes (in-place)
[2026-09-19 23:23:49] [Info] [patch_inplace] Submesh 3 UV ch 1: 248 bytes (in-place)
[2026-09-19 23:23:49] [Info] [patch_inplace] Writing 1 vertex, 2 UV, 0 normal, 0 shader-mode, 0 facial-pose, 0 bone-geo, 0 root-scale, 0 texture patch(es) to E:\Sluggies\Sluggies-dat-tools\3_Output_Dat\dt_na.dat ...
[2026-09-19 23:23:49] [Info] [patch_inplace] Submesh 3 vertex: wrote 1344 bytes at 0x88649D0
[2026-09-19 23:23:49] [Info] [patch_inplace] Submesh 3 UV ch 0: wrote 248 bytes at 0x8864F3C
[2026-09-19 23:23:49] [Info] [patch_inplace] Submesh 3 UV ch 1: wrote 248 bytes at 0x8865034
[2026-09-19 23:23:49] [Info] [patch_inplace] --- Summary ---
    Vertex submeshes patched (in-place) : 1
    UV channels patched (in-place)      : 2
    Normal buffers patched (in-place)   : 0
    ShaderMode (Type-7 FourCC) patched  : 0
    Facial position poses patched       : 0
    Bone GeoId fields patched           : 0
    Root-bone SRT scale patched         : 0
    Bind-pose vertices scaled           : 0
    Textures patched (in-place)         : 0
    Textures skipped (mip layout)       : 0
    Output file                         : E:\Sluggies\Sluggies-dat-tools\3_Output_Dat\dt_na.dat
[2026-09-19 23:23:49] [Info] [patch_inplace] Done. You can now overwrite your original dt_na.dat in the game folder.
[2026-09-19 23:23:49] [Info] [dispatcher] Command completed
[2026-09-19 23:24:34] [Info] [dispatcher] Command (StartTools.bat): start.py --patch 98904928_daisy.gpl.sluggie
[2026-09-19 23:24:34] [Info] [dispatcher] Batch menu selection: 5 - Patch model(s)
[2026-09-19 23:24:34] [Info] [dispatcher] Batch model file input: '98904928_daisy.gpl.sluggie'
[2026-09-19 23:24:34] [Info] [dispatcher] Found: E:\Sluggies\Sluggies-dat-tools\2_Output_Models\23 Daisy\98904928_daisy.gpl\98904928_daisy.gpl.sluggie
[2026-09-19 23:24:34] [Info] [patch_inplace] Mode: patch (writing edited data)
[2026-09-19 23:24:34] [Info] [patch_inplace] Output file already exists, skipping copy: E:\Sluggies\Sluggies-dat-tools\3_Output_Dat\dt_na.dat
[2026-09-19 23:24:34] [Info] [patch_inplace] Submesh 0: queued 5 facial position poses (28 mapped vertices each).
[2026-09-19 23:24:34] [Info] [patch_inplace] Submesh 0: queued 6 facial position poses (218 mapped vertices each).
[2026-09-19 23:24:34] [Info] [patch_inplace] Submesh 0: 33240 vertex bytes (in-place)
[2026-09-19 23:24:34] [Info] [patch_inplace] Submesh 0 UV ch 0: 6632 bytes (in-place)
[2026-09-19 23:24:34] [Info] [patch_inplace] Submesh 0 UV ch 1: 6632 bytes (in-place)
[2026-09-19 23:24:34] [Info] [patch_inplace] Submesh 1: 2964 vertex bytes (in-place)
[2026-09-19 23:24:34] [Info] [patch_inplace] Submesh 1 UV ch 0: 968 bytes (in-place)
[2026-09-19 23:24:34] [Info] [patch_inplace] Submesh 1 UV ch 1: 968 bytes (in-place)
[2026-09-19 23:24:34] [Info] [patch_inplace] Writing 2 vertex, 4 UV, 0 normal, 0 shader-mode, 11 facial-pose, 0 bone-geo, 0 root-scale, 0 texture patch(es) to E:\Sluggies\Sluggies-dat-tools\3_Output_Dat\dt_na.dat ...
[2026-09-19 23:24:34] [Info] [patch_inplace] Submesh 0 vertex: wrote 33240 bytes at 0x5E52BE0
[2026-09-19 23:24:34] [Info] [patch_inplace] Submesh 1 vertex: wrote 2964 bytes at 0x5E7290C
[2026-09-19 23:24:34] [Info] [patch_inplace] Submesh 0 UV ch 0: wrote 6632 bytes at 0x5E5ADF0
[2026-09-19 23:24:34] [Info] [patch_inplace] Submesh 0 UV ch 1: wrote 6632 bytes at 0x5E5C7D8
[2026-09-19 23:24:34] [Info] [patch_inplace] Submesh 1 UV ch 0: wrote 968 bytes at 0x5E734CC
[2026-09-19 23:24:34] [Info] [patch_inplace] Submesh 1 UV ch 1: wrote 968 bytes at 0x5E73894
[2026-09-19 23:24:34] [Info] [patch_inplace] Facial pose: wrote 336 bytes at 0x5EBF104
[2026-09-19 23:24:34] [Info] [patch_inplace] Facial pose: wrote 336 bytes at 0x5EBF254
[2026-09-19 23:24:34] [Info] [patch_inplace] Facial pose: wrote 336 bytes at 0x5EBF3A4
[2026-09-19 23:24:34] [Info] [patch_inplace] Facial pose: wrote 336 bytes at 0x5EBF4F4
[2026-09-19 23:24:34] [Info] [patch_inplace] Facial pose: wrote 336 bytes at 0x5EBF644
[2026-09-19 23:24:34] [Info] [patch_inplace] Facial pose: wrote 2616 bytes at 0x5EBF9B8
[2026-09-19 23:24:34] [Info] [patch_inplace] Facial pose: wrote 2616 bytes at 0x5EC03F0
[2026-09-19 23:24:34] [Info] [patch_inplace] Facial pose: wrote 2616 bytes at 0x5EC0E28
[2026-09-19 23:24:34] [Info] [patch_inplace] Facial pose: wrote 2616 bytes at 0x5EC1860
[2026-09-19 23:24:34] [Info] [patch_inplace] Facial pose: wrote 2616 bytes at 0x5EC2298
[2026-09-19 23:24:34] [Info] [patch_inplace] Facial pose: wrote 2616 bytes at 0x5EC2CD0
[2026-09-19 23:24:34] [Info] [patch_inplace] Skin bind-pose source and weight arrays patched in-place.
[2026-09-19 23:24:34] [Info] [patch_inplace] --- Summary ---
    Vertex submeshes patched (in-place) : 2
    UV channels patched (in-place)      : 4
    Normal buffers patched (in-place)   : 0
    ShaderMode (Type-7 FourCC) patched  : 0
    Facial position poses patched       : 11
    Bone GeoId fields patched           : 0
    Root-bone SRT scale patched         : 0
    Bind-pose vertices scaled           : 0
    Textures patched (in-place)         : 0
    Textures skipped (mip layout)       : 0
    Output file                         : E:\Sluggies\Sluggies-dat-tools\3_Output_Dat\dt_na.dat
[2026-09-19 23:24:34] [Info] [patch_inplace] Done. You can now overwrite your original dt_na.dat in the game folder.
[2026-09-19 23:24:34] [Info] [dispatcher] Command completed
[2026-09-19 23:25:47] [Info] [dispatcher] Command (StartTools.bat): start.py --patch 89545568_diddy_kong.gpl.sluggie
[2026-09-19 23:25:47] [Info] [dispatcher] Batch menu selection: 5 - Patch model(s)
[2026-09-19 23:25:47] [Info] [dispatcher] Batch model file input: '89545568_diddy_kong.gpl.sluggie'
[2026-09-19 23:25:47] [Info] [dispatcher] Found: E:\Sluggies\Sluggies-dat-tools\2_Output_Models\21 Diddy Kong\89545568_diddy_kong.gpl\89545568_diddy_kong.gpl.sluggie
[2026-09-19 23:25:47] [Info] [patch_inplace] Mode: patch (writing edited data)
[2026-09-19 23:25:47] [Info] [patch_inplace] Output file already exists, skipping copy: E:\Sluggies\Sluggies-dat-tools\3_Output_Dat\dt_na.dat
[2026-09-19 23:25:47] [Info] [patch_inplace] Submesh 0: queued 5 facial position poses (440 mapped vertices each).
[2026-09-19 23:25:47] [Info] [patch_inplace] Submesh 0: 36516 vertex bytes (in-place)
[2026-09-19 23:25:47] [Info] [patch_inplace] Submesh 0 UV ch 0: 7128 bytes (in-place)
[2026-09-19 23:25:47] [Info] [patch_inplace] Submesh 0 UV ch 1: 7128 bytes (in-place)
[2026-09-19 23:25:47] [Info] [patch_inplace] Submesh 1: 1440 vertex bytes (in-place)
[2026-09-19 23:25:47] [Info] [patch_inplace] Submesh 1 UV ch 0: 1276 bytes (in-place)
[2026-09-19 23:25:47] [Info] [patch_inplace] Submesh 1 UV ch 1: 1276 bytes (in-place)
[2026-09-19 23:25:47] [Info] [patch_inplace] Writing 2 vertex, 4 UV, 0 normal, 0 shader-mode, 5 facial-pose, 0 bone-geo, 0 root-scale, 0 texture patch(es) to E:\Sluggies\Sluggies-dat-tools\3_Output_Dat\dt_na.dat ...
[2026-09-19 23:25:47] [Info] [patch_inplace] Submesh 0 vertex: wrote 36516 bytes at 0x5565BE0
[2026-09-19 23:25:47] [Info] [patch_inplace] Submesh 1 vertex: wrote 1440 bytes at 0x55863B0
[2026-09-19 23:25:47] [Info] [patch_inplace] Submesh 0 UV ch 0: wrote 7128 bytes at 0x556EAD0
[2026-09-19 23:25:47] [Info] [patch_inplace] Submesh 0 UV ch 1: wrote 7128 bytes at 0x55706A8
[2026-09-19 23:25:47] [Info] [patch_inplace] Submesh 1 UV ch 0: wrote 1276 bytes at 0x558697C
[2026-09-19 23:25:47] [Info] [patch_inplace] Submesh 1 UV ch 1: wrote 1276 bytes at 0x5586E78
[2026-09-19 23:25:47] [Info] [patch_inplace] Facial pose: wrote 5280 bytes at 0x55D5B50
[2026-09-19 23:25:47] [Info] [patch_inplace] Facial pose: wrote 5280 bytes at 0x55D6FF0
[2026-09-19 23:25:47] [Info] [patch_inplace] Facial pose: wrote 5280 bytes at 0x55D8490
[2026-09-19 23:25:47] [Info] [patch_inplace] Facial pose: wrote 5280 bytes at 0x55D9930
[2026-09-19 23:25:47] [Info] [patch_inplace] Facial pose: wrote 5280 bytes at 0x55DADD0
[2026-09-19 23:25:47] [Info] [patch_inplace] Skin bind-pose source and weight arrays patched in-place.
[2026-09-19 23:25:47] [Info] [patch_inplace] --- Summary ---
    Vertex submeshes patched (in-place) : 2
    UV channels patched (in-place)      : 4
    Normal buffers patched (in-place)   : 0
    ShaderMode (Type-7 FourCC) patched  : 0
    Facial position poses patched       : 5
    Bone GeoId fields patched           : 0
    Root-bone SRT scale patched         : 0
    Bind-pose vertices scaled           : 0
    Textures patched (in-place)         : 0
    Textures skipped (mip layout)       : 0
    Output file                         : E:\Sluggies\Sluggies-dat-tools\3_Output_Dat\dt_na.dat
[2026-09-19 23:25:47] [Info] [patch_inplace] Done. You can now overwrite your original dt_na.dat in the game folder.
[2026-09-19 23:25:47] [Info] [dispatcher] Command completed
[2026-09-19 23:26:05] [Info] [dispatcher] Command (StartTools.bat): start.py --patch 90030752_L_diddy_kong.gpl.sluggie
[2026-09-19 23:26:05] [Info] [dispatcher] Batch menu selection: 5 - Patch model(s)
[2026-09-19 23:26:05] [Info] [dispatcher] Batch model file input: '90030752_L_diddy_kong.gpl.sluggie'
[2026-09-19 23:26:05] [Info] [dispatcher] Found: E:\Sluggies\Sluggies-dat-tools\2_Output_Models\21 Diddy Kong\90030752_L_diddy_kong.gpl\90030752_L_diddy_kong.gpl.sluggie
[2026-09-19 23:26:05] [Info] [patch_inplace] Mode: patch (writing edited data)
[2026-09-19 23:26:05] [Info] [patch_inplace] Output file already exists, skipping copy: E:\Sluggies\Sluggies-dat-tools\3_Output_Dat\dt_na.dat
[2026-09-19 23:26:05] [Info] [patch_inplace] Submesh 0: no VertexBufferDataEdited data, skipping.
[2026-09-19 23:26:05] [Info] [patch_inplace] Submesh 1: 198 vertex bytes (in-place)
[2026-09-19 23:26:05] [Info] [patch_inplace] Submesh 1 UV ch 0: 188 bytes (in-place)
[2026-09-19 23:26:05] [Info] [patch_inplace] Submesh 1 UV ch 1: 188 bytes (in-place)
[2026-09-19 23:26:05] [Info] [patch_inplace] Writing 1 vertex, 2 UV, 0 normal, 0 shader-mode, 0 facial-pose, 0 bone-geo, 0 root-scale, 0 texture patch(es) to E:\Sluggies\Sluggies-dat-tools\3_Output_Dat\dt_na.dat ...
[2026-09-19 23:26:05] [Info] [patch_inplace] Submesh 1 vertex: wrote 198 bytes at 0x55E9D14
[2026-09-19 23:26:05] [Info] [patch_inplace] Submesh 1 UV ch 0: wrote 188 bytes at 0x55E9E08
[2026-09-19 23:26:05] [Info] [patch_inplace] Submesh 1 UV ch 1: wrote 188 bytes at 0x55E9EC4
[2026-09-19 23:26:05] [Info] [patch_inplace] --- Summary ---
    Vertex submeshes patched (in-place) : 1
    UV channels patched (in-place)      : 2
    Normal buffers patched (in-place)   : 0
    ShaderMode (Type-7 FourCC) patched  : 0
    Facial position poses patched       : 0
    Bone GeoId fields patched           : 0
    Root-bone SRT scale patched         : 0
    Bind-pose vertices scaled           : 0
    Textures patched (in-place)         : 0
    Textures skipped (mip layout)       : 0
    Output file                         : E:\Sluggies\Sluggies-dat-tools\3_Output_Dat\dt_na.dat
[2026-09-19 23:26:05] [Info] [patch_inplace] Done. You can now overwrite your original dt_na.dat in the game folder.
[2026-09-19 23:26:05] [Info] [dispatcher] Command completed
[2026-09-19 23:29:51] [Info] [dispatcher] Command (StartTools.bat): start.py --patch 268884000_L_funky_kong.gplÄ.sluggie
[2026-09-19 23:29:51] [Info] [dispatcher] Batch menu selection: 5 - Patch model(s)
[2026-09-19 23:29:51] [Info] [dispatcher] Batch model file input: '268884000_L_funky_kong.gplÄ.sluggie'
[2026-09-19 23:29:51] [Info] [dispatcher] Found: E:\Sluggies\Sluggies-dat-tools\2_Output_Models\74 Funky Kong\268884000_L_funky_kong.gplÄ\268884000_L_funky_kong.gplÄ.sluggie
[2026-09-19 23:29:51] [Info] [patch_inplace] Mode: patch (writing edited data)
[2026-09-19 23:29:51] [Info] [patch_inplace] Output file already exists, skipping copy: E:\Sluggies\Sluggies-dat-tools\3_Output_Dat\dt_na.dat
[2026-09-19 23:29:51] [Info] [patch_inplace] Submesh 0: 13668 vertex bytes (in-place)
[2026-09-19 23:29:51] [Info] [patch_inplace] Submesh 0 UV ch 0: 2568 bytes (in-place)
[2026-09-19 23:29:51] [Info] [patch_inplace] Submesh 0 UV ch 1: 2568 bytes (in-place)
[2026-09-19 23:29:51] [Info] [patch_inplace] Submesh 1: 1794 vertex bytes (in-place)
[2026-09-19 23:29:51] [Info] [patch_inplace] Submesh 1 UV ch 0: 940 bytes (in-place)
[2026-09-19 23:29:51] [Info] [patch_inplace] Submesh 1 UV ch 1: 940 bytes (in-place)
[2026-09-19 23:29:51] [Info] [patch_inplace] Writing 2 vertex, 4 UV, 0 normal, 0 shader-mode, 0 facial-pose, 0 bone-geo, 0 root-scale, 0 texture patch(es) to E:\Sluggies\Sluggies-dat-tools\3_Output_Dat\dt_na.dat ...
[2026-09-19 23:29:51] [Info] [patch_inplace] Submesh 0 vertex: wrote 13668 bytes at 0x1006D8A0
[2026-09-19 23:29:51] [Info] [patch_inplace] Submesh 1 vertex: wrote 1794 bytes at 0x10079614
[2026-09-19 23:29:51] [Info] [patch_inplace] Submesh 0 UV ch 0: wrote 2568 bytes at 0x10070E50
[2026-09-19 23:29:51] [Info] [patch_inplace] Submesh 0 UV ch 1: wrote 2568 bytes at 0x10071858
[2026-09-19 23:29:51] [Info] [patch_inplace] Submesh 1 UV ch 0: wrote 940 bytes at 0x10079D44
[2026-09-19 23:29:51] [Info] [patch_inplace] Submesh 1 UV ch 1: wrote 940 bytes at 0x1007A0F0
[2026-09-19 23:29:51] [Info] [patch_inplace] Skin bind-pose source and weight arrays patched in-place.
[2026-09-19 23:29:51] [Info] [patch_inplace] --- Summary ---
    Vertex submeshes patched (in-place) : 2
    UV channels patched (in-place)      : 4
    Normal buffers patched (in-place)   : 0
    ShaderMode (Type-7 FourCC) patched  : 0
    Facial position poses patched       : 0
    Bone GeoId fields patched           : 0
    Root-bone SRT scale patched         : 0
    Bind-pose vertices scaled           : 0
    Textures patched (in-place)         : 0
    Textures skipped (mip layout)       : 0
    Output file                         : E:\Sluggies\Sluggies-dat-tools\3_Output_Dat\dt_na.dat
[2026-09-19 23:29:51] [Info] [patch_inplace] Done. You can now overwrite your original dt_na.dat in the game folder.
[2026-09-19 23:29:51] [Info] [dispatcher] Command completed
[2026-09-19 23:30:05] [Info] [dispatcher] Command (StartTools.bat): start.py --patch 268473792_funky_kong.gpl.sluggie
[2026-09-19 23:30:05] [Info] [dispatcher] Batch menu selection: 5 - Patch model(s)
[2026-09-19 23:30:05] [Info] [dispatcher] Batch model file input: '268473792_funky_kong.gpl.sluggie'
[2026-09-19 23:30:05] [Info] [dispatcher] Found: E:\Sluggies\Sluggies-dat-tools\2_Output_Models\74 Funky Kong\268473792_funky_kong.gpl\268473792_funky_kong.gpl.sluggie
[2026-09-19 23:30:05] [Info] [patch_inplace] Mode: patch (writing edited data)
[2026-09-19 23:30:05] [Info] [patch_inplace] Output file already exists, skipping copy: E:\Sluggies\Sluggies-dat-tools\3_Output_Dat\dt_na.dat
[2026-09-19 23:30:05] [Info] [patch_inplace] Submesh 1: queued 6 facial position poses (330 mapped vertices each).
[2026-09-19 23:30:05] [Info] [patch_inplace] Submesh 0: 28332 vertex bytes (in-place)
[2026-09-19 23:30:05] [Info] [patch_inplace] Submesh 0 UV ch 0: 5820 bytes (in-place)
[2026-09-19 23:30:05] [Info] [patch_inplace] Submesh 0 UV ch 1: 5820 bytes (in-place)
[2026-09-19 23:30:05] [Info] [patch_inplace] Submesh 1: 5574 vertex bytes (in-place)
[2026-09-19 23:30:05] [Info] [patch_inplace] Submesh 1 UV ch 0: 2464 bytes (in-place)
[2026-09-19 23:30:05] [Info] [patch_inplace] Submesh 1 UV ch 1: 2464 bytes (in-place)
[2026-09-19 23:30:05] [Info] [patch_inplace] Writing 2 vertex, 4 UV, 0 normal, 0 shader-mode, 6 facial-pose, 0 bone-geo, 0 root-scale, 0 texture patch(es) to E:\Sluggies\Sluggies-dat-tools\3_Output_Dat\dt_na.dat ...
[2026-09-19 23:30:05] [Info] [patch_inplace] Submesh 0 vertex: wrote 28332 bytes at 0x10009640
[2026-09-19 23:30:05] [Info] [patch_inplace] Submesh 1 vertex: wrote 5574 bytes at 0x10023130
[2026-09-19 23:30:05] [Info] [patch_inplace] Submesh 0 UV ch 0: wrote 5820 bytes at 0x10010530
[2026-09-19 23:30:05] [Info] [patch_inplace] Submesh 0 UV ch 1: wrote 5820 bytes at 0x10011BEC
[2026-09-19 23:30:05] [Info] [patch_inplace] Submesh 1 UV ch 0: wrote 2464 bytes at 0x10024724
[2026-09-19 23:30:05] [Info] [patch_inplace] Submesh 1 UV ch 1: wrote 2464 bytes at 0x100250C4
[2026-09-19 23:30:05] [Info] [patch_inplace] Facial pose: wrote 1980 bytes at 0x100674B4
[2026-09-19 23:30:05] [Info] [patch_inplace] Facial pose: wrote 1980 bytes at 0x10067C70
[2026-09-19 23:30:05] [Info] [patch_inplace] Facial pose: wrote 1980 bytes at 0x1006842C
[2026-09-19 23:30:05] [Info] [patch_inplace] Facial pose: wrote 1980 bytes at 0x10068BE8
[2026-09-19 23:30:05] [Info] [patch_inplace] Facial pose: wrote 1980 bytes at 0x100693A4
[2026-09-19 23:30:05] [Info] [patch_inplace] Facial pose: wrote 1980 bytes at 0x10069B60
[2026-09-19 23:30:05] [Info] [patch_inplace] Skin bind-pose source and weight arrays patched in-place.
[2026-09-19 23:30:05] [Info] [patch_inplace] --- Summary ---
    Vertex submeshes patched (in-place) : 2
    UV channels patched (in-place)      : 4
    Normal buffers patched (in-place)   : 0
    ShaderMode (Type-7 FourCC) patched  : 0
    Facial position poses patched       : 6
    Bone GeoId fields patched           : 0
    Root-bone SRT scale patched         : 0
    Bind-pose vertices scaled           : 0
    Textures patched (in-place)         : 0
    Textures skipped (mip layout)       : 0
    Output file                         : E:\Sluggies\Sluggies-dat-tools\3_Output_Dat\dt_na.dat
[2026-09-19 23:30:05] [Info] [patch_inplace] Done. You can now overwrite your original dt_na.dat in the game folder.
[2026-09-19 23:30:05] [Info] [dispatcher] Command completed
[2026-09-19 23:30:43] [Info] [dispatcher] Command (StartTools.bat): start.py --patch 268978880_bat.gpl.sluggie
[2026-09-19 23:30:43] [Info] [dispatcher] Batch menu selection: 5 - Patch model(s)
[2026-09-19 23:30:43] [Info] [dispatcher] Batch model file input: '268978880_bat.gpl.sluggie'
[2026-09-19 23:30:43] [Info] [dispatcher] Found: E:\Sluggies\Sluggies-dat-tools\2_Output_Models\74 Funky Kong\268978848\268978880_bat.gpl\268978880_bat.gpl.sluggie
[2026-09-19 23:30:43] [Info] [patch_inplace] Mode: patch (writing edited data)
[2026-09-19 23:30:43] [Info] [patch_inplace] Output file already exists, skipping copy: E:\Sluggies\Sluggies-dat-tools\3_Output_Dat\dt_na.dat
[2026-09-19 23:30:43] [Info] [patch_inplace] Submesh 0: 624 vertex bytes (in-place)
[2026-09-19 23:30:43] [Info] [patch_inplace] Submesh 0 UV ch 0: 388 bytes (in-place)
[2026-09-19 23:30:43] [Info] [patch_inplace] Submesh 0 UV ch 1: 388 bytes (in-place)
[2026-09-19 23:30:43] [Info] [patch_inplace] Writing 1 vertex, 2 UV, 0 normal, 0 shader-mode, 0 facial-pose, 0 bone-geo, 0 root-scale, 0 texture patch(es) to E:\Sluggies\Sluggies-dat-tools\3_Output_Dat\dt_na.dat ...
[2026-09-19 23:30:43] [Info] [patch_inplace] Submesh 0 vertex: wrote 624 bytes at 0x10084B1C
[2026-09-19 23:30:43] [Info] [patch_inplace] Submesh 0 UV ch 0: wrote 388 bytes at 0x10084DB8
[2026-09-19 23:30:43] [Info] [patch_inplace] Submesh 0 UV ch 1: wrote 388 bytes at 0x10084F3C
[2026-09-19 23:30:43] [Info] [patch_inplace] --- Summary ---
    Vertex submeshes patched (in-place) : 1
    UV channels patched (in-place)      : 2
    Normal buffers patched (in-place)   : 0
    ShaderMode (Type-7 FourCC) patched  : 0
    Facial position poses patched       : 0
    Bone GeoId fields patched           : 0
    Root-bone SRT scale patched         : 0
    Bind-pose vertices scaled           : 0
    Textures patched (in-place)         : 0
    Textures skipped (mip layout)       : 0
    Output file                         : E:\Sluggies\Sluggies-dat-tools\3_Output_Dat\dt_na.dat
[2026-09-19 23:30:43] [Info] [patch_inplace] Done. You can now overwrite your original dt_na.dat in the game folder.
[2026-09-19 23:30:43] [Info] [dispatcher] Command completed
[2026-09-19 23:39:20] [Info] [dispatcher] Command (StartTools.bat): start.py --patch 288419712_king_k_rool.gpl.sluggie
[2026-09-19 23:39:20] [Info] [dispatcher] Batch menu selection: 5 - Patch model(s)
[2026-09-19 23:39:20] [Info] [dispatcher] Batch model file input: '288419712_king_k_rool.gpl.sluggie'
[2026-09-19 23:39:20] [Info] [dispatcher] Found: E:\Sluggies\Sluggies-dat-tools\2_Output_Models\80 King K Rool\288419712_king_k_rool.gpl\288419712_king_k_rool.gpl.sluggie
[2026-09-19 23:39:20] [Info] [patch_inplace] Mode: patch (writing edited data)
[2026-09-19 23:39:20] [Info] [patch_inplace] Output file already exists, skipping copy: E:\Sluggies\Sluggies-dat-tools\3_Output_Dat\dt_na.dat
[2026-09-19 23:39:20] [Info] [patch_inplace] Submesh 0: queued 2 facial position poses (200 mapped vertices each).
[2026-09-19 23:39:20] [Info] [patch_inplace] Submesh 0: no VertexBufferDataEdited data, skipping.
[2026-09-19 23:39:20] [Info] [patch_inplace] Submesh 1: no VertexBufferDataEdited data, skipping.
[2026-09-19 23:39:20] [Info] [patch_inplace] Submesh 2: 840 vertex bytes (in-place)
[2026-09-19 23:39:20] [Info] [patch_inplace] Submesh 2 UV ch 0: 308 bytes (in-place)
[2026-09-19 23:39:20] [Info] [patch_inplace] Submesh 2 UV ch 1: 308 bytes (in-place)
[2026-09-19 23:39:20] [Info] [patch_inplace] Submesh 2 UV ch 2: 308 bytes (in-place)
[2026-09-19 23:39:20] [Info] [patch_inplace] Submesh 3: no VertexBufferDataEdited data, skipping.
[2026-09-19 23:39:20] [Info] [patch_inplace] Writing 1 vertex, 3 UV, 0 normal, 0 shader-mode, 2 facial-pose, 0 bone-geo, 0 root-scale, 0 texture patch(es) to E:\Sluggies\Sluggies-dat-tools\3_Output_Dat\dt_na.dat ...
[2026-09-19 23:39:20] [Info] [patch_inplace] Submesh 2 vertex: wrote 840 bytes at 0x11331E90
[2026-09-19 23:39:20] [Info] [patch_inplace] Submesh 2 UV ch 0: wrote 308 bytes at 0x11332214
[2026-09-19 23:39:20] [Info] [patch_inplace] Submesh 2 UV ch 1: wrote 308 bytes at 0x11332348
[2026-09-19 23:39:20] [Info] [patch_inplace] Submesh 2 UV ch 2: wrote 308 bytes at 0x1133247C
[2026-09-19 23:39:20] [Info] [patch_inplace] Facial pose: wrote 2400 bytes at 0x113781F8
[2026-09-19 23:39:20] [Info] [patch_inplace] Facial pose: wrote 2400 bytes at 0x11378B58
[2026-09-19 23:39:20] [Info] [patch_inplace] --- Summary ---
    Vertex submeshes patched (in-place) : 1
    UV channels patched (in-place)      : 3
    Normal buffers patched (in-place)   : 0
    ShaderMode (Type-7 FourCC) patched  : 0
    Facial position poses patched       : 2
    Bone GeoId fields patched           : 0
    Root-bone SRT scale patched         : 0
    Bind-pose vertices scaled           : 0
    Textures patched (in-place)         : 0
    Textures skipped (mip layout)       : 0
    Output file                         : E:\Sluggies\Sluggies-dat-tools\3_Output_Dat\dt_na.dat
[2026-09-19 23:39:20] [Info] [patch_inplace] Done. You can now overwrite your original dt_na.dat in the game folder.
[2026-09-19 23:39:20] [Info] [dispatcher] Command completed
[2026-09-19 23:39:50] [Info] [dispatcher] Command (StartTools.bat): start.py --patch 288855232_L_king_k_rool.gpl.sluggie
[2026-09-19 23:39:50] [Info] [dispatcher] Batch menu selection: 5 - Patch model(s)
[2026-09-19 23:39:50] [Info] [dispatcher] Batch model file input: '288855232_L_king_k_rool.gpl.sluggie'
[2026-09-19 23:39:50] [Info] [dispatcher] Found: E:\Sluggies\Sluggies-dat-tools\2_Output_Models\80 King K Rool\288855232_L_king_k_rool.gpl\288855232_L_king_k_rool.gpl.sluggie
[2026-09-19 23:39:50] [Info] [patch_inplace] Mode: patch (writing edited data)
[2026-09-19 23:39:50] [Info] [patch_inplace] Output file already exists, skipping copy: E:\Sluggies\Sluggies-dat-tools\3_Output_Dat\dt_na.dat
[2026-09-19 23:39:50] [Info] [patch_inplace] Submesh 0: no VertexBufferDataEdited data, skipping.
[2026-09-19 23:39:50] [Info] [patch_inplace] Submesh 1: no VertexBufferDataEdited data, skipping.
[2026-09-19 23:39:50] [Info] [patch_inplace] Submesh 2: 432 vertex bytes (in-place)
[2026-09-19 23:39:50] [Info] [patch_inplace] Submesh 2 UV ch 0: 132 bytes (in-place)
[2026-09-19 23:39:50] [Info] [patch_inplace] Submesh 2 UV ch 1: 132 bytes (in-place)
[2026-09-19 23:39:50] [Info] [patch_inplace] Submesh 2 UV ch 2: 132 bytes (in-place)
[2026-09-19 23:39:50] [Info] [patch_inplace] Submesh 3: no VertexBufferDataEdited data, skipping.
[2026-09-19 23:39:50] [Info] [patch_inplace] Writing 1 vertex, 3 UV, 0 normal, 0 shader-mode, 0 facial-pose, 0 bone-geo, 0 root-scale, 0 texture patch(es) to E:\Sluggies\Sluggies-dat-tools\3_Output_Dat\dt_na.dat ...
[2026-09-19 23:39:50] [Info] [patch_inplace] Submesh 2 vertex: wrote 432 bytes at 0x11387A34
[2026-09-19 23:39:50] [Info] [patch_inplace] Submesh 2 UV ch 0: wrote 132 bytes at 0x11387C20
[2026-09-19 23:39:50] [Info] [patch_inplace] Submesh 2 UV ch 1: wrote 132 bytes at 0x11387CA4
[2026-09-19 23:39:50] [Info] [patch_inplace] Submesh 2 UV ch 2: wrote 132 bytes at 0x11387D28
[2026-09-19 23:39:50] [Info] [patch_inplace] --- Summary ---
    Vertex submeshes patched (in-place) : 1
    UV channels patched (in-place)      : 3
    Normal buffers patched (in-place)   : 0
    ShaderMode (Type-7 FourCC) patched  : 0
    Facial position poses patched       : 0
    Bone GeoId fields patched           : 0
    Root-bone SRT scale patched         : 0
    Bind-pose vertices scaled           : 0
    Textures patched (in-place)         : 0
    Textures skipped (mip layout)       : 0
    Output file                         : E:\Sluggies\Sluggies-dat-tools\3_Output_Dat\dt_na.dat
[2026-09-19 23:39:50] [Info] [patch_inplace] Done. You can now overwrite your original dt_na.dat in the game folder.
[2026-09-19 23:39:50] [Info] [dispatcher] Command completed
[2026-09-19 23:40:27] [Info] [dispatcher] Command (StartTools.bat): start.py --patch 82652352_L_luigi.gpl.sluggie
[2026-09-19 23:40:27] [Info] [dispatcher] Batch menu selection: 5 - Patch model(s)
[2026-09-19 23:40:27] [Info] [dispatcher] Batch model file input: '82652352_L_luigi.gpl.sluggie'
[2026-09-19 23:40:27] [Info] [dispatcher] Found: E:\Sluggies\Sluggies-dat-tools\2_Output_Models\19 Luigi\82652352_L_luigi.gpl\82652352_L_luigi.gpl.sluggie
[2026-09-19 23:40:27] [Info] [patch_inplace] Mode: patch (writing edited data)
[2026-09-19 23:40:27] [Info] [patch_inplace] Output file already exists, skipping copy: E:\Sluggies\Sluggies-dat-tools\3_Output_Dat\dt_na.dat
[2026-09-19 23:40:27] [Info] [patch_inplace] Submesh 0: 14232 vertex bytes (in-place)
[2026-09-19 23:40:27] [Info] [patch_inplace] Submesh 0 UV ch 0: 3036 bytes (in-place)
[2026-09-19 23:40:27] [Info] [patch_inplace] Submesh 0 UV ch 1: 3036 bytes (in-place)
[2026-09-19 23:40:27] [Info] [patch_inplace] Submesh 1: no VertexBufferDataEdited data, skipping.
[2026-09-19 23:40:27] [Info] [patch_inplace] Writing 1 vertex, 2 UV, 0 normal, 0 shader-mode, 0 facial-pose, 0 bone-geo, 0 root-scale, 0 texture patch(es) to E:\Sluggies\Sluggies-dat-tools\3_Output_Dat\dt_na.dat ...
[2026-09-19 23:40:27] [Info] [patch_inplace] Submesh 0 vertex: wrote 14232 bytes at 0x4ED2D40
[2026-09-19 23:40:27] [Info] [patch_inplace] Submesh 0 UV ch 0: wrote 3036 bytes at 0x4ED6510
[2026-09-19 23:40:27] [Info] [patch_inplace] Submesh 0 UV ch 1: wrote 3036 bytes at 0x4ED70EC
[2026-09-19 23:40:27] [Info] [patch_inplace] Skin bind-pose source and weight arrays patched in-place.
[2026-09-19 23:40:27] [Info] [patch_inplace] --- Summary ---
    Vertex submeshes patched (in-place) : 1
    UV channels patched (in-place)      : 2
    Normal buffers patched (in-place)   : 0
    ShaderMode (Type-7 FourCC) patched  : 0
    Facial position poses patched       : 0
    Bone GeoId fields patched           : 0
    Root-bone SRT scale patched         : 0
    Bind-pose vertices scaled           : 0
    Textures patched (in-place)         : 0
    Textures skipped (mip layout)       : 0
    Output file                         : E:\Sluggies\Sluggies-dat-tools\3_Output_Dat\dt_na.dat
[2026-09-19 23:40:27] [Info] [patch_inplace] Done. You can now overwrite your original dt_na.dat in the game folder.
[2026-09-19 23:40:27] [Info] [dispatcher] Command completed
[2026-09-19 23:40:48] [Info] [dispatcher] Command (StartTools.bat): start.py --patch 82188352_luigi.gpl.sluggie
[2026-09-19 23:40:48] [Info] [dispatcher] Batch menu selection: 5 - Patch model(s)
[2026-09-19 23:40:48] [Info] [dispatcher] Batch model file input: '82188352_luigi.gpl.sluggie'
[2026-09-19 23:40:48] [Info] [dispatcher] Found: E:\Sluggies\Sluggies-dat-tools\2_Output_Models\19 Luigi\82188352_luigi.gpl\82188352_luigi.gpl.sluggie
[2026-09-19 23:40:48] [Info] [patch_inplace] Mode: patch (writing edited data)
[2026-09-19 23:40:48] [Info] [patch_inplace] Output file already exists, skipping copy: E:\Sluggies\Sluggies-dat-tools\3_Output_Dat\dt_na.dat
[2026-09-19 23:40:48] [Info] [patch_inplace] Submesh 0: queued 4 facial position poses (64 mapped vertices each).
[2026-09-19 23:40:48] [Info] [patch_inplace] Submesh 0: queued 5 facial position poses (356 mapped vertices each).
[2026-09-19 23:40:48] [Info] [patch_inplace] Submesh 0: 33696 vertex bytes (in-place)
[2026-09-19 23:40:48] [Info] [patch_inplace] Submesh 0 UV ch 0: 6640 bytes (in-place)
[2026-09-19 23:40:48] [Info] [patch_inplace] Submesh 0 UV ch 1: 6640 bytes (in-place)
[2026-09-19 23:40:48] [Info] [patch_inplace] Submesh 1: no VertexBufferDataEdited data, skipping.
[2026-09-19 23:40:48] [Info] [patch_inplace] Writing 1 vertex, 2 UV, 0 normal, 0 shader-mode, 9 facial-pose, 0 bone-geo, 0 root-scale, 0 texture patch(es) to E:\Sluggies\Sluggies-dat-tools\3_Output_Dat\dt_na.dat ...
[2026-09-19 23:40:48] [Info] [patch_inplace] Submesh 0 vertex: wrote 33696 bytes at 0x4E618C0
[2026-09-19 23:40:48] [Info] [patch_inplace] Submesh 0 UV ch 0: wrote 6640 bytes at 0x4E69C90
[2026-09-19 23:40:48] [Info] [patch_inplace] Submesh 0 UV ch 1: wrote 6640 bytes at 0x4E6B680
[2026-09-19 23:40:48] [Info] [patch_inplace] Facial pose: wrote 768 bytes at 0x4ECCB90
[2026-09-19 23:40:48] [Info] [patch_inplace] Facial pose: wrote 768 bytes at 0x4ECCE90
[2026-09-19 23:40:48] [Info] [patch_inplace] Facial pose: wrote 768 bytes at 0x4ECD190
[2026-09-19 23:40:48] [Info] [patch_inplace] Facial pose: wrote 768 bytes at 0x4ECD490
[2026-09-19 23:40:48] [Info] [patch_inplace] Facial pose: wrote 4272 bytes at 0x4ECD944
[2026-09-19 23:40:48] [Info] [patch_inplace] Facial pose: wrote 4272 bytes at 0x4ECE9F4
[2026-09-19 23:40:48] [Info] [patch_inplace] Facial pose: wrote 4272 bytes at 0x4ECFAA4
[2026-09-19 23:40:48] [Info] [patch_inplace] Facial pose: wrote 4272 bytes at 0x4ED0B54
[2026-09-19 23:40:48] [Info] [patch_inplace] Facial pose: wrote 4272 bytes at 0x4ED1C04
[2026-09-19 23:40:48] [Info] [patch_inplace] Skin bind-pose source and weight arrays patched in-place.
[2026-09-19 23:40:48] [Info] [patch_inplace] --- Summary ---
    Vertex submeshes patched (in-place) : 1
    UV channels patched (in-place)      : 2
    Normal buffers patched (in-place)   : 0
    ShaderMode (Type-7 FourCC) patched  : 0
    Facial position poses patched       : 9
    Bone GeoId fields patched           : 0
    Root-bone SRT scale patched         : 0
    Bind-pose vertices scaled           : 0
    Textures patched (in-place)         : 0
    Textures skipped (mip layout)       : 0
    Output file                         : E:\Sluggies\Sluggies-dat-tools\3_Output_Dat\dt_na.dat
[2026-09-19 23:40:48] [Info] [patch_inplace] Done. You can now overwrite your original dt_na.dat in the game folder.
[2026-09-19 23:40:48] [Info] [dispatcher] Command completed
[2026-09-19 23:41:20] [Info] [dispatcher] Command (StartTools.bat): start.py --patch 326382528_mii_male.gplp.sluggie
[2026-09-19 23:41:20] [Info] [dispatcher] Batch menu selection: 5 - Patch model(s)
[2026-09-19 23:41:20] [Info] [dispatcher] Batch model file input: '326382528_mii_male.gplp.sluggie'
[2026-09-19 23:41:20] [Info] [dispatcher] Found: E:\Sluggies\Sluggies-dat-tools\2_Output_Models\97 Yellow Male Mii\326382528_mii_male.gplp\326382528_mii_male.gplp.sluggie
[2026-09-19 23:41:20] [Info] [patch_inplace] Mode: patch (writing edited data)
[2026-09-19 23:41:20] [Info] [patch_inplace] Output file already exists, skipping copy: E:\Sluggies\Sluggies-dat-tools\3_Output_Dat\dt_na.dat
[2026-09-19 23:41:20] [Info] [patch_inplace] Submesh 0: no VertexBufferDataEdited data, skipping.
[2026-09-19 23:41:20] [Info] [patch_inplace] Submesh 1: no VertexBufferDataEdited data, skipping.
[2026-09-19 23:41:20] [Info] [patch_inplace] Submesh 2: no VertexBufferDataEdited data, skipping.
[2026-09-19 23:41:20] [Info] [patch_inplace] Submesh 3: no VertexBufferDataEdited data, skipping.
[2026-09-19 23:41:20] [Info] [patch_inplace] Submesh 4: no VertexBufferDataEdited data, skipping.
[2026-09-19 23:41:20] [Info] [patch_inplace] Submesh 5: no VertexBufferDataEdited data, skipping.
[2026-09-19 23:41:20] [Info] [patch_inplace] Submesh 6: no VertexBufferDataEdited data, skipping.
[2026-09-19 23:41:20] [Info] [patch_inplace] Submesh 7: no VertexBufferDataEdited data, skipping.
[2026-09-19 23:41:20] [Info] [patch_inplace] Submesh 8: no VertexBufferDataEdited data, skipping.
[2026-09-19 23:41:20] [Info] [patch_inplace] Submesh 9: no VertexBufferDataEdited data, skipping.
[2026-09-19 23:41:20] [Info] [patch_inplace] Submesh 10: no VertexBufferDataEdited data, skipping.
[2026-09-19 23:41:20] [Info] [patch_inplace] Submesh 11: no VertexBufferDataEdited data, skipping.
[2026-09-19 23:41:20] [Info] [patch_inplace] Submesh 12: no VertexBufferDataEdited data, skipping.
[2026-09-19 23:41:20] [Info] [patch_inplace] Submesh 13: 1740 vertex bytes (in-place)
[2026-09-19 23:41:20] [Info] [patch_inplace] Submesh 13 UV ch 0: 480 bytes (in-place)
[2026-09-19 23:41:20] [Info] [patch_inplace] Submesh 13 UV ch 1: 480 bytes (in-place)
[2026-09-19 23:41:20] [Info] [patch_inplace] Writing 1 vertex, 2 UV, 0 normal, 0 shader-mode, 0 facial-pose, 0 bone-geo, 0 root-scale, 0 texture patch(es) to E:\Sluggies\Sluggies-dat-tools\3_Output_Dat\dt_na.dat ...
[2026-09-19 23:41:20] [Info] [patch_inplace] Submesh 13 vertex: wrote 1740 bytes at 0x1374E110
[2026-09-19 23:41:20] [Info] [patch_inplace] Submesh 13 UV ch 0: wrote 480 bytes at 0x1374E808
[2026-09-19 23:41:20] [Info] [patch_inplace] Submesh 13 UV ch 1: wrote 480 bytes at 0x1374E9E8
[2026-09-19 23:41:20] [Info] [patch_inplace] --- Summary ---
    Vertex submeshes patched (in-place) : 1
    UV channels patched (in-place)      : 2
    Normal buffers patched (in-place)   : 0
    ShaderMode (Type-7 FourCC) patched  : 0
    Facial position poses patched       : 0
    Bone GeoId fields patched           : 0
    Root-bone SRT scale patched         : 0
    Bind-pose vertices scaled           : 0
    Textures patched (in-place)         : 0
    Textures skipped (mip layout)       : 0
    Output file                         : E:\Sluggies\Sluggies-dat-tools\3_Output_Dat\dt_na.dat
[2026-09-19 23:41:20] [Info] [patch_inplace] Done. You can now overwrite your original dt_na.dat in the game folder.
[2026-09-19 23:41:20] [Info] [dispatcher] Command completed
[2026-09-19 23:41:29] [Info] [dispatcher] Command (StartTools.bat): start.py --patch 326524544_L_mii_male.gpl.sluggie
[2026-09-19 23:41:29] [Info] [dispatcher] Batch menu selection: 5 - Patch model(s)
[2026-09-19 23:41:29] [Info] [dispatcher] Batch model file input: '326524544_L_mii_male.gpl.sluggie'
[2026-09-19 23:41:29] [Info] [dispatcher] Found: E:\Sluggies\Sluggies-dat-tools\2_Output_Models\97 Yellow Male Mii\326524544_L_mii_male.gpl\326524544_L_mii_male.gpl.sluggie
[2026-09-19 23:41:29] [Info] [patch_inplace] Mode: patch (writing edited data)
[2026-09-19 23:41:29] [Info] [patch_inplace] Output file already exists, skipping copy: E:\Sluggies\Sluggies-dat-tools\3_Output_Dat\dt_na.dat
[2026-09-19 23:41:29] [Info] [patch_inplace] Submesh 0: no VertexBufferDataEdited data, skipping.
[2026-09-19 23:41:29] [Info] [patch_inplace] Submesh 1: no VertexBufferDataEdited data, skipping.
[2026-09-19 23:41:29] [Info] [patch_inplace] Submesh 2: no VertexBufferDataEdited data, skipping.
[2026-09-19 23:41:29] [Info] [patch_inplace] Submesh 3: no VertexBufferDataEdited data, skipping.
[2026-09-19 23:41:29] [Info] [patch_inplace] Submesh 4: no VertexBufferDataEdited data, skipping.
[2026-09-19 23:41:29] [Info] [patch_inplace] Submesh 5: no VertexBufferDataEdited data, skipping.
[2026-09-19 23:41:29] [Info] [patch_inplace] Submesh 6: no VertexBufferDataEdited data, skipping.
[2026-09-19 23:41:29] [Info] [patch_inplace] Submesh 7: no VertexBufferDataEdited data, skipping.
[2026-09-19 23:41:29] [Info] [patch_inplace] Submesh 8: no VertexBufferDataEdited data, skipping.
[2026-09-19 23:41:29] [Info] [patch_inplace] Submesh 9: no VertexBufferDataEdited data, skipping.
[2026-09-19 23:41:29] [Info] [patch_inplace] Submesh 10: no VertexBufferDataEdited data, skipping.
[2026-09-19 23:41:29] [Info] [patch_inplace] Submesh 11: no VertexBufferDataEdited data, skipping.
[2026-09-19 23:41:29] [Info] [patch_inplace] Submesh 12: no VertexBufferDataEdited data, skipping.
[2026-09-19 23:41:29] [Info] [patch_inplace] Submesh 13: 972 vertex bytes (in-place)
[2026-09-19 23:41:29] [Info] [patch_inplace] Submesh 13 UV ch 0: 288 bytes (in-place)
[2026-09-19 23:41:29] [Info] [patch_inplace] Submesh 13 UV ch 1: 288 bytes (in-place)
[2026-09-19 23:41:29] [Info] [patch_inplace] Writing 1 vertex, 2 UV, 0 normal, 0 shader-mode, 0 facial-pose, 0 bone-geo, 0 root-scale, 0 texture patch(es) to E:\Sluggies\Sluggies-dat-tools\3_Output_Dat\dt_na.dat ...
[2026-09-19 23:41:29] [Info] [patch_inplace] Submesh 13 vertex: wrote 972 bytes at 0x1376BE90
[2026-09-19 23:41:29] [Info] [patch_inplace] Submesh 13 UV ch 0: wrote 288 bytes at 0x1376C288
[2026-09-19 23:41:29] [Info] [patch_inplace] Submesh 13 UV ch 1: wrote 288 bytes at 0x1376C3A8
[2026-09-19 23:41:29] [Info] [patch_inplace] --- Summary ---
    Vertex submeshes patched (in-place) : 1
    UV channels patched (in-place)      : 2
    Normal buffers patched (in-place)   : 0
    ShaderMode (Type-7 FourCC) patched  : 0
    Facial position poses patched       : 0
    Bone GeoId fields patched           : 0
    Root-bone SRT scale patched         : 0
    Bind-pose vertices scaled           : 0
    Textures patched (in-place)         : 0
    Textures skipped (mip layout)       : 0
    Output file                         : E:\Sluggies\Sluggies-dat-tools\3_Output_Dat\dt_na.dat
[2026-09-19 23:41:29] [Info] [patch_inplace] Done. You can now overwrite your original dt_na.dat in the game folder.
[2026-09-19 23:41:29] [Info] [dispatcher] Command completed
[2026-09-19 23:43:23] [Info] [dispatcher] Command (StartTools.bat): start.py --patch 213952768_king_teresa.gpl.sluggie
[2026-09-19 23:43:23] [Info] [dispatcher] Batch menu selection: 5 - Patch model(s)
[2026-09-19 23:43:23] [Info] [dispatcher] Batch model file input: '213952768_king_teresa.gpl.sluggie'
[2026-09-19 23:43:23] [Info] [dispatcher] Found: E:\Sluggies\Sluggies-dat-tools\2_Output_Models\55 King Boo\213952768_king_teresa.gpl\213952768_king_teresa.gpl.sluggie
[2026-09-19 23:43:23] [Info] [patch_inplace] Mode: patch (writing edited data)
[2026-09-19 23:43:23] [Info] [patch_inplace] Output file already exists, skipping copy: E:\Sluggies\Sluggies-dat-tools\3_Output_Dat\dt_na.dat
[2026-09-19 23:43:23] [Info] [patch_inplace] Submesh 0: queued 2 facial position poses (260 mapped vertices each).
[2026-09-19 23:43:23] [Info] [patch_inplace] Submesh 0: 15000 vertex bytes (in-place)
[2026-09-19 23:43:23] [Info] [patch_inplace] Submesh 0 UV ch 0: 3452 bytes (in-place)
[2026-09-19 23:43:23] [Info] [patch_inplace] Submesh 0 UV ch 1: 3452 bytes (in-place)
[2026-09-19 23:43:23] [Info] [patch_inplace] Submesh 1: 912 vertex bytes (in-place)
[2026-09-19 23:43:23] [Info] [patch_inplace] Submesh 1 UV ch 0: 196 bytes (in-place)
[2026-09-19 23:43:23] [Info] [patch_inplace] Submesh 1 UV ch 1: 196 bytes (in-place)
[2026-09-19 23:43:23] [Info] [patch_inplace] Writing 2 vertex, 4 UV, 0 normal, 0 shader-mode, 2 facial-pose, 0 bone-geo, 0 root-scale, 0 texture patch(es) to E:\Sluggies\Sluggies-dat-tools\3_Output_Dat\dt_na.dat ...
[2026-09-19 23:43:23] [Info] [patch_inplace] Submesh 0 vertex: wrote 15000 bytes at 0xCC0A980
[2026-09-19 23:43:23] [Info] [patch_inplace] Submesh 1 vertex: wrote 912 bytes at 0xCC17B90
[2026-09-19 23:43:23] [Info] [patch_inplace] Submesh 0 UV ch 0: wrote 3452 bytes at 0xCC0E44C
[2026-09-19 23:43:23] [Info] [patch_inplace] Submesh 0 UV ch 1: wrote 3452 bytes at 0xCC0F1C8
[2026-09-19 23:43:23] [Info] [patch_inplace] Submesh 1 UV ch 0: wrote 196 bytes at 0xCC17F4C
[2026-09-19 23:43:23] [Info] [patch_inplace] Submesh 1 UV ch 1: wrote 196 bytes at 0xCC18010
[2026-09-19 23:43:23] [Info] [patch_inplace] Facial pose: wrote 3120 bytes at 0xCC3089C
[2026-09-19 23:43:23] [Info] [patch_inplace] Facial pose: wrote 3120 bytes at 0xCC314CC
[2026-09-19 23:43:23] [Info] [patch_inplace] Skin bind-pose source and weight arrays patched in-place.
[2026-09-19 23:43:23] [Info] [patch_inplace] --- Summary ---
    Vertex submeshes patched (in-place) : 2
    UV channels patched (in-place)      : 4
    Normal buffers patched (in-place)   : 0
    ShaderMode (Type-7 FourCC) patched  : 0
    Facial position poses patched       : 2
    Bone GeoId fields patched           : 0
    Root-bone SRT scale patched         : 0
    Bind-pose vertices scaled           : 0
    Textures patched (in-place)         : 0
    Textures skipped (mip layout)       : 0
    Output file                         : E:\Sluggies\Sluggies-dat-tools\3_Output_Dat\dt_na.dat
[2026-09-19 23:43:23] [Info] [patch_inplace] Done. You can now overwrite your original dt_na.dat in the game folder.
[2026-09-19 23:43:23] [Info] [dispatcher] Command completed
[2026-09-19 23:43:35] [Info] [dispatcher] Command (StartTools.bat): start.py --patch 214114656_L_king_teresa.gpl.sluggie
[2026-09-19 23:43:35] [Info] [dispatcher] Batch menu selection: 5 - Patch model(s)
[2026-09-19 23:43:35] [Info] [dispatcher] Batch model file input: '214114656_L_king_teresa.gpl.sluggie'
[2026-09-19 23:43:35] [Info] [dispatcher] Found: E:\Sluggies\Sluggies-dat-tools\2_Output_Models\55 King Boo\214114656_L_king_teresa.gpl\214114656_L_king_teresa.gpl.sluggie
[2026-09-19 23:43:35] [Info] [patch_inplace] Mode: patch (writing edited data)
[2026-09-19 23:43:35] [Info] [patch_inplace] Output file already exists, skipping copy: E:\Sluggies\Sluggies-dat-tools\3_Output_Dat\dt_na.dat
[2026-09-19 23:43:35] [Info] [patch_inplace] Submesh 0: 9240 vertex bytes (in-place)
[2026-09-19 23:43:35] [Info] [patch_inplace] Submesh 0 UV ch 0: 2236 bytes (in-place)
[2026-09-19 23:43:35] [Info] [patch_inplace] Submesh 0 UV ch 1: 2236 bytes (in-place)
[2026-09-19 23:43:35] [Info] [patch_inplace] Submesh 1: 912 vertex bytes (in-place)
[2026-09-19 23:43:35] [Info] [patch_inplace] Submesh 1 UV ch 0: 196 bytes (in-place)
[2026-09-19 23:43:35] [Info] [patch_inplace] Submesh 1 UV ch 1: 196 bytes (in-place)
[2026-09-19 23:43:35] [Info] [patch_inplace] Writing 2 vertex, 4 UV, 0 normal, 0 shader-mode, 0 facial-pose, 0 bone-geo, 0 root-scale, 0 texture patch(es) to E:\Sluggies\Sluggies-dat-tools\3_Output_Dat\dt_na.dat ...
[2026-09-19 23:43:35] [Info] [patch_inplace] Submesh 0 vertex: wrote 9240 bytes at 0xCC321E0
[2026-09-19 23:43:35] [Info] [patch_inplace] Submesh 1 vertex: wrote 912 bytes at 0xCC3AD94
[2026-09-19 23:43:35] [Info] [patch_inplace] Submesh 0 UV ch 0: wrote 2236 bytes at 0xCC3462C
[2026-09-19 23:43:35] [Info] [patch_inplace] Submesh 0 UV ch 1: wrote 2236 bytes at 0xCC34EE8
[2026-09-19 23:43:35] [Info] [patch_inplace] Submesh 1 UV ch 0: wrote 196 bytes at 0xCC3B150
[2026-09-19 23:43:35] [Info] [patch_inplace] Submesh 1 UV ch 1: wrote 196 bytes at 0xCC3B214
[2026-09-19 23:43:35] [Info] [patch_inplace] Skin bind-pose source and weight arrays patched in-place.
[2026-09-19 23:43:35] [Info] [patch_inplace] --- Summary ---
    Vertex submeshes patched (in-place) : 2
    UV channels patched (in-place)      : 4
    Normal buffers patched (in-place)   : 0
    ShaderMode (Type-7 FourCC) patched  : 0
    Facial position poses patched       : 0
    Bone GeoId fields patched           : 0
    Root-bone SRT scale patched         : 0
    Bind-pose vertices scaled           : 0
    Textures patched (in-place)         : 0
    Textures skipped (mip layout)       : 0
    Output file                         : E:\Sluggies\Sluggies-dat-tools\3_Output_Dat\dt_na.dat
[2026-09-19 23:43:35] [Info] [patch_inplace] Done. You can now overwrite your original dt_na.dat in the game folder.
[2026-09-19 23:43:35] [Info] [dispatcher] Command completed
[2026-09-19 23:44:21] [Info] [dispatcher] Command (StartTools.bat): start.py --patch 173227136_mare.gpl.sluggie
[2026-09-19 23:44:21] [Info] [dispatcher] Batch menu selection: 5 - Patch model(s)
[2026-09-19 23:44:21] [Info] [dispatcher] Batch model file input: '173227136_mare.gpl.sluggie'
[2026-09-19 23:44:21] [Info] [dispatcher] Found: E:\Sluggies\Sluggies-dat-tools\2_Output_Models\43 Red Noki\173227136_mare.gpl\173227136_mare.gpl.sluggie
[2026-09-19 23:44:22] [Info] [patch_inplace] Mode: patch (writing edited data)
[2026-09-19 23:44:22] [Info] [patch_inplace] Output file already exists, skipping copy: E:\Sluggies\Sluggies-dat-tools\3_Output_Dat\dt_na.dat
[2026-09-19 23:44:22] [Info] [patch_inplace] Submesh 1: queued 2 facial position poses (61 mapped vertices each).
[2026-09-19 23:44:22] [Info] [patch_inplace] Submesh 0: 12912 vertex bytes (in-place)
[2026-09-19 23:44:22] [Info] [patch_inplace] Submesh 0 UV ch 0: 1384 bytes (in-place)
[2026-09-19 23:44:22] [Info] [patch_inplace] Submesh 0 UV ch 1: 1384 bytes (in-place)
[2026-09-19 23:44:22] [Info] [patch_inplace] Submesh 1: 3630 vertex bytes (in-place)
[2026-09-19 23:44:22] [Info] [patch_inplace] Submesh 1 UV ch 0: 1680 bytes (in-place)
[2026-09-19 23:44:22] [Info] [patch_inplace] Submesh 1 UV ch 1: 1680 bytes (in-place)
[2026-09-19 23:44:22] [Info] [patch_inplace] Submesh 2: 1908 vertex bytes (in-place)
[2026-09-19 23:44:22] [Info] [patch_inplace] Submesh 2 UV ch 0: 784 bytes (in-place)
[2026-09-19 23:44:22] [Info] [patch_inplace] Submesh 2 UV ch 1: 784 bytes (in-place)
[2026-09-19 23:44:22] [Info] [patch_inplace] Writing 3 vertex, 6 UV, 0 normal, 0 shader-mode, 2 facial-pose, 0 bone-geo, 0 root-scale, 0 texture patch(es) to E:\Sluggies\Sluggies-dat-tools\3_Output_Dat\dt_na.dat ...
[2026-09-19 23:44:22] [Info] [patch_inplace] Submesh 0 vertex: wrote 12912 bytes at 0xA533D00
[2026-09-19 23:44:22] [Info] [patch_inplace] Submesh 1 vertex: wrote 3630 bytes at 0xA53F40C
[2026-09-19 23:44:22] [Info] [patch_inplace] Submesh 2 vertex: wrote 1908 bytes at 0xA54658C
[2026-09-19 23:44:22] [Info] [patch_inplace] Submesh 0 UV ch 0: wrote 1384 bytes at 0xA536FB0
[2026-09-19 23:44:22] [Info] [patch_inplace] Submesh 0 UV ch 1: wrote 1384 bytes at 0xA537518
[2026-09-19 23:44:22] [Info] [patch_inplace] Submesh 1 UV ch 0: wrote 1680 bytes at 0xA540268
[2026-09-19 23:44:22] [Info] [patch_inplace] Submesh 1 UV ch 1: wrote 1680 bytes at 0xA5408F8
[2026-09-19 23:44:22] [Info] [patch_inplace] Submesh 2 UV ch 0: wrote 784 bytes at 0xA546D2C
[2026-09-19 23:44:22] [Info] [patch_inplace] Submesh 2 UV ch 1: wrote 784 bytes at 0xA54703C
[2026-09-19 23:44:22] [Info] [patch_inplace] Facial pose: wrote 366 bytes at 0xA584B1C
[2026-09-19 23:44:22] [Info] [patch_inplace] Facial pose: wrote 366 bytes at 0xA584C8A
[2026-09-19 23:44:22] [Info] [patch_inplace] Skin bind-pose source and weight arrays patched in-place.
[2026-09-19 23:44:22] [Info] [patch_inplace] --- Summary ---
    Vertex submeshes patched (in-place) : 3
    UV channels patched (in-place)      : 6
    Normal buffers patched (in-place)   : 0
    ShaderMode (Type-7 FourCC) patched  : 0
    Facial position poses patched       : 2
    Bone GeoId fields patched           : 0
    Root-bone SRT scale patched         : 0
    Bind-pose vertices scaled           : 0
    Textures patched (in-place)         : 0
    Textures skipped (mip layout)       : 0
    Output file                         : E:\Sluggies\Sluggies-dat-tools\3_Output_Dat\dt_na.dat
[2026-09-19 23:44:22] [Info] [patch_inplace] Done. You can now overwrite your original dt_na.dat in the game folder.
[2026-09-19 23:44:22] [Info] [dispatcher] Command completed
[2026-09-19 23:44:36] [Info] [dispatcher] Command (StartTools.bat): start.py --patch 173559296_L_mare.gpl.sluggie
[2026-09-19 23:44:36] [Info] [dispatcher] Batch menu selection: 5 - Patch model(s)
[2026-09-19 23:44:36] [Info] [dispatcher] Batch model file input: '173559296_L_mare.gpl.sluggie'
[2026-09-19 23:44:36] [Info] [dispatcher] Found: E:\Sluggies\Sluggies-dat-tools\2_Output_Models\43 Red Noki\173559296_L_mare.gpl\173559296_L_mare.gpl.sluggie
[2026-09-19 23:44:36] [Info] [patch_inplace] Mode: patch (writing edited data)
[2026-09-19 23:44:36] [Info] [patch_inplace] Output file already exists, skipping copy: E:\Sluggies\Sluggies-dat-tools\3_Output_Dat\dt_na.dat
[2026-09-19 23:44:36] [Info] [patch_inplace] Submesh 0: 5436 vertex bytes (in-place)
[2026-09-19 23:44:36] [Info] [patch_inplace] Submesh 0 UV ch 0: 432 bytes (in-place)
[2026-09-19 23:44:36] [Info] [patch_inplace] Submesh 0 UV ch 1: 432 bytes (in-place)
[2026-09-19 23:44:36] [Info] [patch_inplace] Submesh 1: 1776 vertex bytes (in-place)
[2026-09-19 23:44:36] [Info] [patch_inplace] Submesh 1 UV ch 0: 864 bytes (in-place)
[2026-09-19 23:44:36] [Info] [patch_inplace] Submesh 1 UV ch 1: 864 bytes (in-place)
[2026-09-19 23:44:36] [Info] [patch_inplace] Submesh 2: 672 vertex bytes (in-place)
[2026-09-19 23:44:36] [Info] [patch_inplace] Submesh 2 UV ch 0: 316 bytes (in-place)
[2026-09-19 23:44:36] [Info] [patch_inplace] Submesh 2 UV ch 1: 316 bytes (in-place)
[2026-09-19 23:44:36] [Info] [patch_inplace] Writing 3 vertex, 6 UV, 0 normal, 0 shader-mode, 0 facial-pose, 0 bone-geo, 0 root-scale, 0 texture patch(es) to E:\Sluggies\Sluggies-dat-tools\3_Output_Dat\dt_na.dat ...
[2026-09-19 23:44:36] [Info] [patch_inplace] Submesh 0 vertex: wrote 5436 bytes at 0xA584E80
[2026-09-19 23:44:36] [Info] [patch_inplace] Submesh 1 vertex: wrote 1776 bytes at 0xA588E0C
[2026-09-19 23:44:36] [Info] [patch_inplace] Submesh 2 vertex: wrote 672 bytes at 0xA58BFEC
[2026-09-19 23:44:36] [Info] [patch_inplace] Submesh 0 UV ch 0: wrote 432 bytes at 0xA5863F0
[2026-09-19 23:44:36] [Info] [patch_inplace] Submesh 0 UV ch 1: wrote 432 bytes at 0xA5865A0
[2026-09-19 23:44:36] [Info] [patch_inplace] Submesh 1 UV ch 0: wrote 864 bytes at 0xA589528
[2026-09-19 23:44:36] [Info] [patch_inplace] Submesh 1 UV ch 1: wrote 864 bytes at 0xA589888
[2026-09-19 23:44:36] [Info] [patch_inplace] Submesh 2 UV ch 0: wrote 316 bytes at 0xA58C2B8
[2026-09-19 23:44:36] [Info] [patch_inplace] Submesh 2 UV ch 1: wrote 316 bytes at 0xA58C3F4
[2026-09-19 23:44:36] [Info] [patch_inplace] Skin bind-pose source and weight arrays patched in-place.
[2026-09-19 23:44:36] [Info] [patch_inplace] --- Summary ---
    Vertex submeshes patched (in-place) : 3
    UV channels patched (in-place)      : 6
    Normal buffers patched (in-place)   : 0
    ShaderMode (Type-7 FourCC) patched  : 0
    Facial position poses patched       : 0
    Bone GeoId fields patched           : 0
    Root-bone SRT scale patched         : 0
    Bind-pose vertices scaled           : 0
    Textures patched (in-place)         : 0
    Textures skipped (mip layout)       : 0
    Output file                         : E:\Sluggies\Sluggies-dat-tools\3_Output_Dat\dt_na.dat
[2026-09-19 23:44:36] [Info] [patch_inplace] Done. You can now overwrite your original dt_na.dat in the game folder.
[2026-09-19 23:44:36] [Info] [dispatcher] Command completed
[2026-09-19 23:45:09] [Info] [dispatcher] Command (StartTools.bat): start.py --patch 272637184_L_tiny_kong.gpl.sluggie
[2026-09-19 23:45:09] [Info] [dispatcher] Batch menu selection: 5 - Patch model(s)
[2026-09-19 23:45:09] [Info] [dispatcher] Batch model file input: '272637184_L_tiny_kong.gpl.sluggie'
[2026-09-19 23:45:09] [Info] [dispatcher] Found: E:\Sluggies\Sluggies-dat-tools\2_Output_Models\75 Tiny Kong\272637184_L_tiny_kong.gpl\272637184_L_tiny_kong.gpl.sluggie
[2026-09-19 23:45:09] [Info] [patch_inplace] Mode: patch (writing edited data)
[2026-09-19 23:45:09] [Info] [patch_inplace] Output file already exists, skipping copy: E:\Sluggies\Sluggies-dat-tools\3_Output_Dat\dt_na.dat
[2026-09-19 23:45:09] [Info] [patch_inplace] Submesh 0: 12912 vertex bytes (in-place)
[2026-09-19 23:45:09] [Info] [patch_inplace] Submesh 0 UV ch 0: 2888 bytes (in-place)
[2026-09-19 23:45:09] [Info] [patch_inplace] Submesh 0 UV ch 1: 2888 bytes (in-place)
[2026-09-19 23:45:09] [Info] [patch_inplace] Submesh 1: no VertexBufferDataEdited data, skipping.
[2026-09-19 23:45:09] [Info] [patch_inplace] Submesh 2: no VertexBufferDataEdited data, skipping.
[2026-09-19 23:45:09] [Info] [patch_inplace] Submesh 3: no VertexBufferDataEdited data, skipping.
[2026-09-19 23:45:09] [Info] [patch_inplace] Writing 1 vertex, 2 UV, 0 normal, 0 shader-mode, 0 facial-pose, 0 bone-geo, 0 root-scale, 0 texture patch(es) to E:\Sluggies\Sluggies-dat-tools\3_Output_Dat\dt_na.dat ...
[2026-09-19 23:45:09] [Info] [patch_inplace] Submesh 0 vertex: wrote 12912 bytes at 0x10401D80
[2026-09-19 23:45:09] [Info] [patch_inplace] Submesh 0 UV ch 0: wrote 2888 bytes at 0x10405030
[2026-09-19 23:45:09] [Info] [patch_inplace] Submesh 0 UV ch 1: wrote 2888 bytes at 0x10405B78
[2026-09-19 23:45:09] [Info] [patch_inplace] Skin bind-pose source and weight arrays patched in-place.
[2026-09-19 23:45:09] [Info] [patch_inplace] --- Summary ---
    Vertex submeshes patched (in-place) : 1
    UV channels patched (in-place)      : 2
    Normal buffers patched (in-place)   : 0
    ShaderMode (Type-7 FourCC) patched  : 0
    Facial position poses patched       : 0
    Bone GeoId fields patched           : 0
    Root-bone SRT scale patched         : 0
    Bind-pose vertices scaled           : 0
    Textures patched (in-place)         : 0
    Textures skipped (mip layout)       : 0
    Output file                         : E:\Sluggies\Sluggies-dat-tools\3_Output_Dat\dt_na.dat
[2026-09-19 23:45:09] [Info] [patch_inplace] Done. You can now overwrite your original dt_na.dat in the game folder.
[2026-09-19 23:45:09] [Info] [dispatcher] Command completed
[2026-09-19 23:45:36] [Info] [dispatcher] Command (StartTools.bat): start.py --patch 272147520_tiny_kong.gpl.sluggie
[2026-09-19 23:45:36] [Info] [dispatcher] Batch menu selection: 5 - Patch model(s)
[2026-09-19 23:45:36] [Info] [dispatcher] Batch model file input: '272147520_tiny_kong.gpl.sluggie'
[2026-09-19 23:45:36] [Info] [dispatcher] Found: E:\Sluggies\Sluggies-dat-tools\2_Output_Models\75 Tiny Kong\272147520_tiny_kong.gpl\272147520_tiny_kong.gpl.sluggie
[2026-09-19 23:45:36] [Info] [patch_inplace] Mode: patch (writing edited data)
[2026-09-19 23:45:36] [Info] [patch_inplace] Output file already exists, skipping copy: E:\Sluggies\Sluggies-dat-tools\3_Output_Dat\dt_na.dat
[2026-09-19 23:45:36] [Info] [patch_inplace] Submesh 3: queued 5 facial position poses (14 mapped vertices each).
[2026-09-19 23:45:36] [Info] [patch_inplace] Submesh 3: queued 4 facial position poses (240 mapped vertices each).
[2026-09-19 23:45:36] [Info] [patch_inplace] Submesh 0: 28968 vertex bytes (in-place)
[2026-09-19 23:45:36] [Info] [patch_inplace] Submesh 0 UV ch 0: 5984 bytes (in-place)
[2026-09-19 23:45:36] [Info] [patch_inplace] Submesh 0 UV ch 1: 5984 bytes (in-place)
[2026-09-19 23:45:36] [Info] [patch_inplace] Submesh 1: no VertexBufferDataEdited data, skipping.
[2026-09-19 23:45:36] [Info] [patch_inplace] Submesh 2: no VertexBufferDataEdited data, skipping.
[2026-09-19 23:45:36] [Info] [patch_inplace] Submesh 3: no VertexBufferDataEdited data, skipping.
[2026-09-19 23:45:36] [Info] [patch_inplace] Writing 1 vertex, 2 UV, 0 normal, 0 shader-mode, 9 facial-pose, 0 bone-geo, 0 root-scale, 0 texture patch(es) to E:\Sluggies\Sluggies-dat-tools\3_Output_Dat\dt_na.dat ...
[2026-09-19 23:45:36] [Info] [patch_inplace] Submesh 0 vertex: wrote 28968 bytes at 0x1038A4C0
[2026-09-19 23:45:36] [Info] [patch_inplace] Submesh 0 UV ch 0: wrote 5984 bytes at 0x10391630
[2026-09-19 23:45:36] [Info] [patch_inplace] Submesh 0 UV ch 1: wrote 5984 bytes at 0x10392D90
[2026-09-19 23:45:36] [Info] [patch_inplace] Facial pose: wrote 84 bytes at 0x103FE5BC
[2026-09-19 23:45:36] [Info] [patch_inplace] Facial pose: wrote 84 bytes at 0x103FE610
[2026-09-19 23:45:36] [Info] [patch_inplace] Facial pose: wrote 84 bytes at 0x103FE664
[2026-09-19 23:45:36] [Info] [patch_inplace] Facial pose: wrote 84 bytes at 0x103FE6B8
[2026-09-19 23:45:36] [Info] [patch_inplace] Facial pose: wrote 84 bytes at 0x103FE70C
[2026-09-19 23:45:36] [Info] [patch_inplace] Facial pose: wrote 1440 bytes at 0x103FEA90
[2026-09-19 23:45:36] [Info] [patch_inplace] Facial pose: wrote 1440 bytes at 0x103FF030
[2026-09-19 23:45:36] [Info] [patch_inplace] Facial pose: wrote 1440 bytes at 0x103FF5D0
[2026-09-19 23:45:36] [Info] [patch_inplace] Facial pose: wrote 1440 bytes at 0x103FFB70
[2026-09-19 23:45:36] [Info] [patch_inplace] Skin bind-pose source and weight arrays patched in-place.
[2026-09-19 23:45:36] [Info] [patch_inplace] --- Summary ---
    Vertex submeshes patched (in-place) : 1
    UV channels patched (in-place)      : 2
    Normal buffers patched (in-place)   : 0
    ShaderMode (Type-7 FourCC) patched  : 0
    Facial position poses patched       : 9
    Bone GeoId fields patched           : 0
    Root-bone SRT scale patched         : 0
    Bind-pose vertices scaled           : 0
    Textures patched (in-place)         : 0
    Textures skipped (mip layout)       : 0
    Output file                         : E:\Sluggies\Sluggies-dat-tools\3_Output_Dat\dt_na.dat
[2026-09-19 23:45:36] [Info] [patch_inplace] Done. You can now overwrite your original dt_na.dat in the game folder.
[2026-09-19 23:45:36] [Info] [dispatcher] Command completed
[2026-09-19 23:48:44] [Info] [dispatcher] Command (StartTools.bat): start.py --patch 272147520_tiny_kong.gpl.sluggie
[2026-09-19 23:48:44] [Info] [dispatcher] Batch menu selection: 5 - Patch model(s)
[2026-09-19 23:48:44] [Info] [dispatcher] Batch model file input: '272147520_tiny_kong.gpl.sluggie'
[2026-09-19 23:48:44] [Info] [dispatcher] Found: E:\Sluggies\Sluggies-dat-tools\2_Output_Models\75 Tiny Kong\272147520_tiny_kong.gpl\272147520_tiny_kong.gpl.sluggie
[2026-09-19 23:48:44] [Info] [patch_inplace] Mode: patch (writing edited data)
[2026-09-19 23:48:44] [Info] [patch_inplace] Output file already exists, skipping copy: E:\Sluggies\Sluggies-dat-tools\3_Output_Dat\dt_na.dat
[2026-09-19 23:48:44] [Info] [patch_inplace] Submesh 3: queued 5 facial position poses (14 mapped vertices each).
[2026-09-19 23:48:44] [Info] [patch_inplace] Submesh 3: queued 4 facial position poses (240 mapped vertices each).
[2026-09-19 23:48:44] [Info] [patch_inplace] Submesh 0: 28968 vertex bytes (in-place)
[2026-09-19 23:48:44] [Info] [patch_inplace] Submesh 0 UV ch 0: 5984 bytes (in-place)
[2026-09-19 23:48:44] [Info] [patch_inplace] Submesh 0 UV ch 1: 5984 bytes (in-place)
[2026-09-19 23:48:44] [Info] [patch_inplace] Submesh 0 normal: 28968 bytes (in-place)
[2026-09-19 23:48:44] [Info] [patch_inplace] Submesh 1: no VertexBufferDataEdited data, skipping.
[2026-09-19 23:48:44] [Info] [patch_inplace] Submesh 2: no VertexBufferDataEdited data, skipping.
[2026-09-19 23:48:44] [Info] [patch_inplace] Submesh 3: no VertexBufferDataEdited data, skipping.
[2026-09-19 23:48:44] [Info] [patch_inplace] Writing 1 vertex, 2 UV, 1 normal, 0 shader-mode, 9 facial-pose, 0 bone-geo, 0 root-scale, 0 texture patch(es) to E:\Sluggies\Sluggies-dat-tools\3_Output_Dat\dt_na.dat ...
[2026-09-19 23:48:44] [Info] [patch_inplace] Submesh 0 vertex: wrote 28968 bytes at 0x1038A4C0
[2026-09-19 23:48:44] [Info] [patch_inplace] Submesh 0 UV ch 0: wrote 5984 bytes at 0x10391630
[2026-09-19 23:48:44] [Info] [patch_inplace] Submesh 0 UV ch 1: wrote 5984 bytes at 0x10392D90
[2026-09-19 23:48:44] [Info] [patch_inplace] Submesh 0 normal: wrote 28968 bytes at 0x1038A4C6
[2026-09-19 23:48:44] [Info] [patch_inplace] Facial pose: wrote 84 bytes at 0x103FE5BC
[2026-09-19 23:48:44] [Info] [patch_inplace] Facial pose: wrote 84 bytes at 0x103FE610
[2026-09-19 23:48:44] [Info] [patch_inplace] Facial pose: wrote 84 bytes at 0x103FE664
[2026-09-19 23:48:44] [Info] [patch_inplace] Facial pose: wrote 84 bytes at 0x103FE6B8
[2026-09-19 23:48:44] [Info] [patch_inplace] Facial pose: wrote 84 bytes at 0x103FE70C
[2026-09-19 23:48:44] [Info] [patch_inplace] Facial pose: wrote 1440 bytes at 0x103FEA90
[2026-09-19 23:48:44] [Info] [patch_inplace] Facial pose: wrote 1440 bytes at 0x103FF030
[2026-09-19 23:48:44] [Info] [patch_inplace] Facial pose: wrote 1440 bytes at 0x103FF5D0
[2026-09-19 23:48:44] [Info] [patch_inplace] Facial pose: wrote 1440 bytes at 0x103FFB70
[2026-09-19 23:48:44] [Info] [patch_inplace] Skin bind-pose source and weight arrays patched in-place.
[2026-09-19 23:48:44] [Info] [patch_inplace] --- Summary ---
    Vertex submeshes patched (in-place) : 1
    UV channels patched (in-place)      : 2
    Normal buffers patched (in-place)   : 1
    ShaderMode (Type-7 FourCC) patched  : 0
    Facial position poses patched       : 9
    Bone GeoId fields patched           : 0
    Root-bone SRT scale patched         : 0
    Bind-pose vertices scaled           : 0
    Textures patched (in-place)         : 0
    Textures skipped (mip layout)       : 0
    Output file                         : E:\Sluggies\Sluggies-dat-tools\3_Output_Dat\dt_na.dat
[2026-09-19 23:48:44] [Info] [patch_inplace] Done. You can now overwrite your original dt_na.dat in the game folder.
[2026-09-19 23:48:44] [Info] [dispatcher] Command completed
[2026-09-19 23:50:45] [Info] [dispatcher] Command (StartTools.bat): start.py --patch 136102560_L_kinopico.gpl.sluggie
[2026-09-19 23:50:45] [Info] [dispatcher] Batch menu selection: 5 - Patch model(s)
[2026-09-19 23:50:45] [Info] [dispatcher] Batch model file input: '136102560_L_kinopico.gpl.sluggie'
[2026-09-19 23:50:45] [Info] [dispatcher] Found: E:\Sluggies\Sluggies-dat-tools\2_Output_Models\33 Toadette\136102560_L_kinopico.gpl\136102560_L_kinopico.gpl.sluggie
[2026-09-19 23:50:46] [Info] [patch_inplace] Mode: patch (writing edited data)
[2026-09-19 23:50:46] [Info] [patch_inplace] Output file already exists, skipping copy: E:\Sluggies\Sluggies-dat-tools\3_Output_Dat\dt_na.dat
[2026-09-19 23:50:46] [Info] [patch_inplace] Submesh 0: 10392 vertex bytes (in-place)
[2026-09-19 23:50:46] [Info] [patch_inplace] Submesh 0 UV ch 0: 1184 bytes (in-place)
[2026-09-19 23:50:46] [Info] [patch_inplace] Submesh 0 UV ch 1: 1184 bytes (in-place)
[2026-09-19 23:50:46] [Info] [patch_inplace] Submesh 1: 156 vertex bytes (in-place)
[2026-09-19 23:50:46] [Info] [patch_inplace] Submesh 1 UV ch 0: 216 bytes (in-place)
[2026-09-19 23:50:46] [Info] [patch_inplace] Submesh 1 UV ch 1: 216 bytes (in-place)
[2026-09-19 23:50:46] [Info] [patch_inplace] Submesh 2: 156 vertex bytes (in-place)
[2026-09-19 23:50:46] [Info] [patch_inplace] Submesh 2 UV ch 0: 4 bytes (in-place)
[2026-09-19 23:50:46] [Info] [patch_inplace] Submesh 2 UV ch 1: 4 bytes (in-place)
[2026-09-19 23:50:46] [Info] [patch_inplace] Submesh 3: 156 vertex bytes (in-place)
[2026-09-19 23:50:46] [Info] [patch_inplace] Submesh 3 UV ch 0: 4 bytes (in-place)
[2026-09-19 23:50:46] [Info] [patch_inplace] Submesh 3 UV ch 1: 4 bytes (in-place)
[2026-09-19 23:50:46] [Info] [patch_inplace] Submesh 4: 156 vertex bytes (in-place)
[2026-09-19 23:50:46] [Info] [patch_inplace] Submesh 4 UV ch 0: 216 bytes (in-place)
[2026-09-19 23:50:46] [Info] [patch_inplace] Submesh 4 UV ch 1: 216 bytes (in-place)
[2026-09-19 23:50:46] [Info] [patch_inplace] Submesh 5: 156 vertex bytes (in-place)
[2026-09-19 23:50:46] [Info] [patch_inplace] Submesh 5 UV ch 0: 4 bytes (in-place)
[2026-09-19 23:50:46] [Info] [patch_inplace] Submesh 5 UV ch 1: 4 bytes (in-place)
[2026-09-19 23:50:46] [Info] [patch_inplace] Submesh 6: 156 vertex bytes (in-place)
[2026-09-19 23:50:46] [Info] [patch_inplace] Submesh 6 UV ch 0: 4 bytes (in-place)
[2026-09-19 23:50:46] [Info] [patch_inplace] Submesh 6 UV ch 1: 4 bytes (in-place)
[2026-09-19 23:50:46] [Info] [patch_inplace] Submesh 7: 1386 vertex bytes (in-place)
[2026-09-19 23:50:46] [Info] [patch_inplace] Submesh 7 UV ch 0: 624 bytes (in-place)
[2026-09-19 23:50:46] [Info] [patch_inplace] Submesh 7 UV ch 1: 624 bytes (in-place)
[2026-09-19 23:50:46] [Info] [patch_inplace] Writing 8 vertex, 16 UV, 0 normal, 0 shader-mode, 0 facial-pose, 6 bone-geo, 0 root-scale, 0 texture patch(es) to E:\Sluggies\Sluggies-dat-tools\3_Output_Dat\dt_na.dat ...
[2026-09-19 23:50:46] [Info] [patch_inplace] Submesh 0 vertex: wrote 10392 bytes at 0x81CC340
[2026-09-19 23:50:46] [Info] [patch_inplace] Submesh 1 vertex: wrote 156 bytes at 0x81D4CF0
[2026-09-19 23:50:46] [Info] [patch_inplace] Submesh 2 vertex: wrote 156 bytes at 0x81D5270
[2026-09-19 23:50:46] [Info] [patch_inplace] Submesh 3 vertex: wrote 156 bytes at 0x81D55F0
[2026-09-19 23:50:46] [Info] [patch_inplace] Submesh 4 vertex: wrote 156 bytes at 0x81D59B0
[2026-09-19 23:50:46] [Info] [patch_inplace] Submesh 5 vertex: wrote 156 bytes at 0x81D5F30
[2026-09-19 23:50:46] [Info] [patch_inplace] Submesh 6 vertex: wrote 156 bytes at 0x81D62B0
[2026-09-19 23:50:46] [Info] [patch_inplace] Submesh 7 vertex: wrote 1386 bytes at 0x81D6670
[2026-09-19 23:50:46] [Info] [patch_inplace] Submesh 0 UV ch 0: wrote 1184 bytes at 0x81CEC10
[2026-09-19 23:50:46] [Info] [patch_inplace] Submesh 0 UV ch 1: wrote 1184 bytes at 0x81CF0B0
[2026-09-19 23:50:46] [Info] [patch_inplace] Submesh 1 UV ch 0: wrote 216 bytes at 0x81D4DB8
[2026-09-19 23:50:46] [Info] [patch_inplace] Submesh 1 UV ch 1: wrote 216 bytes at 0x81D4E90
[2026-09-19 23:50:46] [Info] [patch_inplace] Submesh 2 UV ch 0: wrote 4 bytes at 0x81D5338
[2026-09-19 23:50:46] [Info] [patch_inplace] Submesh 2 UV ch 1: wrote 4 bytes at 0x81D533C
[2026-09-19 23:50:46] [Info] [patch_inplace] Submesh 3 UV ch 0: wrote 4 bytes at 0x81D56B8
[2026-09-19 23:50:46] [Info] [patch_inplace] Submesh 3 UV ch 1: wrote 4 bytes at 0x81D56BC
[2026-09-19 23:50:46] [Info] [patch_inplace] Submesh 4 UV ch 0: wrote 216 bytes at 0x81D5A78
[2026-09-19 23:50:46] [Info] [patch_inplace] Submesh 4 UV ch 1: wrote 216 bytes at 0x81D5B50
[2026-09-19 23:50:46] [Info] [patch_inplace] Submesh 5 UV ch 0: wrote 4 bytes at 0x81D5FF8
[2026-09-19 23:50:46] [Info] [patch_inplace] Submesh 5 UV ch 1: wrote 4 bytes at 0x81D5FFC
[2026-09-19 23:50:46] [Info] [patch_inplace] Submesh 6 UV ch 0: wrote 4 bytes at 0x81D6378
[2026-09-19 23:50:46] [Info] [patch_inplace] Submesh 6 UV ch 1: wrote 4 bytes at 0x81D637C
[2026-09-19 23:50:46] [Info] [patch_inplace] Submesh 7 UV ch 0: wrote 624 bytes at 0x81D6C08
[2026-09-19 23:50:46] [Info] [patch_inplace] Submesh 7 UV ch 1: wrote 624 bytes at 0x81D6E78
[2026-09-19 23:50:46] [Info] [patch_inplace] Bone 53 GeoId: wrote 0003 at 0x81D8CA0
[2026-09-19 23:50:46] [Info] [patch_inplace] Bone 54 GeoId: wrote 0002 at 0x81D8CBC
[2026-09-19 23:50:46] [Info] [patch_inplace] Bone 55 GeoId: wrote 0001 at 0x81D8CD8
[2026-09-19 23:50:46] [Info] [patch_inplace] Bone 57 GeoId: wrote ffff at 0x81D8D10
[2026-09-19 23:50:46] [Info] [patch_inplace] Bone 58 GeoId: wrote ffff at 0x81D8D2C
[2026-09-19 23:50:46] [Info] [patch_inplace] Bone 59 GeoId: wrote ffff at 0x81D8D48
[2026-09-19 23:50:46] [Info] [patch_inplace] Skin bind-pose source and weight arrays patched in-place.
[2026-09-19 23:50:46] [Info] [patch_inplace] --- Summary ---
    Vertex submeshes patched (in-place) : 8
    UV channels patched (in-place)      : 16
    Normal buffers patched (in-place)   : 0
    ShaderMode (Type-7 FourCC) patched  : 0
    Facial position poses patched       : 0
    Bone GeoId fields patched           : 6
    Root-bone SRT scale patched         : 0
    Bind-pose vertices scaled           : 0
    Textures patched (in-place)         : 0
    Textures skipped (mip layout)       : 0
    Output file                         : E:\Sluggies\Sluggies-dat-tools\3_Output_Dat\dt_na.dat
[2026-09-19 23:50:46] [Info] [patch_inplace] Done. You can now overwrite your original dt_na.dat in the game folder.
[2026-09-19 23:50:46] [Info] [dispatcher] Command completed
[2026-09-19 23:50:56] [Info] [dispatcher] Command (StartTools.bat): start.py --patch 135708512_kinopico.gplÔ.sluggie
[2026-09-19 23:50:56] [Info] [dispatcher] Batch menu selection: 5 - Patch model(s)
[2026-09-19 23:50:56] [Info] [dispatcher] Batch model file input: '135708512_kinopico.gplÔ.sluggie'
[2026-09-19 23:50:56] [Info] [dispatcher] Found: E:\Sluggies\Sluggies-dat-tools\2_Output_Models\33 Toadette\135708512_kinopico.gplÔ\135708512_kinopico.gplÔ.sluggie
[2026-09-19 23:50:56] [Info] [patch_inplace] Mode: patch (writing edited data)
[2026-09-19 23:50:56] [Info] [patch_inplace] Output file already exists, skipping copy: E:\Sluggies\Sluggies-dat-tools\3_Output_Dat\dt_na.dat
[2026-09-19 23:50:56] [Info] [patch_inplace] Submesh 7: queued 3 facial position poses (180 mapped vertices each).
[2026-09-19 23:50:56] [Info] [patch_inplace] Submesh 7: queued 4 facial position poses (141 mapped vertices each).
[2026-09-19 23:50:56] [Info] [patch_inplace] Submesh 0: 22296 vertex bytes (in-place)
[2026-09-19 23:50:56] [Info] [patch_inplace] Submesh 0 UV ch 0: 2376 bytes (in-place)
[2026-09-19 23:50:56] [Info] [patch_inplace] Submesh 0 UV ch 1: 2376 bytes (in-place)
[2026-09-19 23:50:56] [Info] [patch_inplace] Submesh 1: 618 vertex bytes (in-place)
[2026-09-19 23:50:56] [Info] [patch_inplace] Submesh 1 UV ch 0: 656 bytes (in-place)
[2026-09-19 23:50:56] [Info] [patch_inplace] Submesh 1 UV ch 1: 656 bytes (in-place)
[2026-09-19 23:50:56] [Info] [patch_inplace] Submesh 2: 300 vertex bytes (in-place)
[2026-09-19 23:50:56] [Info] [patch_inplace] Submesh 2 UV ch 0: 4 bytes (in-place)
[2026-09-19 23:50:56] [Info] [patch_inplace] Submesh 2 UV ch 1: 4 bytes (in-place)
[2026-09-19 23:50:56] [Info] [patch_inplace] Submesh 3: 372 vertex bytes (in-place)
[2026-09-19 23:50:56] [Info] [patch_inplace] Submesh 3 UV ch 0: 4 bytes (in-place)
[2026-09-19 23:50:56] [Info] [patch_inplace] Submesh 3 UV ch 1: 4 bytes (in-place)
[2026-09-19 23:50:56] [Info] [patch_inplace] Submesh 4: 618 vertex bytes (in-place)
[2026-09-19 23:50:56] [Info] [patch_inplace] Submesh 4 UV ch 0: 656 bytes (in-place)
[2026-09-19 23:50:56] [Info] [patch_inplace] Submesh 4 UV ch 1: 656 bytes (in-place)
[2026-09-19 23:50:56] [Info] [patch_inplace] Submesh 5: 300 vertex bytes (in-place)
[2026-09-19 23:50:56] [Info] [patch_inplace] Submesh 5 UV ch 0: 4 bytes (in-place)
[2026-09-19 23:50:56] [Info] [patch_inplace] Submesh 5 UV ch 1: 4 bytes (in-place)
[2026-09-19 23:50:56] [Info] [patch_inplace] Submesh 6: 372 vertex bytes (in-place)
[2026-09-19 23:50:56] [Info] [patch_inplace] Submesh 6 UV ch 0: 4 bytes (in-place)
[2026-09-19 23:50:56] [Info] [patch_inplace] Submesh 6 UV ch 1: 4 bytes (in-place)
[2026-09-19 23:50:56] [Info] [patch_inplace] Submesh 7: 4182 vertex bytes (in-place)
[2026-09-19 23:50:56] [Info] [patch_inplace] Submesh 7 UV ch 0: 1860 bytes (in-place)
[2026-09-19 23:50:56] [Info] [patch_inplace] Submesh 7 UV ch 1: 1860 bytes (in-place)
[2026-09-19 23:50:56] [Info] [patch_inplace] Writing 8 vertex, 16 UV, 0 normal, 0 shader-mode, 7 facial-pose, 6 bone-geo, 0 root-scale, 0 texture patch(es) to E:\Sluggies\Sluggies-dat-tools\3_Output_Dat\dt_na.dat ...
[2026-09-19 23:50:56] [Info] [patch_inplace] Submesh 0 vertex: wrote 22296 bytes at 0x816C000
[2026-09-19 23:50:56] [Info] [patch_inplace] Submesh 1 vertex: wrote 618 bytes at 0x817E550
[2026-09-19 23:50:56] [Info] [patch_inplace] Submesh 2 vertex: wrote 300 bytes at 0x817F770
[2026-09-19 23:50:56] [Info] [patch_inplace] Submesh 3 vertex: wrote 372 bytes at 0x817FDF0
[2026-09-19 23:50:56] [Info] [patch_inplace] Submesh 4 vertex: wrote 618 bytes at 0x81805D0
[2026-09-19 23:50:56] [Info] [patch_inplace] Submesh 5 vertex: wrote 300 bytes at 0x81817F0
[2026-09-19 23:50:56] [Info] [patch_inplace] Submesh 6 vertex: wrote 372 bytes at 0x8181E70
[2026-09-19 23:50:56] [Info] [patch_inplace] Submesh 7 vertex: wrote 4182 bytes at 0x8182610
[2026-09-19 23:50:56] [Info] [patch_inplace] Submesh 0 UV ch 0: wrote 2376 bytes at 0x8171750
[2026-09-19 23:50:56] [Info] [patch_inplace] Submesh 0 UV ch 1: wrote 2376 bytes at 0x8172098
[2026-09-19 23:50:56] [Info] [patch_inplace] Submesh 1 UV ch 0: wrote 656 bytes at 0x817E7E8
[2026-09-19 23:50:56] [Info] [patch_inplace] Submesh 1 UV ch 1: wrote 656 bytes at 0x817EA78
[2026-09-19 23:50:56] [Info] [patch_inplace] Submesh 2 UV ch 0: wrote 4 bytes at 0x817F8C8
[2026-09-19 23:50:56] [Info] [patch_inplace] Submesh 2 UV ch 1: wrote 4 bytes at 0x817F8CC
[2026-09-19 23:50:56] [Info] [patch_inplace] Submesh 3 UV ch 0: wrote 4 bytes at 0x817FF90
[2026-09-19 23:50:56] [Info] [patch_inplace] Submesh 3 UV ch 1: wrote 4 bytes at 0x817FF94
[2026-09-19 23:50:56] [Info] [patch_inplace] Submesh 4 UV ch 0: wrote 656 bytes at 0x8180868
[2026-09-19 23:50:56] [Info] [patch_inplace] Submesh 4 UV ch 1: wrote 656 bytes at 0x8180AF8
[2026-09-19 23:50:56] [Info] [patch_inplace] Submesh 5 UV ch 0: wrote 4 bytes at 0x8181948
[2026-09-19 23:50:56] [Info] [patch_inplace] Submesh 5 UV ch 1: wrote 4 bytes at 0x818194C
[2026-09-19 23:50:56] [Info] [patch_inplace] Submesh 6 UV ch 0: wrote 4 bytes at 0x8182010
[2026-09-19 23:50:56] [Info] [patch_inplace] Submesh 6 UV ch 1: wrote 4 bytes at 0x8182014
[2026-09-19 23:50:56] [Info] [patch_inplace] Submesh 7 UV ch 0: wrote 1860 bytes at 0x8183694
[2026-09-19 23:50:56] [Info] [patch_inplace] Submesh 7 UV ch 1: wrote 1860 bytes at 0x8183DD8
[2026-09-19 23:50:56] [Info] [patch_inplace] Facial pose: wrote 1080 bytes at 0x81C89EC
[2026-09-19 23:50:56] [Info] [patch_inplace] Facial pose: wrote 1080 bytes at 0x81C8E24
[2026-09-19 23:50:56] [Info] [patch_inplace] Facial pose: wrote 1080 bytes at 0x81C925C
[2026-09-19 23:50:56] [Info] [patch_inplace] Facial pose: wrote 846 bytes at 0x81CA470
[2026-09-19 23:50:56] [Info] [patch_inplace] Facial pose: wrote 846 bytes at 0x81CA7BE
[2026-09-19 23:50:56] [Info] [patch_inplace] Facial pose: wrote 846 bytes at 0x81CAB0C
[2026-09-19 23:50:56] [Info] [patch_inplace] Facial pose: wrote 846 bytes at 0x81CAE5A
[2026-09-19 23:50:56] [Info] [patch_inplace] Bone 53 GeoId: wrote 0003 at 0x818A960
[2026-09-19 23:50:56] [Info] [patch_inplace] Bone 54 GeoId: wrote 0002 at 0x818A97C
[2026-09-19 23:50:56] [Info] [patch_inplace] Bone 55 GeoId: wrote 0001 at 0x818A998
[2026-09-19 23:50:56] [Info] [patch_inplace] Bone 57 GeoId: wrote ffff at 0x818A9D0
[2026-09-19 23:50:56] [Info] [patch_inplace] Bone 58 GeoId: wrote ffff at 0x818A9EC
[2026-09-19 23:50:56] [Info] [patch_inplace] Bone 59 GeoId: wrote ffff at 0x818AA08
[2026-09-19 23:50:56] [Info] [patch_inplace] Skin bind-pose source and weight arrays patched in-place.
[2026-09-19 23:50:56] [Info] [patch_inplace] --- Summary ---
    Vertex submeshes patched (in-place) : 8
    UV channels patched (in-place)      : 16
    Normal buffers patched (in-place)   : 0
    ShaderMode (Type-7 FourCC) patched  : 0
    Facial position poses patched       : 7
    Bone GeoId fields patched           : 6
    Root-bone SRT scale patched         : 0
    Bind-pose vertices scaled           : 0
    Textures patched (in-place)         : 0
    Textures skipped (mip layout)       : 0
    Output file                         : E:\Sluggies\Sluggies-dat-tools\3_Output_Dat\dt_na.dat
[2026-09-19 23:50:56] [Info] [patch_inplace] Done. You can now overwrite your original dt_na.dat in the game folder.
[2026-09-19 23:50:56] [Info] [dispatcher] Command completed
[2026-09-19 23:51:40] [Info] [dispatcher] Command (StartTools.bat): start.py --patch 185213216_L_kinojii.gpl.sluggie
[2026-09-19 23:51:40] [Info] [dispatcher] Batch menu selection: 5 - Patch model(s)
[2026-09-19 23:51:40] [Info] [dispatcher] Batch model file input: '185213216_L_kinojii.gpl.sluggie'
[2026-09-19 23:51:40] [Info] [dispatcher] Found: E:\Sluggies\Sluggies-dat-tools\2_Output_Models\46 Toadsworth\185213216_L_kinojii.gpl\185213216_L_kinojii.gpl.sluggie
[2026-09-19 23:51:40] [Info] [patch_inplace] Mode: patch (writing edited data)
[2026-09-19 23:51:40] [Info] [patch_inplace] Output file already exists, skipping copy: E:\Sluggies\Sluggies-dat-tools\3_Output_Dat\dt_na.dat
[2026-09-19 23:51:40] [Info] [patch_inplace] Submesh 0: 9576 vertex bytes (in-place)
[2026-09-19 23:51:40] [Info] [patch_inplace] Submesh 0 UV ch 0: 1336 bytes (in-place)
[2026-09-19 23:51:40] [Info] [patch_inplace] Submesh 0 UV ch 1: 1336 bytes (in-place)
[2026-09-19 23:51:40] [Info] [patch_inplace] Submesh 1: 540 vertex bytes (in-place)
[2026-09-19 23:51:40] [Info] [patch_inplace] Submesh 1 UV ch 0: 8 bytes (in-place)
[2026-09-19 23:51:40] [Info] [patch_inplace] Submesh 1 UV ch 1: 8 bytes (in-place)
[2026-09-19 23:51:40] [Info] [patch_inplace] Submesh 2: 1494 vertex bytes (in-place)
[2026-09-19 23:51:40] [Info] [patch_inplace] Submesh 2 UV ch 0: 976 bytes (in-place)
[2026-09-19 23:51:40] [Info] [patch_inplace] Submesh 2 UV ch 1: 976 bytes (in-place)
[2026-09-19 23:51:40] [Info] [patch_inplace] Writing 3 vertex, 6 UV, 0 normal, 0 shader-mode, 0 facial-pose, 0 bone-geo, 0 root-scale, 0 texture patch(es) to E:\Sluggies\Sluggies-dat-tools\3_Output_Dat\dt_na.dat ...
[2026-09-19 23:51:40] [Info] [patch_inplace] Submesh 0 vertex: wrote 9576 bytes at 0xB0A21A0
[2026-09-19 23:51:40] [Info] [patch_inplace] Submesh 1 vertex: wrote 540 bytes at 0xB0AA1D0
[2026-09-19 23:51:40] [Info] [patch_inplace] Submesh 2 vertex: wrote 1494 bytes at 0xB0AAC70
[2026-09-19 23:51:40] [Info] [patch_inplace] Submesh 0 UV ch 0: wrote 1336 bytes at 0xB0A4750
[2026-09-19 23:51:40] [Info] [patch_inplace] Submesh 0 UV ch 1: wrote 1336 bytes at 0xB0A4C88
[2026-09-19 23:51:40] [Info] [patch_inplace] Submesh 1 UV ch 0: wrote 8 bytes at 0xB0AA418
[2026-09-19 23:51:40] [Info] [patch_inplace] Submesh 1 UV ch 1: wrote 8 bytes at 0xB0AA420
[2026-09-19 23:51:40] [Info] [patch_inplace] Submesh 2 UV ch 0: wrote 976 bytes at 0xB0AB274
[2026-09-19 23:51:40] [Info] [patch_inplace] Submesh 2 UV ch 1: wrote 976 bytes at 0xB0AB644
[2026-09-19 23:51:40] [Info] [patch_inplace] Skin bind-pose source and weight arrays patched in-place.
[2026-09-19 23:51:40] [Info] [patch_inplace] --- Summary ---
    Vertex submeshes patched (in-place) : 3
    UV channels patched (in-place)      : 6
    Normal buffers patched (in-place)   : 0
    ShaderMode (Type-7 FourCC) patched  : 0
    Facial position poses patched       : 0
    Bone GeoId fields patched           : 0
    Root-bone SRT scale patched         : 0
    Bind-pose vertices scaled           : 0
    Textures patched (in-place)         : 0
    Textures skipped (mip layout)       : 0
    Output file                         : E:\Sluggies\Sluggies-dat-tools\3_Output_Dat\dt_na.dat
[2026-09-19 23:51:40] [Info] [patch_inplace] Done. You can now overwrite your original dt_na.dat in the game folder.
[2026-09-19 23:51:40] [Info] [dispatcher] Command completed
[2026-09-19 23:52:00] [Info] [dispatcher] Command (StartTools.bat): start.py --patch 184820608_kinojii.gpl.sluggie
[2026-09-19 23:52:00] [Info] [dispatcher] Batch menu selection: 5 - Patch model(s)
[2026-09-19 23:52:00] [Info] [dispatcher] Batch model file input: '184820608_kinojii.gpl.sluggie'
[2026-09-19 23:52:00] [Info] [dispatcher] Found: E:\Sluggies\Sluggies-dat-tools\2_Output_Models\46 Toadsworth\184820608_kinojii.gpl\184820608_kinojii.gpl.sluggie
[2026-09-19 23:52:00] [Info] [patch_inplace] Mode: patch (writing edited data)
[2026-09-19 23:52:00] [Info] [patch_inplace] Output file already exists, skipping copy: E:\Sluggies\Sluggies-dat-tools\3_Output_Dat\dt_na.dat
[2026-09-19 23:52:00] [Info] [patch_inplace] Submesh 2: queued 3 facial position poses (100 mapped vertices each).
[2026-09-19 23:52:00] [Info] [patch_inplace] Submesh 2: queued 3 facial position poses (180 mapped vertices each).
[2026-09-19 23:52:00] [Info] [patch_inplace] Submesh 0: 24840 vertex bytes (in-place)
[2026-09-19 23:52:00] [Info] [patch_inplace] Submesh 0 UV ch 0: 2700 bytes (in-place)
[2026-09-19 23:52:00] [Info] [patch_inplace] Submesh 0 UV ch 1: 2700 bytes (in-place)
[2026-09-19 23:52:00] [Info] [patch_inplace] Submesh 1: 732 vertex bytes (in-place)
[2026-09-19 23:52:00] [Info] [patch_inplace] Submesh 1 UV ch 0: 8 bytes (in-place)
[2026-09-19 23:52:00] [Info] [patch_inplace] Submesh 1 UV ch 1: 8 bytes (in-place)
[2026-09-19 23:52:00] [Info] [patch_inplace] Submesh 2: 4296 vertex bytes (in-place)
[2026-09-19 23:52:00] [Info] [patch_inplace] Submesh 2 UV ch 0: 2284 bytes (in-place)
[2026-09-19 23:52:00] [Info] [patch_inplace] Submesh 2 UV ch 1: 2284 bytes (in-place)
[2026-09-19 23:52:00] [Info] [patch_inplace] Writing 3 vertex, 6 UV, 0 normal, 0 shader-mode, 6 facial-pose, 0 bone-geo, 0 root-scale, 0 texture patch(es) to E:\Sluggies\Sluggies-dat-tools\3_Output_Dat\dt_na.dat ...
[2026-09-19 23:52:00] [Info] [patch_inplace] Submesh 0 vertex: wrote 24840 bytes at 0xB042400
[2026-09-19 23:52:00] [Info] [patch_inplace] Submesh 1 vertex: wrote 732 bytes at 0xB05672C
[2026-09-19 23:52:00] [Info] [patch_inplace] Submesh 2 vertex: wrote 4296 bytes at 0xB05736C
[2026-09-19 23:52:00] [Info] [patch_inplace] Submesh 0 UV ch 0: wrote 2700 bytes at 0xB048550
[2026-09-19 23:52:00] [Info] [patch_inplace] Submesh 0 UV ch 1: wrote 2700 bytes at 0xB048FDC
[2026-09-19 23:52:00] [Info] [patch_inplace] Submesh 1 UV ch 0: wrote 8 bytes at 0xB056A34
[2026-09-19 23:52:00] [Info] [patch_inplace] Submesh 1 UV ch 1: wrote 8 bytes at 0xB056A3C
[2026-09-19 23:52:00] [Info] [patch_inplace] Submesh 2 UV ch 0: wrote 2284 bytes at 0xB058460
[2026-09-19 23:52:00] [Info] [patch_inplace] Submesh 2 UV ch 1: wrote 2284 bytes at 0xB058D4C
[2026-09-19 23:52:00] [Info] [patch_inplace] Facial pose: wrote 600 bytes at 0xB09F68C
[2026-09-19 23:52:00] [Info] [patch_inplace] Facial pose: wrote 600 bytes at 0xB09F8E4
[2026-09-19 23:52:00] [Info] [patch_inplace] Facial pose: wrote 600 bytes at 0xB09FB3C
[2026-09-19 23:52:00] [Info] [patch_inplace] Facial pose: wrote 1080 bytes at 0xB0A059C
[2026-09-19 23:52:00] [Info] [patch_inplace] Facial pose: wrote 1080 bytes at 0xB0A09D4
[2026-09-19 23:52:00] [Info] [patch_inplace] Facial pose: wrote 1080 bytes at 0xB0A0E0C
[2026-09-19 23:52:00] [Info] [patch_inplace] Skin bind-pose source and weight arrays patched in-place.
[2026-09-19 23:52:00] [Info] [patch_inplace] --- Summary ---
    Vertex submeshes patched (in-place) : 3
    UV channels patched (in-place)      : 6
    Normal buffers patched (in-place)   : 0
    ShaderMode (Type-7 FourCC) patched  : 0
    Facial position poses patched       : 6
    Bone GeoId fields patched           : 0
    Root-bone SRT scale patched         : 0
    Bind-pose vertices scaled           : 0
    Textures patched (in-place)         : 0
    Textures skipped (mip layout)       : 0
    Output file                         : E:\Sluggies\Sluggies-dat-tools\3_Output_Dat\dt_na.dat
[2026-09-19 23:52:00] [Info] [patch_inplace] Done. You can now overwrite your original dt_na.dat in the game folder.
[2026-09-19 23:52:00] [Info] [dispatcher] Command completed
[2026-09-19 23:52:39] [Info] [dispatcher] Command (StartTools.bat): start.py --patch 261115040_hanachan.gpl.sluggie
[2026-09-19 23:52:39] [Info] [dispatcher] Batch menu selection: 5 - Patch model(s)
[2026-09-19 23:52:39] [Info] [dispatcher] Batch model file input: '261115040_hanachan.gpl.sluggie'
[2026-09-19 23:52:39] [Info] [dispatcher] Found: E:\Sluggies\Sluggies-dat-tools\2_Output_Models\72 Wiggler\261115040_hanachan.gpl\261115040_hanachan.gpl.sluggie
[2026-09-19 23:52:40] [Info] [patch_inplace] Mode: patch (writing edited data)
[2026-09-19 23:52:40] [Info] [patch_inplace] Output file already exists, skipping copy: E:\Sluggies\Sluggies-dat-tools\3_Output_Dat\dt_na.dat
[2026-09-19 23:52:40] [Info] [patch_inplace] Submesh 0: queued 3 facial position poses (84 mapped vertices each).
[2026-09-19 23:52:40] [Info] [patch_inplace] Submesh 0: queued 4 facial position poses (249 mapped vertices each).
[2026-09-19 23:52:40] [Info] [patch_inplace] Submesh 0: 32220 vertex bytes (in-place)
[2026-09-19 23:52:40] [Info] [patch_inplace] Submesh 0 UV ch 0: 3124 bytes (in-place)
[2026-09-19 23:52:40] [Info] [patch_inplace] Submesh 0 UV ch 1: 3124 bytes (in-place)
[2026-09-19 23:52:40] [Info] [patch_inplace] Submesh 1: no VertexBufferDataEdited data, skipping.
[2026-09-19 23:52:40] [Info] [patch_inplace] Submesh 2: no VertexBufferDataEdited data, skipping.
[2026-09-19 23:52:40] [Info] [patch_inplace] Submesh 3: no VertexBufferDataEdited data, skipping.
[2026-09-19 23:52:40] [Info] [patch_inplace] Submesh 4: no VertexBufferDataEdited data, skipping.
[2026-09-19 23:52:40] [Info] [patch_inplace] Writing 1 vertex, 2 UV, 0 normal, 0 shader-mode, 7 facial-pose, 0 bone-geo, 0 root-scale, 0 texture patch(es) to E:\Sluggies\Sluggies-dat-tools\3_Output_Dat\dt_na.dat ...
[2026-09-19 23:52:40] [Info] [patch_inplace] Submesh 0 vertex: wrote 32220 bytes at 0xF904D20
[2026-09-19 23:52:40] [Info] [patch_inplace] Submesh 0 UV ch 0: wrote 3124 bytes at 0xF90CB30
[2026-09-19 23:52:40] [Info] [patch_inplace] Submesh 0 UV ch 1: wrote 3124 bytes at 0xF90D764
[2026-09-19 23:52:40] [Info] [patch_inplace] Facial pose: wrote 1008 bytes at 0xF96466C
[2026-09-19 23:52:40] [Info] [patch_inplace] Facial pose: wrote 1008 bytes at 0xF964A5C
[2026-09-19 23:52:40] [Info] [patch_inplace] Facial pose: wrote 1008 bytes at 0xF964E4C
[2026-09-19 23:52:40] [Info] [patch_inplace] Facial pose: wrote 2988 bytes at 0xF9653B8
[2026-09-19 23:52:40] [Info] [patch_inplace] Facial pose: wrote 2988 bytes at 0xF965F64
[2026-09-19 23:52:40] [Info] [patch_inplace] Facial pose: wrote 2988 bytes at 0xF966B10
[2026-09-19 23:52:40] [Info] [patch_inplace] Facial pose: wrote 2988 bytes at 0xF9676BC
[2026-09-19 23:52:40] [Info] [patch_inplace] Skin bind-pose source and weight arrays patched in-place.
[2026-09-19 23:52:40] [Info] [patch_inplace] --- Summary ---
    Vertex submeshes patched (in-place) : 1
    UV channels patched (in-place)      : 2
    Normal buffers patched (in-place)   : 0
    ShaderMode (Type-7 FourCC) patched  : 0
    Facial position poses patched       : 7
    Bone GeoId fields patched           : 0
    Root-bone SRT scale patched         : 0
    Bind-pose vertices scaled           : 0
    Textures patched (in-place)         : 0
    Textures skipped (mip layout)       : 0
    Output file                         : E:\Sluggies\Sluggies-dat-tools\3_Output_Dat\dt_na.dat
[2026-09-19 23:52:40] [Info] [patch_inplace] Done. You can now overwrite your original dt_na.dat in the game folder.
[2026-09-19 23:52:40] [Info] [dispatcher] Command completed
[2026-09-19 23:52:51] [Info] [dispatcher] Command (StartTools.bat): start.py --patch 261522048_L_hanachan.gpl.sluggie
[2026-09-19 23:52:51] [Info] [dispatcher] Batch menu selection: 5 - Patch model(s)
[2026-09-19 23:52:51] [Info] [dispatcher] Batch model file input: '261522048_L_hanachan.gpl.sluggie'
[2026-09-19 23:52:51] [Info] [dispatcher] Found: E:\Sluggies\Sluggies-dat-tools\2_Output_Models\72 Wiggler\261522048_L_hanachan.gpl\261522048_L_hanachan.gpl.sluggie
[2026-09-19 23:52:51] [Info] [patch_inplace] Mode: patch (writing edited data)
[2026-09-19 23:52:51] [Info] [patch_inplace] Output file already exists, skipping copy: E:\Sluggies\Sluggies-dat-tools\3_Output_Dat\dt_na.dat
[2026-09-19 23:52:51] [Info] [patch_inplace] Submesh 0: 12432 vertex bytes (in-place)
[2026-09-19 23:52:51] [Info] [patch_inplace] Submesh 0 UV ch 0: 1424 bytes (in-place)
[2026-09-19 23:52:51] [Info] [patch_inplace] Submesh 0 UV ch 1: 1424 bytes (in-place)
[2026-09-19 23:52:51] [Info] [patch_inplace] Submesh 1: no VertexBufferDataEdited data, skipping.
[2026-09-19 23:52:51] [Info] [patch_inplace] Submesh 2: no VertexBufferDataEdited data, skipping.
[2026-09-19 23:52:51] [Info] [patch_inplace] Submesh 3: no VertexBufferDataEdited data, skipping.
[2026-09-19 23:52:51] [Info] [patch_inplace] Submesh 4: no VertexBufferDataEdited data, skipping.
[2026-09-19 23:52:51] [Info] [patch_inplace] Writing 1 vertex, 2 UV, 0 normal, 0 shader-mode, 0 facial-pose, 0 bone-geo, 0 root-scale, 0 texture patch(es) to E:\Sluggies\Sluggies-dat-tools\3_Output_Dat\dt_na.dat ...
[2026-09-19 23:52:51] [Info] [patch_inplace] Submesh 0 vertex: wrote 12432 bytes at 0xF968300
[2026-09-19 23:52:51] [Info] [patch_inplace] Submesh 0 UV ch 0: wrote 1424 bytes at 0xF96B3D0
[2026-09-19 23:52:51] [Info] [patch_inplace] Submesh 0 UV ch 1: wrote 1424 bytes at 0xF96B960
[2026-09-19 23:52:51] [Info] [patch_inplace] Skin bind-pose source and weight arrays patched in-place.
[2026-09-19 23:52:51] [Info] [patch_inplace] --- Summary ---
    Vertex submeshes patched (in-place) : 1
    UV channels patched (in-place)      : 2
    Normal buffers patched (in-place)   : 0
    ShaderMode (Type-7 FourCC) patched  : 0
    Facial position poses patched       : 0
    Bone GeoId fields patched           : 0
    Root-bone SRT scale patched         : 0
    Bind-pose vertices scaled           : 0
    Textures patched (in-place)         : 0
    Textures skipped (mip layout)       : 0
    Output file                         : E:\Sluggies\Sluggies-dat-tools\3_Output_Dat\dt_na.dat
[2026-09-19 23:52:51] [Info] [patch_inplace] Done. You can now overwrite your original dt_na.dat in the game folder.
[2026-09-19 23:52:51] [Info] [dispatcher] Command completed
[2026-09-19 23:53:20] [Info] [dispatcher] Command (StartTools.bat): start.py --patch 165026912_L_monte.gpl.sluggie
[2026-09-19 23:53:20] [Info] [dispatcher] Batch menu selection: 5 - Patch model(s)
[2026-09-19 23:53:20] [Info] [dispatcher] Batch model file input: '165026912_L_monte.gpl.sluggie'
[2026-09-19 23:53:20] [Info] [dispatcher] Found: E:\Sluggies\Sluggies-dat-tools\2_Output_Models\41 Yellow Pianta\165026912_L_monte.gpl\165026912_L_monte.gpl.sluggie
[2026-09-19 23:53:20] [Info] [patch_inplace] Mode: patch (writing edited data)
[2026-09-19 23:53:20] [Info] [patch_inplace] Output file already exists, skipping copy: E:\Sluggies\Sluggies-dat-tools\3_Output_Dat\dt_na.dat
[2026-09-19 23:53:20] [Info] [patch_inplace] Submesh 0: 10980 vertex bytes (in-place)
[2026-09-19 23:53:20] [Info] [patch_inplace] Submesh 0 UV ch 0: 340 bytes (in-place)
[2026-09-19 23:53:20] [Info] [patch_inplace] Submesh 0 UV ch 1: 340 bytes (in-place)
[2026-09-19 23:53:20] [Info] [patch_inplace] Writing 1 vertex, 2 UV, 0 normal, 0 shader-mode, 0 facial-pose, 0 bone-geo, 0 root-scale, 0 texture patch(es) to E:\Sluggies\Sluggies-dat-tools\3_Output_Dat\dt_na.dat ...
[2026-09-19 23:53:20] [Info] [patch_inplace] Submesh 0 vertex: wrote 10980 bytes at 0x9D61CC0
[2026-09-19 23:53:20] [Info] [patch_inplace] Submesh 0 UV ch 0: wrote 340 bytes at 0x9D647F0
[2026-09-19 23:53:20] [Info] [patch_inplace] Submesh 0 UV ch 1: wrote 340 bytes at 0x9D64944
[2026-09-19 23:53:20] [Info] [patch_inplace] Skin bind-pose source and weight arrays patched in-place.
[2026-09-19 23:53:20] [Info] [patch_inplace] --- Summary ---
    Vertex submeshes patched (in-place) : 1
    UV channels patched (in-place)      : 2
    Normal buffers patched (in-place)   : 0
    ShaderMode (Type-7 FourCC) patched  : 0
    Facial position poses patched       : 0
    Bone GeoId fields patched           : 0
    Root-bone SRT scale patched         : 0
    Bind-pose vertices scaled           : 0
    Textures patched (in-place)         : 0
    Textures skipped (mip layout)       : 0
    Output file                         : E:\Sluggies\Sluggies-dat-tools\3_Output_Dat\dt_na.dat
[2026-09-19 23:53:20] [Info] [patch_inplace] Done. You can now overwrite your original dt_na.dat in the game folder.
[2026-09-19 23:53:20] [Info] [dispatcher] Command completed
[2026-09-19 23:53:32] [Info] [dispatcher] Command (StartTools.bat): start.py --patch 164758272_monte.gpl.sluggie
[2026-09-19 23:53:32] [Info] [dispatcher] Batch menu selection: 5 - Patch model(s)
[2026-09-19 23:53:32] [Info] [dispatcher] Batch model file input: '164758272_monte.gpl.sluggie'
[2026-09-19 23:53:32] [Info] [dispatcher] Found: E:\Sluggies\Sluggies-dat-tools\2_Output_Models\41 Yellow Pianta\164758272_monte.gpl\164758272_monte.gpl.sluggie
[2026-09-19 23:53:32] [Info] [patch_inplace] Mode: patch (writing edited data)
[2026-09-19 23:53:32] [Info] [patch_inplace] Output file already exists, skipping copy: E:\Sluggies\Sluggies-dat-tools\3_Output_Dat\dt_na.dat
[2026-09-19 23:53:32] [Info] [patch_inplace] Submesh 0: 21576 vertex bytes (in-place)
[2026-09-19 23:53:32] [Info] [patch_inplace] Submesh 0 UV ch 0: 1052 bytes (in-place)
[2026-09-19 23:53:32] [Info] [patch_inplace] Submesh 0 UV ch 1: 1052 bytes (in-place)
[2026-09-19 23:53:32] [Info] [patch_inplace] Writing 1 vertex, 2 UV, 0 normal, 0 shader-mode, 0 facial-pose, 0 bone-geo, 0 root-scale, 0 texture patch(es) to E:\Sluggies\Sluggies-dat-tools\3_Output_Dat\dt_na.dat ...
[2026-09-19 23:53:32] [Info] [patch_inplace] Submesh 0 vertex: wrote 21576 bytes at 0x9D20360
[2026-09-19 23:53:32] [Info] [patch_inplace] Submesh 0 UV ch 0: wrote 1052 bytes at 0x9D257F0
[2026-09-19 23:53:32] [Info] [patch_inplace] Submesh 0 UV ch 1: wrote 1052 bytes at 0x9D25C0C
[2026-09-19 23:53:32] [Info] [patch_inplace] Skin bind-pose source and weight arrays patched in-place.
[2026-09-19 23:53:32] [Info] [patch_inplace] --- Summary ---
    Vertex submeshes patched (in-place) : 1
    UV channels patched (in-place)      : 2
    Normal buffers patched (in-place)   : 0
    ShaderMode (Type-7 FourCC) patched  : 0
    Facial position poses patched       : 0
    Bone GeoId fields patched           : 0
    Root-bone SRT scale patched         : 0
    Bind-pose vertices scaled           : 0
    Textures patched (in-place)         : 0
    Textures skipped (mip layout)       : 0
    Output file                         : E:\Sluggies\Sluggies-dat-tools\3_Output_Dat\dt_na.dat
[2026-09-19 23:53:32] [Info] [patch_inplace] Done. You can now overwrite your original dt_na.dat in the game folder.
[2026-09-19 23:53:32] [Info] [dispatcher] Command completed
[2026-09-19 23:54:37] [Info] [dispatcher] Command (StartTools.bat): start.py --patch 318192832_yoshi.gpl.sluggie
[2026-09-19 23:54:37] [Info] [dispatcher] Batch menu selection: 5 - Patch model(s)
[2026-09-19 23:54:37] [Info] [dispatcher] Batch model file input: '318192832_yoshi.gpl.sluggie'
[2026-09-19 23:54:37] [Info] [dispatcher] Found: E:\Sluggies\Sluggies-dat-tools\2_Output_Models\88 Pink Yoshi\318192832_yoshi.gpl\318192832_yoshi.gpl.sluggie
[2026-09-19 23:54:37] [Info] [patch_inplace] Mode: patch (writing edited data)
[2026-09-19 23:54:37] [Info] [patch_inplace] Output file already exists, skipping copy: E:\Sluggies\Sluggies-dat-tools\3_Output_Dat\dt_na.dat
[2026-09-19 23:54:37] [Info] [patch_inplace] Submesh 0: queued 3 facial position poses (215 mapped vertices each).
[2026-09-19 23:54:37] [Info] [patch_inplace] Submesh 0: 33792 vertex bytes (in-place)
[2026-09-19 23:54:37] [Info] [patch_inplace] Submesh 0 UV ch 0: 5320 bytes (in-place)
[2026-09-19 23:54:37] [Info] [patch_inplace] Submesh 0 UV ch 1: 5320 bytes (in-place)
[2026-09-19 23:54:37] [Info] [patch_inplace] Submesh 1: 774 vertex bytes (in-place)
[2026-09-19 23:54:37] [Info] [patch_inplace] Submesh 1 UV ch 0: 596 bytes (in-place)
[2026-09-19 23:54:37] [Info] [patch_inplace] Submesh 1 UV ch 1: 596 bytes (in-place)
[2026-09-19 23:54:37] [Info] [patch_inplace] Writing 2 vertex, 4 UV, 0 normal, 0 shader-mode, 3 facial-pose, 0 bone-geo, 0 root-scale, 0 texture patch(es) to E:\Sluggies\Sluggies-dat-tools\3_Output_Dat\dt_na.dat ...
[2026-09-19 23:54:37] [Info] [patch_inplace] Submesh 0 vertex: wrote 33792 bytes at 0x12F73D40
[2026-09-19 23:54:37] [Info] [patch_inplace] Submesh 1 vertex: wrote 774 bytes at 0x12F91DCC
[2026-09-19 23:54:37] [Info] [patch_inplace] Submesh 0 UV ch 0: wrote 5320 bytes at 0x12F7C170
[2026-09-19 23:54:37] [Info] [patch_inplace] Submesh 0 UV ch 1: wrote 5320 bytes at 0x12F7D638
[2026-09-19 23:54:37] [Info] [patch_inplace] Submesh 1 UV ch 0: wrote 596 bytes at 0x12F92100
[2026-09-19 23:54:37] [Info] [patch_inplace] Submesh 1 UV ch 1: wrote 596 bytes at 0x12F92354
[2026-09-19 23:54:37] [Info] [patch_inplace] Facial pose: wrote 2580 bytes at 0x12FC7CEC
[2026-09-19 23:54:37] [Info] [patch_inplace] Facial pose: wrote 2580 bytes at 0x12FC8700
[2026-09-19 23:54:37] [Info] [patch_inplace] Facial pose: wrote 2580 bytes at 0x12FC9114
[2026-09-19 23:54:37] [Info] [patch_inplace] Skin bind-pose source and weight arrays patched in-place.
[2026-09-19 23:54:37] [Info] [patch_inplace] --- Summary ---
    Vertex submeshes patched (in-place) : 2
    UV channels patched (in-place)      : 4
    Normal buffers patched (in-place)   : 0
    ShaderMode (Type-7 FourCC) patched  : 0
    Facial position poses patched       : 3
    Bone GeoId fields patched           : 0
    Root-bone SRT scale patched         : 0
    Bind-pose vertices scaled           : 0
    Textures patched (in-place)         : 0
    Textures skipped (mip layout)       : 0
    Output file                         : E:\Sluggies\Sluggies-dat-tools\3_Output_Dat\dt_na.dat
[2026-09-19 23:54:37] [Info] [patch_inplace] Done. You can now overwrite your original dt_na.dat in the game folder.
[2026-09-19 23:54:37] [Info] [dispatcher] Command completed
[2026-09-19 23:54:57] [Info] [dispatcher] Command (StartTools.bat): start.py --patch 318544704_L_yoshi.gpl.sluggie
[2026-09-19 23:54:57] [Info] [dispatcher] Batch menu selection: 5 - Patch model(s)
[2026-09-19 23:54:57] [Info] [dispatcher] Batch model file input: '318544704_L_yoshi.gpl.sluggie'
[2026-09-19 23:54:57] [Info] [dispatcher] Found: E:\Sluggies\Sluggies-dat-tools\2_Output_Models\88 Pink Yoshi\318544704_L_yoshi.gpl\318544704_L_yoshi.gpl.sluggie
[2026-09-19 23:54:57] [Info] [patch_inplace] Mode: patch (writing edited data)
[2026-09-19 23:54:57] [Info] [patch_inplace] Output file already exists, skipping copy: E:\Sluggies\Sluggies-dat-tools\3_Output_Dat\dt_na.dat
[2026-09-19 23:54:57] [Info] [patch_inplace] Submesh 0: 13896 vertex bytes (in-place)
[2026-09-19 23:54:57] [Info] [patch_inplace] Submesh 0 UV ch 0: 1900 bytes (in-place)
[2026-09-19 23:54:57] [Info] [patch_inplace] Submesh 0 UV ch 1: 1900 bytes (in-place)
[2026-09-19 23:54:57] [Info] [patch_inplace] Submesh 1: 246 vertex bytes (in-place)
[2026-09-19 23:54:57] [Info] [patch_inplace] Submesh 1 UV ch 0: 128 bytes (in-place)
[2026-09-19 23:54:57] [Info] [patch_inplace] Submesh 1 UV ch 1: 128 bytes (in-place)
[2026-09-19 23:54:57] [Info] [patch_inplace] Writing 2 vertex, 4 UV, 0 normal, 0 shader-mode, 0 facial-pose, 0 bone-geo, 0 root-scale, 0 texture patch(es) to E:\Sluggies\Sluggies-dat-tools\3_Output_Dat\dt_na.dat ...
[2026-09-19 23:54:57] [Info] [patch_inplace] Submesh 0 vertex: wrote 13896 bytes at 0x12FC9BC0
[2026-09-19 23:54:57] [Info] [patch_inplace] Submesh 1 vertex: wrote 246 bytes at 0x12FD5ECC
[2026-09-19 23:54:57] [Info] [patch_inplace] Submesh 0 UV ch 0: wrote 1900 bytes at 0x12FCD250
[2026-09-19 23:54:57] [Info] [patch_inplace] Submesh 0 UV ch 1: wrote 1900 bytes at 0x12FCD9BC
[2026-09-19 23:54:57] [Info] [patch_inplace] Submesh 1 UV ch 0: wrote 128 bytes at 0x12FD5FF0
[2026-09-19 23:54:57] [Info] [patch_inplace] Submesh 1 UV ch 1: wrote 128 bytes at 0x12FD6070
[2026-09-19 23:54:57] [Info] [patch_inplace] Skin bind-pose source and weight arrays patched in-place.
[2026-09-19 23:54:57] [Info] [patch_inplace] --- Summary ---
    Vertex submeshes patched (in-place) : 2
    UV channels patched (in-place)      : 4
    Normal buffers patched (in-place)   : 0
    ShaderMode (Type-7 FourCC) patched  : 0
    Facial position poses patched       : 0
    Bone GeoId fields patched           : 0
    Root-bone SRT scale patched         : 0
    Bind-pose vertices scaled           : 0
    Textures patched (in-place)         : 0
    Textures skipped (mip layout)       : 0
    Output file                         : E:\Sluggies\Sluggies-dat-tools\3_Output_Dat\dt_na.dat
[2026-09-19 23:54:57] [Info] [patch_inplace] Done. You can now overwrite your original dt_na.dat in the game folder.
[2026-09-19 23:54:57] [Info] [dispatcher] Command completed
[2026-09-20 00:32:37] [Info] [hammerspace.main] [CloneACT] 7,392 bytes from block+0x1FA40
[2026-09-20 00:32:37] [Info] [hammerspace.main] [CloneACT] 7,392 bytes from block+0x1FA40
[2026-09-20 00:32:37] [Info] [hammerspace.main] [ACT] custom submesh 'custom0': bone 52 GeoId -> 3 at ACT+0x5E4 (section-relative; stable across hammerspace relocation)
[2026-09-20 00:32:37] [Info] [hammerspace.main] [CloneACT] 7,392 bytes from block+0x1FA40
[2026-09-20 00:32:37] [Info] [hammerspace.main] [ACT] custom submesh 'custom0': bone 52 GeoId -> 3 at ACT+0x5E4 (section-relative; stable across hammerspace relocation)
[2026-09-20 00:32:37] [Info] [hammerspace.main] [CloneACT] 7,392 bytes from block+0x1FA40
[2026-09-20 00:32:37] [Info] [hammerspace.main] [ACT] custom submesh 'custom0': bone 52 GeoId -> 3 at ACT+0x5E4 (section-relative; stable across hammerspace relocation)
[2026-09-20 00:32:38] [Info] [hammerspace.main] [CloneGPL] 129,568 bytes from block+0x20
[2026-09-20 00:32:38] [Info] [hammerspace.main] [GPL] appended custom submesh 'custom0' as submesh 4 (host bone 52, template builtin:rigid_spec_v1)
[2026-09-20 00:32:38] [Info] [hammerspace.main] [CloneACT] 7,392 bytes from block+0x1FA40
[2026-09-20 00:32:38] [Info] [hammerspace.main] [ACT] bone 2 GeoId -> 3 at ACT+0x6C (GeoIdEdited retarget; section-relative, stable across hammerspace relocation)
[2026-09-20 00:32:38] [Info] [hammerspace.main] [ACT] custom submesh 'custom0': bone 52 GeoId -> 4 at ACT+0x5E4 (section-relative; stable across hammerspace relocation)
[2026-09-20 00:32:38] [Info] [hammerspace.main] [CloneACT] 7,392 bytes from block+0x1FA40
[2026-09-20 00:32:38] [Info] [hammerspace.main] [CloneTEX] 248,000 bytes from block+0x21720
[2026-09-20 00:32:38] [Info] [hammerspace.main] [CloneSKN] 38,208 bytes from block+0x5DFE0
[2026-09-20 00:32:38] [Info] [hammerspace.main] [CloneHEADER] 0x20 bytes from offset 0x04AA6C20
[2026-09-20 00:32:38] [Info] [hammerspace.main] [HDR] +0x18 patched: 0x00067520 → 0x00078CE0
[2026-09-20 00:32:38] [Info] [hammerspace.main] [CloneGPL] 129,568 bytes from block+0x20
[2026-09-20 00:32:38] [Info] [hammerspace.main] [GPL] appended custom submesh 'custom0' as submesh 4 (host bone 52, template builtin:rigid_spec_v1)
[2026-09-20 00:32:38] [Info] [hammerspace.main] [CloneACT] 7,392 bytes from block+0x1FA40
[2026-09-20 00:32:38] [Info] [hammerspace.main] [ACT] bone 2 GeoId -> 3 at ACT+0x6C (GeoIdEdited retarget; section-relative, stable across hammerspace relocation)
[2026-09-20 00:32:38] [Info] [hammerspace.main] [ACT] custom submesh 'custom0': bone 52 GeoId -> 4 at ACT+0x5E4 (section-relative; stable across hammerspace relocation)
[2026-09-20 00:32:38] [Info] [hammerspace.main] [CloneACT] 7,392 bytes from block+0x1FA40
[2026-09-20 00:32:38] [Info] [hammerspace.main] [CloneTEX] 248,000 bytes from block+0x21720
[2026-09-20 00:32:38] [Info] [hammerspace.main] [CloneSKN] 38,208 bytes from block+0x5DFE0
[2026-09-20 00:32:38] [Info] [hammerspace.main] [CloneHEADER] 0x20 bytes from offset 0x04AA6C20
[2026-09-20 00:32:38] [Info] [hammerspace.main] [HDR] +0x18 patched: 0x00067520 → 0x00078CE0
[2026-09-20 00:32:38] [Info] [hammerspace.main] [CloneGPL] 129,568 bytes from block+0x20
[2026-09-20 00:32:38] [Info] [hammerspace.main] [GPL] appended custom submesh 'custom0' as submesh 4 (host bone 52, template builtin:rigid_spec_v1)
[2026-09-20 00:32:38] [Info] [hammerspace.main] [CloneACT] 7,392 bytes from block+0x1FA40
[2026-09-20 00:32:38] [Info] [hammerspace.main] [ACT] bone 2 GeoId -> 3 at ACT+0x6C (GeoIdEdited retarget; section-relative, stable across hammerspace relocation)
[2026-09-20 00:32:38] [Info] [hammerspace.main] [ACT] custom submesh 'custom0': bone 52 GeoId -> 4 at ACT+0x5E4 (section-relative; stable across hammerspace relocation)
[2026-09-20 00:32:38] [Info] [hammerspace.main] [CloneACT] 7,392 bytes from block+0x1FA40
[2026-09-20 00:32:38] [Info] [hammerspace.main] [CloneTEX] 248,000 bytes from block+0x21720
[2026-09-20 00:32:38] [Info] [hammerspace.main] [CloneSKN] 38,208 bytes from block+0x5DFE0
[2026-09-20 00:32:38] [Info] [hammerspace.main] [CloneHEADER] 0x20 bytes from offset 0x04AA6C20
[2026-09-20 00:32:38] [Info] [hammerspace.main] [HDR] +0x18 patched: 0x00067520 → 0x00078CE0
[2026-09-20 00:32:38] [Info] [hammerspace.main] [CloneGPL] 129,568 bytes from block+0x20
[2026-09-20 00:32:38] [Info] [hammerspace.main] [GPL] appended custom submesh 'custom0' as submesh 4 (host bone 52, template builtin:rigid_spec_v1)
[2026-09-20 00:32:38] [Info] [hammerspace.main] [CloneACT] 7,392 bytes from block+0x1FA40
[2026-09-20 00:32:38] [Info] [hammerspace.main] [ACT] bone 2 GeoId -> 3 at ACT+0x6C (GeoIdEdited retarget; section-relative, stable across hammerspace relocation)
[2026-09-20 00:32:38] [Info] [hammerspace.main] [ACT] custom submesh 'custom0': bone 52 GeoId -> 4 at ACT+0x5E4 (section-relative; stable across hammerspace relocation)
[2026-09-20 00:32:38] [Info] [hammerspace.main] [CloneACT] 7,392 bytes from block+0x1FA40
[2026-09-20 00:32:38] [Info] [hammerspace.main] [CloneTEX] 248,000 bytes from block+0x21720
[2026-09-20 00:32:38] [Info] [hammerspace.main] [CloneSKN] 38,208 bytes from block+0x5DFE0
[2026-09-20 00:32:38] [Info] [hammerspace.main] [CloneHEADER] 0x20 bytes from offset 0x04AA6C20
[2026-09-20 00:32:38] [Info] [hammerspace.main] [HDR] +0x18 patched: 0x00067520 → 0x00078CE0
[2026-09-20 00:32:40] [Info] [geometry.rebuild] [M3.3] sub0 color: 4 donor entries -> 4 compact; indices rebuilt
[2026-09-20 00:32:40] [Info] [geometry.rebuild] [M3.2] sub0: rebuilt draw states [1]; descriptor upgrades []; triangulated 0 irreducible GX blocks
[2026-09-20 00:32:40] [Info] [geometry.rebuild] [M3.3] sub0 color: 4 donor entries -> 4 compact; indices preserved
[2026-09-20 00:32:40] [Info] [hammerspace.main] [CloneGPL] 129,568 bytes from block+0x20
[2026-09-20 00:32:40] [Info] [hammerspace.main] [GPL] patched position array sub0 at GPL+0x60 (22,224 bytes)
[2026-09-20 00:32:40] [Info] [hammerspace.main] [GPL] appended custom submesh 'custom0' as submesh 3 (host bone 2, template builtin:rigid_spec_v1)
[2026-09-20 00:32:40] [Info] [hammerspace.main] [CloneACT] 7,392 bytes from block+0x1FA40
[2026-09-20 00:32:40] [Info] [hammerspace.main] [ACT] custom submesh 'custom0': bone 2 GeoId -> 3 at ACT+0x6C (section-relative; stable across hammerspace relocation)
[2026-09-20 00:32:40] [Info] [hammerspace.main] [CloneACT] 7,392 bytes from block+0x1FA40
[2026-09-20 00:32:40] [Info] [hammerspace.main] [CloneTEX] 248,000 bytes from block+0x21720
[2026-09-20 00:32:40] [Info] [hammerspace.main] [CloneSKN] 38,208 bytes from block+0x5DFE0
[2026-09-20 00:32:40] [Info] [hammerspace.main] [CloneHEADER] 0x20 bytes from offset 0x04AA6C20
[2026-09-20 00:32:40] [Info] [hammerspace.main] [HDR] +0x18 patched: 0x00067520 → 0x00067780
[2026-09-20 00:32:40] [Info] [hammerspace.main] [CloneGPL] 129,568 bytes from block+0x20
[2026-09-20 00:32:40] [Info] [hammerspace.main] [GPL] patched position array sub0 at GPL+0x60 (22,224 bytes)
[2026-09-20 00:32:40] [Info] [hammerspace.main] [GPL] appended custom submesh 'custom0' as submesh 3 (host bone 2, template builtin:rigid_spec_v1)
[2026-09-20 00:32:40] [Info] [hammerspace.main] [CloneACT] 7,392 bytes from block+0x1FA40
[2026-09-20 00:32:40] [Info] [hammerspace.main] [ACT] custom submesh 'custom0': bone 2 GeoId -> 3 at ACT+0x6C (section-relative; stable across hammerspace relocation)
[2026-09-20 00:32:40] [Info] [hammerspace.main] [CloneACT] 7,392 bytes from block+0x1FA40
[2026-09-20 00:32:40] [Info] [hammerspace.main] [CloneTEX] 248,000 bytes from block+0x21720
[2026-09-20 00:32:40] [Info] [hammerspace.main] [CloneSKN] 38,208 bytes from block+0x5DFE0
[2026-09-20 00:32:40] [Info] [hammerspace.main] [CloneHEADER] 0x20 bytes from offset 0x04AA6C20
[2026-09-20 00:32:40] [Info] [hammerspace.main] [HDR] +0x18 patched: 0x00067520 → 0x00067780
[2026-09-20 00:32:40] [Info] [hammerspace.main] [CloneGPL] 129,568 bytes from block+0x20
[2026-09-20 00:32:40] [Info] [hammerspace.main] [GPL] patched position array sub0 at GPL+0x60 (22,224 bytes)
[2026-09-20 00:32:40] [Info] [hammerspace.main] [GPL] appended custom submesh 'custom0' as submesh 3 (host bone 2, template rigid:sm1_ds5)
[2026-09-20 00:32:40] [Info] [hammerspace.main] [CloneACT] 7,392 bytes from block+0x1FA40
[2026-09-20 00:32:40] [Info] [hammerspace.main] [ACT] custom submesh 'custom0': bone 2 GeoId -> 3 at ACT+0x6C (section-relative; stable across hammerspace relocation)
[2026-09-20 00:32:40] [Info] [hammerspace.main] [CloneACT] 7,392 bytes from block+0x1FA40
[2026-09-20 00:32:40] [Info] [hammerspace.main] [CloneTEX] 248,000 bytes from block+0x21720
[2026-09-20 00:32:40] [Info] [hammerspace.main] [CloneSKN] 38,208 bytes from block+0x5DFE0
[2026-09-20 00:32:40] [Info] [hammerspace.main] [CloneHEADER] 0x20 bytes from offset 0x04AA6C20
[2026-09-20 00:32:40] [Info] [hammerspace.main] [HDR] +0x18 patched: 0x00067520 → 0x000677C0
[2026-09-20 00:32:40] [Info] [hammerspace.main] [CloneGPL] 129,568 bytes from block+0x20
[2026-09-20 00:32:40] [Info] [hammerspace.main] [GPL] patched position array sub0 at GPL+0x60 (22,224 bytes)
[2026-09-20 00:32:40] [Info] [hammerspace.main] [GPL] appended custom submesh 'custom0' as submesh 3 (host bone 2, template derived:sm0_ds5)
[2026-09-20 00:32:40] [Info] [hammerspace.main] [CloneACT] 7,392 bytes from block+0x1FA40
[2026-09-20 00:32:40] [Info] [hammerspace.main] [ACT] custom submesh 'custom0': bone 2 GeoId -> 3 at ACT+0x6C (section-relative; stable across hammerspace relocation)
[2026-09-20 00:32:40] [Info] [hammerspace.main] [CloneACT] 7,392 bytes from block+0x1FA40
[2026-09-20 00:32:40] [Info] [hammerspace.main] [CloneTEX] 248,000 bytes from block+0x21720
[2026-09-20 00:32:40] [Info] [hammerspace.main] [CloneSKN] 38,208 bytes from block+0x5DFE0
[2026-09-20 00:32:40] [Info] [hammerspace.main] [CloneHEADER] 0x20 bytes from offset 0x04AA6C20
[2026-09-20 00:32:40] [Info] [hammerspace.main] [HDR] +0x18 patched: 0x00067520 → 0x00067780
[2026-09-20 00:32:40] [Info] [hammerspace.main] [CloneGPL] 129,568 bytes from block+0x20
[2026-09-20 00:32:40] [Info] [hammerspace.main] [GPL] patched position array sub0 at GPL+0x60 (22,224 bytes)
[2026-09-20 00:32:40] [Info] [hammerspace.main] [GPL] appended custom submesh 'custom0' as submesh 3 (host bone 2, template builtin:rigid_spec_v1)
[2026-09-20 00:32:40] [Info] [hammerspace.main] [CloneACT] 7,392 bytes from block+0x1FA40
[2026-09-20 00:32:40] [Info] [hammerspace.main] [ACT] custom submesh 'custom0': bone 2 GeoId -> 3 at ACT+0x6C (section-relative; stable across hammerspace relocation)
[2026-09-20 00:32:40] [Info] [hammerspace.main] [CloneACT] 7,392 bytes from block+0x1FA40
[2026-09-20 00:32:40] [Info] [hammerspace.main] [CloneTEX] 248,000 bytes from block+0x21720
[2026-09-20 00:32:40] [Info] [hammerspace.main] [CloneSKN] 38,208 bytes from block+0x5DFE0
[2026-09-20 00:32:40] [Info] [hammerspace.main] [CloneHEADER] 0x20 bytes from offset 0x04AA6C20
[2026-09-20 00:32:40] [Info] [hammerspace.main] [HDR] +0x18 patched: 0x00067520 → 0x00067780
[2026-09-20 00:32:41] [Info] [dispatcher] Resolved PNG '0.png' → model.sluggie texture 0
[2026-09-20 00:32:41] [Info] [dispatcher] Resolved PNG '0.png' → model.sluggie texture 0
[2026-09-20 00:32:41] [Info] [dispatcher] Found: C:\Users\gerno\AppData\Local\Temp\tmpha_0qal2\model.sluggie
[2026-09-20 00:32:41] [Info] [dispatcher] Resolved PNG '0.png' → model.sluggie texture 0
[2026-09-20 00:32:41] [Info] [dispatcher] Found: C:\Users\gerno\AppData\Local\Temp\tmprr1dx0a0\model.sluggie
[2026-09-20 00:32:41] [Warning] [act] bone 0 is not relative
[2026-09-20 00:32:41] [Warning] [act] bone 0 is not relative
[2026-09-20 00:32:41] [Warning] [act] bone 0 is not relative
[2026-09-20 00:32:41] [Info] [hammerspace.helper] [1] Current DOL entry: chunk=0, file_index=0, offset=0x00000008 (8), length=0x00000008 (8 bytes)
[2026-09-20 00:32:41] [Info] [hammerspace.helper] [2] Original DOL entry: offset=0x00000008 (8), length=0x00000008 (8 bytes)
[2026-09-20 00:32:41] [Info] [hammerspace.helper] DOL entry was already restored; original model bytes were repaired and verified.
[2026-09-20 00:32:41] [Info] [hammerspace.helper] [1] Current DOL entry: chunk=0, file_index=0, offset=0x00000040 (64), length=0x00000008 (8 bytes)
[2026-09-20 00:32:41] [Info] [hammerspace.helper] [2] Original DOL entry: offset=0x00000008 (8), length=0x00000008 (8 bytes)
[2026-09-20 00:32:41] [Info] [hammerspace.helper] [3] Restored and verified 8 original model bytes at 0x00000008.
[2026-09-20 00:32:41] [Info] [hammerspace.helper] [4] Restoring original DOL entry ...
[2026-09-20 00:32:41] [Info] [hammerspace.helper] [5] Zeroing 8 bytes at 0x00000040 in OUTPUT dt_na.dat ...
[2026-09-20 00:32:41] [Info] [hammerspace.helper]     Zeroed 8 bytes.
[2026-09-20 00:32:41] [Info] [hammerspace.helper] Done. chunk=0, file_index=0 removed from hammerspace.
[2026-09-20 00:32:42] [Info] [hammerspace.main] [ACT] bone 5 GeoId -> 65535 at ACT+0x20 (GeoIdEdited retarget; section-relative, stable across hammerspace relocation)
[2026-09-20 00:32:42] [Info] [hammerspace.main] [ACT] custom submesh 'custom0': bone 5 GeoId -> 2 at ACT+0x20 (section-relative; stable across hammerspace relocation)
[2026-09-20 00:32:42] [Info] [hammerspace.main] [ACT] bone 6 GeoId -> 1 at ACT+0x28 (GeoIdEdited retarget; section-relative, stable across hammerspace relocation)
[2026-09-20 00:32:42] [Info] [hammerspace.main] [ACT] bone 5 GeoId -> 65535 at ACT+0x20 (GeoIdEdited retarget; section-relative, stable across hammerspace relocation)
[2026-09-20 00:32:42] [Info] [hammerspace.main] [ACT] custom submesh 'custom0': bone 5 GeoId -> 1 at ACT+0x20 (section-relative; stable across hammerspace relocation)
[2026-09-20 00:32:42] [Info] [hammerspace.main] [ACT] custom submesh 'custom1': bone 6 GeoId -> 2 at ACT+0x28 (section-relative; stable across hammerspace relocation)
[2026-09-20 00:32:42] [Info] [hammerspace.main] [ACT] custom submesh 'custom0': bone 5 GeoId -> 2 at ACT+0x20 (section-relative; stable across hammerspace relocation)
[2026-09-20 00:32:42] [Error] [hammerspace.main] Bone 1: SRTOffset 0x103F is before the ACT section start (0x1040); the .sluggie's SRTOffset metadata does not match this model's ACT section layout. Re-export the model with the latest SluggiesTools export.py, then export from Blender again.
[2026-09-20 00:32:42] [Info] [hammerspace.main] [ACT] root-bone SRT scale: bone 1 wrote 400000003fc000003f800000 at ACT+0x54 (section-relative; stable across hammerspace relocation)
[2026-09-20 00:32:42] [Info] [hammerspace.main] [Container] DOL entry is an archive: 3 slots, 3 populated; rebuilding slot 1 at +0x60 and carrying the other 2 member(s) along
[2026-09-20 00:32:42] [Info] [hammerspace.main] [Container] archive slot 1 64 -> 192 bytes; 1 later slot(s) shifted by +128; archive 256 -> 384 bytes
[2026-09-20 00:32:42] [Info] [hammerspace.main] [Container] preserving 32-byte DOL entry prefix; inner model starts at +0x20
[2026-09-20 00:32:42] [Info] [hammerspace.main] [Container] DOL entry is an archive: 3 slots, 3 populated; rebuilding slot 1 at +0x60 and carrying the other 2 member(s) along
[2026-09-20 00:32:42] [Info] [hammerspace.main] [Container] archive slot 1 64 -> 192 bytes; 1 later slot(s) shifted by +128; archive 256 -> 384 bytes
[2026-09-20 00:32:42] [Info] [hammerspace.main] [Container] DOL entry is an archive: 3 slots, 3 populated; rebuilding slot 1 at +0x60 and carrying the other 2 member(s) along
[2026-09-20 00:32:42] [Info] [hammerspace.main] [Container] archive slot 1 64 -> 192 bytes; 1 later slot(s) shifted by +128; archive 256 -> 384 bytes
[2026-09-20 00:32:42] [Info] [hammerspace.main] [CloneGPL] 4 bytes from block+0x20
[2026-09-20 00:32:42] [Info] [hammerspace.main] [HDR] +0x18 patched: 0x00000180 → 0x00000100
[2026-09-20 00:32:42] [Info] [hammerspace.main] [HDR] +0x14 patched: 0x00000100 → 0x000000A0
[2026-09-20 00:32:42] [Info] [hammerspace.main] [HDR] +0x18 patched: 0x00000140 → 0x000000E0
[2026-09-20 00:32:42] [Info] [hammerspace.main] [HDR] +0x1C patched: 0x00000180 → 0x00000120
[2026-09-20 00:32:42] [Info] [hammerspace.main] [GPL] patched material state sub0 ds0 at GPL+0x10
[2026-09-20 00:32:42] [Info] [hammerspace.main] [GPL] patched material state sub0 ds1 at GPL+0x20
[2026-09-20 00:32:42] [Info] [hammerspace.main] [GPL] patched position array sub0 at GPL+0x10 (6 bytes)
[2026-09-20 00:32:42] [Info] [hammerspace.main] Model already in hammerspace at 0x00003000; keeping the old route live until replacement commits
[2026-09-20 00:32:42] [Info] [hammerspace.main] Hammerspace Log: Replaced | Model: fixture.sluggie | Old address: 0x00003000 | Old size: 0.00 MB
[2026-09-20 00:32:42] [Info] [hammerspace.main] Hammerspace Log: Written | Model: fixture.sluggie | Chunk: 18 | File: 0 | Address: 0x00004000 | Size: 0.00 MB | Modes: {'GPL': 'clone', 'ACT': 'clone', 'TEX': 'clone', 'SKN': 'clone', 'trailing': 'clone'}
[2026-09-20 00:32:42] [Info] [hammerspace.main] Model already in hammerspace at 0x00003000; keeping the old route live until replacement commits
[2026-09-20 00:32:42] [Info] [hammerspace.main] Model already in hammerspace at 0x00003000; keeping the old route live until replacement commits
[2026-09-20 00:32:42] [Info] [hammerspace.main] Hammerspace Log: Replaced | Model: fixture.sluggie | Old address: 0x00003000 | Old size: 0.00 MB
[2026-09-20 00:32:42] [Info] [hammerspace.main] Hammerspace Log: Written | Model: fixture.sluggie | Chunk: 18 | File: 0 | Address: 0x00004000 | Size: 0.00 MB | Modes: {'GPL': 'clone', 'ACT': 'clone', 'TEX': 'clone', 'SKN': 'clone', 'trailing': 'clone'}
[2026-09-20 00:32:42] [Info] [hammerspace.main] Model already in hammerspace at 0x00003000; keeping the old route live until replacement commits
[2026-09-20 00:32:42] [Info] [hammerspace.main] [GPL] appended UV array sub0 uv0 at GPL+0x80 (8 bytes)
[2026-09-20 00:32:42] [Info] [hammerspace.main] [GPL] appended primitive list sub0 ds0 (32 bytes)
[2026-09-20 00:32:42] [Info] [hammerspace.main] [GPL] patched UV array sub0 uv0 at GPL+0x14 (4 bytes)
[2026-09-20 00:32:42] [Info] [hammerspace.main] Hammerspace Log: Written | Model: fixture.sluggie | Chunk: 18 | File: 0 | Address: 0x00001020 | Size: 0.00 MB | Modes: {'GPL': 'clone', 'ACT': 'clone', 'TEX': 'clone', 'SKN': 'clone', 'trailing': 'clone'}
[2026-09-20 00:32:42] [Info] [hammerspace.main] Hammerspace Log: Written | Model: fixture.sluggie | Chunk: 18 | File: 0 | Address: 0x00002000 | Size: 0.00 MB | Modes: {'GPL': 'clone', 'ACT': 'clone', 'TEX': 'clone', 'SKN': 'clone', 'trailing': 'clone'}
[2026-09-20 00:32:42] [Warning] [hammerspace.main] [SKN] SK1/SK2 destinations are not cache-line exclusive; source arrays packed sequentially instead of mirroring the position buffer (donor layout rule) — facial poses on skinned vertices may break in-game
[2026-09-20 00:32:42] [Info] [hammerspace.main] [BuildTEX] built 5 texture(s), 5 image payload(s), 0 palette payload(s); section size 832 bytes
[2026-09-20 00:32:42] [Info] [hammerspace.main] [BuildTEX] built 2 texture(s), 2 image payload(s), 0 palette payload(s); section size 160 bytes
[2026-09-20 00:32:42] [Info] [hammerspace.main] [BuildTEX] No textures; returning empty TEX section
[2026-09-20 00:32:42] [Info] [hammerspace.main] [BuildTEX] built 2 texture(s), 2 image payload(s), 0 palette payload(s); section size 160 bytes
[2026-09-20 00:32:42] [Info] [hammerspace.main] [BuildTEX] built 2 texture(s), 2 image payload(s), 2 palette payload(s); section size 256 bytes
[2026-09-20 00:32:42] [Info] [hammerspace.main] [BuildTEX] built 1 texture(s), 1 image payload(s), 0 palette payload(s); section size 96 bytes
[2026-09-20 00:32:42] [Info] [hammerspace.main] [CloneGPL] 129,568 bytes from block+0x20
[2026-09-20 00:32:42] [Info] [hammerspace.main] [GPL] appended custom submesh 'custom0' as submesh 3 (host bone 2, template builtin:rigid_spec_v1)
[2026-09-20 00:32:42] [Info] [hammerspace.main] [CloneACT] 7,392 bytes from block+0x1FA40
[2026-09-20 00:32:42] [Info] [hammerspace.main] [ACT] custom submesh 'custom0': bone 2 GeoId -> 3 at ACT+0x6C (section-relative; stable across hammerspace relocation)
[2026-09-20 00:32:42] [Info] [hammerspace.main] [CloneACT] 7,392 bytes from block+0x1FA40
[2026-09-20 00:32:42] [Info] [hammerspace.main] [CloneTEX] 248,000 bytes from block+0x21720
[2026-09-20 00:32:42] [Info] [hammerspace.main] [CloneSKN] 38,208 bytes from block+0x5DFE0
[2026-09-20 00:32:42] [Info] [hammerspace.main] [CloneHEADER] 0x20 bytes from offset 0x04AA6C20
[2026-09-20 00:32:42] [Info] [hammerspace.main] [HDR] +0x18 patched: 0x00067520 → 0x000677A0
[2026-09-20 00:32:42] [Info] [hammerspace.main] [CloneGPL] 129,568 bytes from block+0x20
[2026-09-20 00:32:42] [Info] [hammerspace.main] [GPL] appended custom submesh 'custom0' as submesh 3 (host bone 4, template derived:sm0_ds5)
[2026-09-20 00:32:42] [Info] [hammerspace.main] [CloneACT] 7,392 bytes from block+0x1FA40
[2026-09-20 00:32:42] [Info] [hammerspace.main] [ACT] custom submesh 'custom0': bone 4 GeoId -> 3 at ACT+0xA4 (section-relative; stable across hammerspace relocation)
[2026-09-20 00:32:42] [Info] [hammerspace.main] [CloneACT] 7,392 bytes from block+0x1FA40
[2026-09-20 00:32:42] [Info] [hammerspace.main] [CloneTEX] 248,000 bytes from block+0x21720
[2026-09-20 00:32:42] [Info] [hammerspace.main] [CloneSKN] 38,208 bytes from block+0x5DFE0
[2026-09-20 00:32:42] [Info] [hammerspace.main] [CloneHEADER] 0x20 bytes from offset 0x04AA6C20
[2026-09-20 00:32:42] [Info] [hammerspace.main] [HDR] +0x18 patched: 0x00067520 → 0x000677A0
[2026-09-20 00:32:42] [Info] [hammerspace.main] [CloneGPL] 129,568 bytes from block+0x20
[2026-09-20 00:32:42] [Info] [hammerspace.main] [CloneGPL] 129,568 bytes from block+0x20
[2026-09-20 00:32:42] [Info] [hammerspace.main] [GPL] appended custom submesh 'custom0' as submesh 3 (host bone 2, template builtin:rigid_spec_v1)
[2026-09-20 00:32:42] [Info] [hammerspace.main] [CloneACT] 7,392 bytes from block+0x1FA40
[2026-09-20 00:32:42] [Info] [hammerspace.main] [ACT] custom submesh 'custom0': bone 2 GeoId -> 3 at ACT+0x6C (section-relative; stable across hammerspace relocation)
[2026-09-20 00:32:42] [Info] [hammerspace.main] [CloneACT] 7,392 bytes from block+0x1FA40
[2026-09-20 00:32:42] [Info] [hammerspace.main] [CloneTEX] 248,000 bytes from block+0x21720
[2026-09-20 00:32:42] [Info] [hammerspace.main] [CloneSKN] 38,208 bytes from block+0x5DFE0
[2026-09-20 00:32:42] [Info] [hammerspace.main] [CloneHEADER] 0x20 bytes from offset 0x04AA6C20
[2026-09-20 00:32:42] [Info] [hammerspace.main] [HDR] +0x18 patched: 0x00067520 → 0x000677A0
[2026-09-20 00:32:42] [Info] [hammerspace.main] [CloneGPL] 129,568 bytes from block+0x20
[2026-09-20 00:32:42] [Info] [hammerspace.main] [GPL] appended custom submesh 'custom0' as submesh 3 (host bone 3, template rigid:sm1_ds5)
[2026-09-20 00:32:42] [Info] [hammerspace.main] [CloneACT] 7,392 bytes from block+0x1FA40
[2026-09-20 00:32:42] [Info] [hammerspace.main] [ACT] custom submesh 'custom0': bone 3 GeoId -> 3 at ACT+0x88 (section-relative; stable across hammerspace relocation)
[2026-09-20 00:32:42] [Info] [hammerspace.main] [CloneACT] 7,392 bytes from block+0x1FA40
[2026-09-20 00:32:42] [Info] [hammerspace.main] [CloneTEX] 248,000 bytes from block+0x21720
[2026-09-20 00:32:42] [Info] [hammerspace.main] [CloneSKN] 38,208 bytes from block+0x5DFE0
[2026-09-20 00:32:42] [Info] [hammerspace.main] [CloneHEADER] 0x20 bytes from offset 0x04AA6C20
[2026-09-20 00:32:42] [Info] [hammerspace.main] [HDR] +0x18 patched: 0x00067520 → 0x000677E0
[2026-09-20 00:32:42] [Info] [hammerspace.main] [GPL] appended custom submesh 'custom0' as submesh 1 (host bone 5, template builtin:rigid_spec_v1)
[2026-09-20 00:32:42] [Info] [geometry.rebuild] [M3.3] sub0: normal buffer compacted to 5 unique normals
[2026-09-20 00:32:42] [Info] [geometry.rebuild] [M3.2] sub0: rebuilt draw states [1]; descriptor upgrades []; triangulated 0 irreducible GX blocks
[2026-09-20 00:32:42] [Info] [geometry.rebuild] [M3.2] sub0 uv0: 6 expanded coords -> 5 compact; indices rebuilt
[2026-09-20 00:32:42] [Info] [geometry.rebuild] [M3.3] sub0: normal buffer compacted to 5 unique normals
[2026-09-20 00:32:42] [Info] [geometry.rebuild] [M3.2] sub0: rebuilt draw states [1]; descriptor upgrades []; triangulated 0 irreducible GX blocks
[2026-09-20 00:32:42] [Info] [geometry.rebuild] [M3.3] sub0: normal buffer compacted to 4 unique normals
[2026-09-20 00:32:47] [Info] [hammerspace.main] [CloneACT] 7,392 bytes from block+0x1FA40
[2026-09-20 00:32:47] [Info] [hammerspace.main] [CloneACT] 7,392 bytes from block+0x1FA40
[2026-09-20 00:32:47] [Info] [hammerspace.main] [ACT] custom submesh 'custom0': bone 52 GeoId -> 3 at ACT+0x5E4 (section-relative; stable across hammerspace relocation)
[2026-09-20 00:32:47] [Info] [hammerspace.main] [CloneACT] 7,392 bytes from block+0x1FA40
[2026-09-20 00:32:47] [Info] [hammerspace.main] [ACT] custom submesh 'custom0': bone 52 GeoId -> 3 at ACT+0x5E4 (section-relative; stable across hammerspace relocation)
[2026-09-20 00:32:47] [Info] [hammerspace.main] [CloneACT] 7,392 bytes from block+0x1FA40
[2026-09-20 00:32:47] [Info] [hammerspace.main] [ACT] custom submesh 'custom0': bone 52 GeoId -> 3 at ACT+0x5E4 (section-relative; stable across hammerspace relocation)
[2026-09-20 00:32:48] [Info] [hammerspace.main] [CloneGPL] 129,568 bytes from block+0x20
[2026-09-20 00:32:48] [Info] [hammerspace.main] [GPL] appended custom submesh 'custom0' as submesh 4 (host bone 52, template builtin:rigid_spec_v1)
[2026-09-20 00:32:48] [Info] [hammerspace.main] [CloneACT] 7,392 bytes from block+0x1FA40
[2026-09-20 00:32:48] [Info] [hammerspace.main] [ACT] bone 2 GeoId -> 3 at ACT+0x6C (GeoIdEdited retarget; section-relative, stable across hammerspace relocation)
[2026-09-20 00:32:48] [Info] [hammerspace.main] [ACT] custom submesh 'custom0': bone 52 GeoId -> 4 at ACT+0x5E4 (section-relative; stable across hammerspace relocation)
[2026-09-20 00:32:48] [Info] [hammerspace.main] [CloneACT] 7,392 bytes from block+0x1FA40
[2026-09-20 00:32:48] [Info] [hammerspace.main] [CloneTEX] 248,000 bytes from block+0x21720
[2026-09-20 00:32:48] [Info] [hammerspace.main] [CloneSKN] 38,208 bytes from block+0x5DFE0
[2026-09-20 00:32:48] [Info] [hammerspace.main] [CloneHEADER] 0x20 bytes from offset 0x04AA6C20
[2026-09-20 00:32:48] [Info] [hammerspace.main] [HDR] +0x18 patched: 0x00067520 → 0x00078CE0
[2026-09-20 00:32:48] [Info] [hammerspace.main] [CloneGPL] 129,568 bytes from block+0x20
[2026-09-20 00:32:48] [Info] [hammerspace.main] [GPL] appended custom submesh 'custom0' as submesh 4 (host bone 52, template builtin:rigid_spec_v1)
[2026-09-20 00:32:48] [Info] [hammerspace.main] [CloneACT] 7,392 bytes from block+0x1FA40
[2026-09-20 00:32:48] [Info] [hammerspace.main] [ACT] bone 2 GeoId -> 3 at ACT+0x6C (GeoIdEdited retarget; section-relative, stable across hammerspace relocation)
[2026-09-20 00:32:48] [Info] [hammerspace.main] [ACT] custom submesh 'custom0': bone 52 GeoId -> 4 at ACT+0x5E4 (section-relative; stable across hammerspace relocation)
[2026-09-20 00:32:48] [Info] [hammerspace.main] [CloneACT] 7,392 bytes from block+0x1FA40
[2026-09-20 00:32:48] [Info] [hammerspace.main] [CloneTEX] 248,000 bytes from block+0x21720
[2026-09-20 00:32:48] [Info] [hammerspace.main] [CloneSKN] 38,208 bytes from block+0x5DFE0
[2026-09-20 00:32:48] [Info] [hammerspace.main] [CloneHEADER] 0x20 bytes from offset 0x04AA6C20
[2026-09-20 00:32:48] [Info] [hammerspace.main] [HDR] +0x18 patched: 0x00067520 → 0x00078CE0
[2026-09-20 00:32:48] [Info] [hammerspace.main] [CloneGPL] 129,568 bytes from block+0x20
[2026-09-20 00:32:48] [Info] [hammerspace.main] [GPL] appended custom submesh 'custom0' as submesh 4 (host bone 52, template builtin:rigid_spec_v1)
[2026-09-20 00:32:48] [Info] [hammerspace.main] [CloneACT] 7,392 bytes from block+0x1FA40
[2026-09-20 00:32:48] [Info] [hammerspace.main] [ACT] bone 2 GeoId -> 3 at ACT+0x6C (GeoIdEdited retarget; section-relative, stable across hammerspace relocation)
[2026-09-20 00:32:48] [Info] [hammerspace.main] [ACT] custom submesh 'custom0': bone 52 GeoId -> 4 at ACT+0x5E4 (section-relative; stable across hammerspace relocation)
[2026-09-20 00:32:48] [Info] [hammerspace.main] [CloneACT] 7,392 bytes from block+0x1FA40
[2026-09-20 00:32:48] [Info] [hammerspace.main] [CloneTEX] 248,000 bytes from block+0x21720
[2026-09-20 00:32:48] [Info] [hammerspace.main] [CloneSKN] 38,208 bytes from block+0x5DFE0
[2026-09-20 00:32:48] [Info] [hammerspace.main] [CloneHEADER] 0x20 bytes from offset 0x04AA6C20
[2026-09-20 00:32:48] [Info] [hammerspace.main] [HDR] +0x18 patched: 0x00067520 → 0x00078CE0
[2026-09-20 00:32:48] [Info] [hammerspace.main] [CloneGPL] 129,568 bytes from block+0x20
[2026-09-20 00:32:48] [Info] [hammerspace.main] [GPL] appended custom submesh 'custom0' as submesh 4 (host bone 52, template builtin:rigid_spec_v1)
[2026-09-20 00:32:48] [Info] [hammerspace.main] [CloneACT] 7,392 bytes from block+0x1FA40
[2026-09-20 00:32:48] [Info] [hammerspace.main] [ACT] bone 2 GeoId -> 3 at ACT+0x6C (GeoIdEdited retarget; section-relative, stable across hammerspace relocation)
[2026-09-20 00:32:48] [Info] [hammerspace.main] [ACT] custom submesh 'custom0': bone 52 GeoId -> 4 at ACT+0x5E4 (section-relative; stable across hammerspace relocation)
[2026-09-20 00:32:48] [Info] [hammerspace.main] [CloneACT] 7,392 bytes from block+0x1FA40
[2026-09-20 00:32:48] [Info] [hammerspace.main] [CloneTEX] 248,000 bytes from block+0x21720
[2026-09-20 00:32:48] [Info] [hammerspace.main] [CloneSKN] 38,208 bytes from block+0x5DFE0
[2026-09-20 00:32:48] [Info] [hammerspace.main] [CloneHEADER] 0x20 bytes from offset 0x04AA6C20
[2026-09-20 00:32:48] [Info] [hammerspace.main] [HDR] +0x18 patched: 0x00067520 → 0x00078CE0
[2026-09-20 00:32:49] [Info] [geometry.rebuild] [M3.3] sub0 color: 4 donor entries -> 4 compact; indices rebuilt
[2026-09-20 00:32:49] [Info] [geometry.rebuild] [M3.2] sub0: rebuilt draw states [1]; descriptor upgrades []; triangulated 0 irreducible GX blocks
[2026-09-20 00:32:49] [Info] [geometry.rebuild] [M3.3] sub0 color: 4 donor entries -> 4 compact; indices preserved
[2026-09-20 00:32:50] [Info] [hammerspace.main] [CloneGPL] 129,568 bytes from block+0x20
[2026-09-20 00:32:50] [Info] [hammerspace.main] [GPL] patched position array sub0 at GPL+0x60 (22,224 bytes)
[2026-09-20 00:32:50] [Info] [hammerspace.main] [GPL] appended custom submesh 'custom0' as submesh 3 (host bone 2, template builtin:rigid_spec_v1)
[2026-09-20 00:32:50] [Info] [hammerspace.main] [CloneACT] 7,392 bytes from block+0x1FA40
[2026-09-20 00:32:50] [Info] [hammerspace.main] [ACT] custom submesh 'custom0': bone 2 GeoId -> 3 at ACT+0x6C (section-relative; stable across hammerspace relocation)
[2026-09-20 00:32:50] [Info] [hammerspace.main] [CloneACT] 7,392 bytes from block+0x1FA40
[2026-09-20 00:32:50] [Info] [hammerspace.main] [CloneTEX] 248,000 bytes from block+0x21720
[2026-09-20 00:32:50] [Info] [hammerspace.main] [CloneSKN] 38,208 bytes from block+0x5DFE0
[2026-09-20 00:32:50] [Info] [hammerspace.main] [CloneHEADER] 0x20 bytes from offset 0x04AA6C20
[2026-09-20 00:32:50] [Info] [hammerspace.main] [HDR] +0x18 patched: 0x00067520 → 0x00067780
[2026-09-20 00:32:50] [Info] [hammerspace.main] [CloneGPL] 129,568 bytes from block+0x20
[2026-09-20 00:32:50] [Info] [hammerspace.main] [GPL] patched position array sub0 at GPL+0x60 (22,224 bytes)
[2026-09-20 00:32:50] [Info] [hammerspace.main] [GPL] appended custom submesh 'custom0' as submesh 3 (host bone 2, template builtin:rigid_spec_v1)
[2026-09-20 00:32:50] [Info] [hammerspace.main] [CloneACT] 7,392 bytes from block+0x1FA40
[2026-09-20 00:32:50] [Info] [hammerspace.main] [ACT] custom submesh 'custom0': bone 2 GeoId -> 3 at ACT+0x6C (section-relative; stable across hammerspace relocation)
[2026-09-20 00:32:50] [Info] [hammerspace.main] [CloneACT] 7,392 bytes from block+0x1FA40
[2026-09-20 00:32:50] [Info] [hammerspace.main] [CloneTEX] 248,000 bytes from block+0x21720
[2026-09-20 00:32:50] [Info] [hammerspace.main] [CloneSKN] 38,208 bytes from block+0x5DFE0
[2026-09-20 00:32:50] [Info] [hammerspace.main] [CloneHEADER] 0x20 bytes from offset 0x04AA6C20
[2026-09-20 00:32:50] [Info] [hammerspace.main] [HDR] +0x18 patched: 0x00067520 → 0x00067780
[2026-09-20 00:32:50] [Info] [hammerspace.main] [CloneGPL] 129,568 bytes from block+0x20
[2026-09-20 00:32:50] [Info] [hammerspace.main] [GPL] patched position array sub0 at GPL+0x60 (22,224 bytes)
[2026-09-20 00:32:50] [Info] [hammerspace.main] [GPL] appended custom submesh 'custom0' as submesh 3 (host bone 2, template rigid:sm1_ds5)
[2026-09-20 00:32:50] [Info] [hammerspace.main] [CloneACT] 7,392 bytes from block+0x1FA40
[2026-09-20 00:32:50] [Info] [hammerspace.main] [ACT] custom submesh 'custom0': bone 2 GeoId -> 3 at ACT+0x6C (section-relative; stable across hammerspace relocation)
[2026-09-20 00:32:50] [Info] [hammerspace.main] [CloneACT] 7,392 bytes from block+0x1FA40
[2026-09-20 00:32:50] [Info] [hammerspace.main] [CloneTEX] 248,000 bytes from block+0x21720
[2026-09-20 00:32:50] [Info] [hammerspace.main] [CloneSKN] 38,208 bytes from block+0x5DFE0
[2026-09-20 00:32:50] [Info] [hammerspace.main] [CloneHEADER] 0x20 bytes from offset 0x04AA6C20
[2026-09-20 00:32:50] [Info] [hammerspace.main] [HDR] +0x18 patched: 0x00067520 → 0x000677C0
[2026-09-20 00:32:50] [Info] [hammerspace.main] [CloneGPL] 129,568 bytes from block+0x20
[2026-09-20 00:32:50] [Info] [hammerspace.main] [GPL] patched position array sub0 at GPL+0x60 (22,224 bytes)
[2026-09-20 00:32:50] [Info] [hammerspace.main] [GPL] appended custom submesh 'custom0' as submesh 3 (host bone 2, template derived:sm0_ds5)
[2026-09-20 00:32:50] [Info] [hammerspace.main] [CloneACT] 7,392 bytes from block+0x1FA40
[2026-09-20 00:32:50] [Info] [hammerspace.main] [ACT] custom submesh 'custom0': bone 2 GeoId -> 3 at ACT+0x6C (section-relative; stable across hammerspace relocation)
[2026-09-20 00:32:50] [Info] [hammerspace.main] [CloneACT] 7,392 bytes from block+0x1FA40
[2026-09-20 00:32:50] [Info] [hammerspace.main] [CloneTEX] 248,000 bytes from block+0x21720
[2026-09-20 00:32:50] [Info] [hammerspace.main] [CloneSKN] 38,208 bytes from block+0x5DFE0
[2026-09-20 00:32:50] [Info] [hammerspace.main] [CloneHEADER] 0x20 bytes from offset 0x04AA6C20
[2026-09-20 00:32:50] [Info] [hammerspace.main] [HDR] +0x18 patched: 0x00067520 → 0x00067780
[2026-09-20 00:32:50] [Info] [hammerspace.main] [CloneGPL] 129,568 bytes from block+0x20
[2026-09-20 00:32:50] [Info] [hammerspace.main] [GPL] patched position array sub0 at GPL+0x60 (22,224 bytes)
[2026-09-20 00:32:50] [Info] [hammerspace.main] [GPL] appended custom submesh 'custom0' as submesh 3 (host bone 2, template builtin:rigid_spec_v1)
[2026-09-20 00:32:50] [Info] [hammerspace.main] [CloneACT] 7,392 bytes from block+0x1FA40
[2026-09-20 00:32:50] [Info] [hammerspace.main] [ACT] custom submesh 'custom0': bone 2 GeoId -> 3 at ACT+0x6C (section-relative; stable across hammerspace relocation)
[2026-09-20 00:32:50] [Info] [hammerspace.main] [CloneACT] 7,392 bytes from block+0x1FA40
[2026-09-20 00:32:50] [Info] [hammerspace.main] [CloneTEX] 248,000 bytes from block+0x21720
[2026-09-20 00:32:50] [Info] [hammerspace.main] [CloneSKN] 38,208 bytes from block+0x5DFE0
[2026-09-20 00:32:50] [Info] [hammerspace.main] [CloneHEADER] 0x20 bytes from offset 0x04AA6C20
[2026-09-20 00:32:50] [Info] [hammerspace.main] [HDR] +0x18 patched: 0x00067520 → 0x00067780
[2026-09-20 00:32:50] [Info] [dispatcher] Resolved PNG '0.png' → model.sluggie texture 0
[2026-09-20 00:32:50] [Info] [dispatcher] Resolved PNG '0.png' → model.sluggie texture 0
[2026-09-20 00:32:50] [Info] [dispatcher] Found: C:\Users\gerno\AppData\Local\Temp\tmpman9_iyq\model.sluggie
[2026-09-20 00:32:50] [Info] [dispatcher] Resolved PNG '0.png' → model.sluggie texture 0
[2026-09-20 00:32:50] [Info] [dispatcher] Found: C:\Users\gerno\AppData\Local\Temp\tmptcx57q1s\model.sluggie
[2026-09-20 00:32:50] [Warning] [act] bone 0 is not relative
[2026-09-20 00:32:50] [Warning] [act] bone 0 is not relative
[2026-09-20 00:32:50] [Warning] [act] bone 0 is not relative
[2026-09-20 00:32:51] [Info] [hammerspace.helper] [1] Current DOL entry: chunk=0, file_index=0, offset=0x00000008 (8), length=0x00000008 (8 bytes)
[2026-09-20 00:32:51] [Info] [hammerspace.helper] [2] Original DOL entry: offset=0x00000008 (8), length=0x00000008 (8 bytes)
[2026-09-20 00:32:51] [Info] [hammerspace.helper] DOL entry was already restored; original model bytes were repaired and verified.
[2026-09-20 00:32:51] [Info] [hammerspace.helper] [1] Current DOL entry: chunk=0, file_index=0, offset=0x00000040 (64), length=0x00000008 (8 bytes)
[2026-09-20 00:32:51] [Info] [hammerspace.helper] [2] Original DOL entry: offset=0x00000008 (8), length=0x00000008 (8 bytes)
[2026-09-20 00:32:51] [Info] [hammerspace.helper] [3] Restored and verified 8 original model bytes at 0x00000008.
[2026-09-20 00:32:51] [Info] [hammerspace.helper] [4] Restoring original DOL entry ...
[2026-09-20 00:32:51] [Info] [hammerspace.helper] [5] Zeroing 8 bytes at 0x00000040 in OUTPUT dt_na.dat ...
[2026-09-20 00:32:51] [Info] [hammerspace.helper]     Zeroed 8 bytes.
[2026-09-20 00:32:51] [Info] [hammerspace.helper] Done. chunk=0, file_index=0 removed from hammerspace.
[2026-09-20 00:32:51] [Info] [hammerspace.main] [ACT] bone 5 GeoId -> 65535 at ACT+0x20 (GeoIdEdited retarget; section-relative, stable across hammerspace relocation)
[2026-09-20 00:32:51] [Info] [hammerspace.main] [ACT] custom submesh 'custom0': bone 5 GeoId -> 2 at ACT+0x20 (section-relative; stable across hammerspace relocation)
[2026-09-20 00:32:51] [Info] [hammerspace.main] [ACT] bone 6 GeoId -> 1 at ACT+0x28 (GeoIdEdited retarget; section-relative, stable across hammerspace relocation)
[2026-09-20 00:32:51] [Info] [hammerspace.main] [ACT] bone 5 GeoId -> 65535 at ACT+0x20 (GeoIdEdited retarget; section-relative, stable across hammerspace relocation)
[2026-09-20 00:32:51] [Info] [hammerspace.main] [ACT] custom submesh 'custom0': bone 5 GeoId -> 1 at ACT+0x20 (section-relative; stable across hammerspace relocation)
[2026-09-20 00:32:51] [Info] [hammerspace.main] [ACT] custom submesh 'custom1': bone 6 GeoId -> 2 at ACT+0x28 (section-relative; stable across hammerspace relocation)
[2026-09-20 00:32:51] [Info] [hammerspace.main] [ACT] custom submesh 'custom0': bone 5 GeoId -> 2 at ACT+0x20 (section-relative; stable across hammerspace relocation)
[2026-09-20 00:32:51] [Error] [hammerspace.main] Bone 1: SRTOffset 0x103F is before the ACT section start (0x1040); the .sluggie's SRTOffset metadata does not match this model's ACT section layout. Re-export the model with the latest SluggiesTools export.py, then export from Blender again.
[2026-09-20 00:32:51] [Info] [hammerspace.main] [ACT] root-bone SRT scale: bone 1 wrote 400000003fc000003f800000 at ACT+0x54 (section-relative; stable across hammerspace relocation)
[2026-09-20 00:32:51] [Info] [hammerspace.main] [Container] DOL entry is an archive: 3 slots, 3 populated; rebuilding slot 1 at +0x60 and carrying the other 2 member(s) along
[2026-09-20 00:32:51] [Info] [hammerspace.main] [Container] archive slot 1 64 -> 192 bytes; 1 later slot(s) shifted by +128; archive 256 -> 384 bytes
[2026-09-20 00:32:51] [Info] [hammerspace.main] [Container] preserving 32-byte DOL entry prefix; inner model starts at +0x20
[2026-09-20 00:32:51] [Info] [hammerspace.main] [Container] DOL entry is an archive: 3 slots, 3 populated; rebuilding slot 1 at +0x60 and carrying the other 2 member(s) along
[2026-09-20 00:32:51] [Info] [hammerspace.main] [Container] archive slot 1 64 -> 192 bytes; 1 later slot(s) shifted by +128; archive 256 -> 384 bytes
[2026-09-20 00:32:51] [Info] [hammerspace.main] [Container] DOL entry is an archive: 3 slots, 3 populated; rebuilding slot 1 at +0x60 and carrying the other 2 member(s) along
[2026-09-20 00:32:51] [Info] [hammerspace.main] [Container] archive slot 1 64 -> 192 bytes; 1 later slot(s) shifted by +128; archive 256 -> 384 bytes
[2026-09-20 00:32:51] [Info] [hammerspace.main] [CloneGPL] 4 bytes from block+0x20
[2026-09-20 00:32:51] [Info] [hammerspace.main] [HDR] +0x18 patched: 0x00000180 → 0x00000100
[2026-09-20 00:32:51] [Info] [hammerspace.main] [HDR] +0x14 patched: 0x00000100 → 0x000000A0
[2026-09-20 00:32:51] [Info] [hammerspace.main] [HDR] +0x18 patched: 0x00000140 → 0x000000E0
[2026-09-20 00:32:51] [Info] [hammerspace.main] [HDR] +0x1C patched: 0x00000180 → 0x00000120
[2026-09-20 00:32:51] [Info] [hammerspace.main] [GPL] patched material state sub0 ds0 at GPL+0x10
[2026-09-20 00:32:51] [Info] [hammerspace.main] [GPL] patched material state sub0 ds1 at GPL+0x20
[2026-09-20 00:32:51] [Info] [hammerspace.main] [GPL] patched position array sub0 at GPL+0x10 (6 bytes)
[2026-09-20 00:32:51] [Info] [hammerspace.main] Model already in hammerspace at 0x00003000; keeping the old route live until replacement commits
[2026-09-20 00:32:51] [Info] [hammerspace.main] Hammerspace Log: Replaced | Model: fixture.sluggie | Old address: 0x00003000 | Old size: 0.00 MB
[2026-09-20 00:32:51] [Info] [hammerspace.main] Hammerspace Log: Written | Model: fixture.sluggie | Chunk: 18 | File: 0 | Address: 0x00004000 | Size: 0.00 MB | Modes: {'GPL': 'clone', 'ACT': 'clone', 'TEX': 'clone', 'SKN': 'clone', 'trailing': 'clone'}
[2026-09-20 00:32:51] [Info] [hammerspace.main] Model already in hammerspace at 0x00003000; keeping the old route live until replacement commits
[2026-09-20 00:32:51] [Info] [hammerspace.main] Model already in hammerspace at 0x00003000; keeping the old route live until replacement commits
[2026-09-20 00:32:51] [Info] [hammerspace.main] Hammerspace Log: Replaced | Model: fixture.sluggie | Old address: 0x00003000 | Old size: 0.00 MB
[2026-09-20 00:32:51] [Info] [hammerspace.main] Hammerspace Log: Written | Model: fixture.sluggie | Chunk: 18 | File: 0 | Address: 0x00004000 | Size: 0.00 MB | Modes: {'GPL': 'clone', 'ACT': 'clone', 'TEX': 'clone', 'SKN': 'clone', 'trailing': 'clone'}
[2026-09-20 00:32:51] [Info] [hammerspace.main] Model already in hammerspace at 0x00003000; keeping the old route live until replacement commits
[2026-09-20 00:32:51] [Info] [hammerspace.main] [GPL] appended UV array sub0 uv0 at GPL+0x80 (8 bytes)
[2026-09-20 00:32:51] [Info] [hammerspace.main] [GPL] appended primitive list sub0 ds0 (32 bytes)
[2026-09-20 00:32:51] [Info] [hammerspace.main] [GPL] patched UV array sub0 uv0 at GPL+0x14 (4 bytes)
[2026-09-20 00:32:51] [Info] [hammerspace.main] Hammerspace Log: Written | Model: fixture.sluggie | Chunk: 18 | File: 0 | Address: 0x00001020 | Size: 0.00 MB | Modes: {'GPL': 'clone', 'ACT': 'clone', 'TEX': 'clone', 'SKN': 'clone', 'trailing': 'clone'}
[2026-09-20 00:32:51] [Info] [hammerspace.main] Hammerspace Log: Written | Model: fixture.sluggie | Chunk: 18 | File: 0 | Address: 0x00002000 | Size: 0.00 MB | Modes: {'GPL': 'clone', 'ACT': 'clone', 'TEX': 'clone', 'SKN': 'clone', 'trailing': 'clone'}
[2026-09-20 00:32:51] [Warning] [hammerspace.main] [SKN] SK1/SK2 destinations are not cache-line exclusive; source arrays packed sequentially instead of mirroring the position buffer (donor layout rule) — facial poses on skinned vertices may break in-game
[2026-09-20 00:32:51] [Info] [hammerspace.main] [BuildTEX] built 5 texture(s), 5 image payload(s), 0 palette payload(s); section size 832 bytes
[2026-09-20 00:32:51] [Info] [hammerspace.main] [BuildTEX] built 2 texture(s), 2 image payload(s), 0 palette payload(s); section size 160 bytes
[2026-09-20 00:32:51] [Info] [hammerspace.main] [BuildTEX] No textures; returning empty TEX section
[2026-09-20 00:32:51] [Info] [hammerspace.main] [BuildTEX] built 2 texture(s), 2 image payload(s), 0 palette payload(s); section size 160 bytes
[2026-09-20 00:32:51] [Info] [hammerspace.main] [BuildTEX] built 2 texture(s), 2 image payload(s), 2 palette payload(s); section size 256 bytes
[2026-09-20 00:32:51] [Info] [hammerspace.main] [BuildTEX] built 1 texture(s), 1 image payload(s), 0 palette payload(s); section size 96 bytes
[2026-09-20 00:32:51] [Info] [hammerspace.main] [CloneGPL] 129,568 bytes from block+0x20
[2026-09-20 00:32:51] [Info] [hammerspace.main] [GPL] appended custom submesh 'custom0' as submesh 3 (host bone 2, template builtin:rigid_spec_v1)
[2026-09-20 00:32:51] [Info] [hammerspace.main] [CloneACT] 7,392 bytes from block+0x1FA40
[2026-09-20 00:32:51] [Info] [hammerspace.main] [ACT] custom submesh 'custom0': bone 2 GeoId -> 3 at ACT+0x6C (section-relative; stable across hammerspace relocation)
[2026-09-20 00:32:51] [Info] [hammerspace.main] [CloneACT] 7,392 bytes from block+0x1FA40
[2026-09-20 00:32:51] [Info] [hammerspace.main] [CloneTEX] 248,000 bytes from block+0x21720
[2026-09-20 00:32:51] [Info] [hammerspace.main] [CloneSKN] 38,208 bytes from block+0x5DFE0
[2026-09-20 00:32:51] [Info] [hammerspace.main] [CloneHEADER] 0x20 bytes from offset 0x04AA6C20
[2026-09-20 00:32:51] [Info] [hammerspace.main] [HDR] +0x18 patched: 0x00067520 → 0x000677A0
[2026-09-20 00:32:51] [Info] [hammerspace.main] [CloneGPL] 129,568 bytes from block+0x20
[2026-09-20 00:32:51] [Info] [hammerspace.main] [GPL] appended custom submesh 'custom0' as submesh 3 (host bone 4, template derived:sm0_ds5)
[2026-09-20 00:32:51] [Info] [hammerspace.main] [CloneACT] 7,392 bytes from block+0x1FA40
[2026-09-20 00:32:51] [Info] [hammerspace.main] [ACT] custom submesh 'custom0': bone 4 GeoId -> 3 at ACT+0xA4 (section-relative; stable across hammerspace relocation)
[2026-09-20 00:32:51] [Info] [hammerspace.main] [CloneACT] 7,392 bytes from block+0x1FA40
[2026-09-20 00:32:51] [Info] [hammerspace.main] [CloneTEX] 248,000 bytes from block+0x21720
[2026-09-20 00:32:51] [Info] [hammerspace.main] [CloneSKN] 38,208 bytes from block+0x5DFE0
[2026-09-20 00:32:51] [Info] [hammerspace.main] [CloneHEADER] 0x20 bytes from offset 0x04AA6C20
[2026-09-20 00:32:51] [Info] [hammerspace.main] [HDR] +0x18 patched: 0x00067520 → 0x000677A0
[2026-09-20 00:32:51] [Info] [hammerspace.main] [CloneGPL] 129,568 bytes from block+0x20
[2026-09-20 00:32:51] [Info] [hammerspace.main] [CloneGPL] 129,568 bytes from block+0x20
[2026-09-20 00:32:51] [Info] [hammerspace.main] [GPL] appended custom submesh 'custom0' as submesh 3 (host bone 2, template builtin:rigid_spec_v1)
[2026-09-20 00:32:51] [Info] [hammerspace.main] [CloneACT] 7,392 bytes from block+0x1FA40
[2026-09-20 00:32:51] [Info] [hammerspace.main] [ACT] custom submesh 'custom0': bone 2 GeoId -> 3 at ACT+0x6C (section-relative; stable across hammerspace relocation)
[2026-09-20 00:32:51] [Info] [hammerspace.main] [CloneACT] 7,392 bytes from block+0x1FA40
[2026-09-20 00:32:51] [Info] [hammerspace.main] [CloneTEX] 248,000 bytes from block+0x21720
[2026-09-20 00:32:51] [Info] [hammerspace.main] [CloneSKN] 38,208 bytes from block+0x5DFE0
[2026-09-20 00:32:51] [Info] [hammerspace.main] [CloneHEADER] 0x20 bytes from offset 0x04AA6C20
[2026-09-20 00:32:51] [Info] [hammerspace.main] [HDR] +0x18 patched: 0x00067520 → 0x000677A0
[2026-09-20 00:32:51] [Info] [hammerspace.main] [CloneGPL] 129,568 bytes from block+0x20
[2026-09-20 00:32:51] [Info] [hammerspace.main] [GPL] appended custom submesh 'custom0' as submesh 3 (host bone 3, template rigid:sm1_ds5)
[2026-09-20 00:32:51] [Info] [hammerspace.main] [CloneACT] 7,392 bytes from block+0x1FA40
[2026-09-20 00:32:51] [Info] [hammerspace.main] [ACT] custom submesh 'custom0': bone 3 GeoId -> 3 at ACT+0x88 (section-relative; stable across hammerspace relocation)
[2026-09-20 00:32:51] [Info] [hammerspace.main] [CloneACT] 7,392 bytes from block+0x1FA40
[2026-09-20 00:32:51] [Info] [hammerspace.main] [CloneTEX] 248,000 bytes from block+0x21720
[2026-09-20 00:32:51] [Info] [hammerspace.main] [CloneSKN] 38,208 bytes from block+0x5DFE0
[2026-09-20 00:32:51] [Info] [hammerspace.main] [CloneHEADER] 0x20 bytes from offset 0x04AA6C20
[2026-09-20 00:32:51] [Info] [hammerspace.main] [HDR] +0x18 patched: 0x00067520 → 0x000677E0
[2026-09-20 00:32:51] [Info] [hammerspace.main] [GPL] appended custom submesh 'custom0' as submesh 1 (host bone 5, template builtin:rigid_spec_v1)
[2026-09-20 00:32:51] [Info] [geometry.rebuild] [M3.3] sub0: normal buffer compacted to 5 unique normals
[2026-09-20 00:32:51] [Info] [geometry.rebuild] [M3.2] sub0: rebuilt draw states [1]; descriptor upgrades []; triangulated 0 irreducible GX blocks
[2026-09-20 00:32:51] [Info] [geometry.rebuild] [M3.2] sub0 uv0: 6 expanded coords -> 5 compact; indices rebuilt
[2026-09-20 00:32:51] [Info] [geometry.rebuild] [M3.3] sub0: normal buffer compacted to 5 unique normals
[2026-09-20 00:32:51] [Info] [geometry.rebuild] [M3.2] sub0: rebuilt draw states [1]; descriptor upgrades []; triangulated 0 irreducible GX blocks
[2026-09-20 00:32:51] [Info] [geometry.rebuild] [M3.3] sub0: normal buffer compacted to 4 unique normals
[2026-09-20 00:32:57] [Info] [hammerspace.main] [CloneACT] 7,392 bytes from block+0x1FA40
[2026-09-20 00:32:57] [Info] [hammerspace.main] [CloneACT] 7,392 bytes from block+0x1FA40
[2026-09-20 00:32:57] [Info] [hammerspace.main] [ACT] custom submesh 'custom0': bone 52 GeoId -> 3 at ACT+0x5E4 (section-relative; stable across hammerspace relocation)
[2026-09-20 00:32:57] [Info] [hammerspace.main] [CloneACT] 7,392 bytes from block+0x1FA40
[2026-09-20 00:32:57] [Info] [hammerspace.main] [ACT] custom submesh 'custom0': bone 52 GeoId -> 3 at ACT+0x5E4 (section-relative; stable across hammerspace relocation)
[2026-09-20 00:32:57] [Info] [hammerspace.main] [CloneACT] 7,392 bytes from block+0x1FA40
[2026-09-20 00:32:57] [Info] [hammerspace.main] [ACT] custom submesh 'custom0': bone 52 GeoId -> 3 at ACT+0x5E4 (section-relative; stable across hammerspace relocation)
[2026-09-20 00:33:16] [Info] [hammerspace.main] [CloneGPL] 129,568 bytes from block+0x20
[2026-09-20 00:33:16] [Info] [hammerspace.main] [GPL] appended custom submesh 'custom0' as submesh 4 (host bone 52, template builtin:rigid_spec_v1)
[2026-09-20 00:33:16] [Info] [hammerspace.main] [CloneACT] 7,392 bytes from block+0x1FA40
[2026-09-20 00:33:16] [Info] [hammerspace.main] [ACT] bone 2 GeoId -> 3 at ACT+0x6C (GeoIdEdited retarget; section-relative, stable across hammerspace relocation)
[2026-09-20 00:33:16] [Info] [hammerspace.main] [ACT] custom submesh 'custom0': bone 52 GeoId -> 4 at ACT+0x5E4 (section-relative; stable across hammerspace relocation)
[2026-09-20 00:33:16] [Info] [hammerspace.main] [CloneACT] 7,392 bytes from block+0x1FA40
[2026-09-20 00:33:16] [Info] [hammerspace.main] [CloneTEX] 248,000 bytes from block+0x21720
[2026-09-20 00:33:16] [Info] [hammerspace.main] [CloneSKN] 38,208 bytes from block+0x5DFE0
[2026-09-20 00:33:16] [Info] [hammerspace.main] [CloneHEADER] 0x20 bytes from offset 0x04AA6C20
[2026-09-20 00:33:16] [Info] [hammerspace.main] [HDR] +0x18 patched: 0x00067520 → 0x00078CE0
[2026-09-20 00:33:16] [Info] [hammerspace.main] [CloneGPL] 129,568 bytes from block+0x20
[2026-09-20 00:33:16] [Info] [hammerspace.main] [GPL] appended custom submesh 'custom0' as submesh 4 (host bone 52, template builtin:rigid_spec_v1)
[2026-09-20 00:33:16] [Info] [hammerspace.main] [CloneACT] 7,392 bytes from block+0x1FA40
[2026-09-20 00:33:16] [Info] [hammerspace.main] [ACT] bone 2 GeoId -> 3 at ACT+0x6C (GeoIdEdited retarget; section-relative, stable across hammerspace relocation)
[2026-09-20 00:33:16] [Info] [hammerspace.main] [ACT] custom submesh 'custom0': bone 52 GeoId -> 4 at ACT+0x5E4 (section-relative; stable across hammerspace relocation)
[2026-09-20 00:33:16] [Info] [hammerspace.main] [CloneACT] 7,392 bytes from block+0x1FA40
[2026-09-20 00:33:16] [Info] [hammerspace.main] [CloneTEX] 248,000 bytes from block+0x21720
[2026-09-20 00:33:16] [Info] [hammerspace.main] [CloneSKN] 38,208 bytes from block+0x5DFE0
[2026-09-20 00:33:16] [Info] [hammerspace.main] [CloneHEADER] 0x20 bytes from offset 0x04AA6C20
[2026-09-20 00:33:16] [Info] [hammerspace.main] [HDR] +0x18 patched: 0x00067520 → 0x00078CE0
[2026-09-20 00:33:16] [Info] [hammerspace.main] [CloneGPL] 129,568 bytes from block+0x20
[2026-09-20 00:33:16] [Info] [hammerspace.main] [GPL] appended custom submesh 'custom0' as submesh 4 (host bone 52, template builtin:rigid_spec_v1)
[2026-09-20 00:33:16] [Info] [hammerspace.main] [CloneACT] 7,392 bytes from block+0x1FA40
[2026-09-20 00:33:16] [Info] [hammerspace.main] [ACT] bone 2 GeoId -> 3 at ACT+0x6C (GeoIdEdited retarget; section-relative, stable across hammerspace relocation)
[2026-09-20 00:33:16] [Info] [hammerspace.main] [ACT] custom submesh 'custom0': bone 52 GeoId -> 4 at ACT+0x5E4 (section-relative; stable across hammerspace relocation)
[2026-09-20 00:33:16] [Info] [hammerspace.main] [CloneACT] 7,392 bytes from block+0x1FA40
[2026-09-20 00:33:16] [Info] [hammerspace.main] [CloneTEX] 248,000 bytes from block+0x21720
[2026-09-20 00:33:16] [Info] [hammerspace.main] [CloneSKN] 38,208 bytes from block+0x5DFE0
[2026-09-20 00:33:16] [Info] [hammerspace.main] [CloneHEADER] 0x20 bytes from offset 0x04AA6C20
[2026-09-20 00:33:16] [Info] [hammerspace.main] [HDR] +0x18 patched: 0x00067520 → 0x00078CE0
[2026-09-20 00:33:16] [Info] [hammerspace.main] [CloneGPL] 129,568 bytes from block+0x20
[2026-09-20 00:33:16] [Info] [hammerspace.main] [GPL] appended custom submesh 'custom0' as submesh 4 (host bone 52, template builtin:rigid_spec_v1)
[2026-09-20 00:33:16] [Info] [hammerspace.main] [CloneACT] 7,392 bytes from block+0x1FA40
[2026-09-20 00:33:16] [Info] [hammerspace.main] [ACT] bone 2 GeoId -> 3 at ACT+0x6C (GeoIdEdited retarget; section-relative, stable across hammerspace relocation)
[2026-09-20 00:33:16] [Info] [hammerspace.main] [ACT] custom submesh 'custom0': bone 52 GeoId -> 4 at ACT+0x5E4 (section-relative; stable across hammerspace relocation)
[2026-09-20 00:33:16] [Info] [hammerspace.main] [CloneACT] 7,392 bytes from block+0x1FA40
[2026-09-20 00:33:16] [Info] [hammerspace.main] [CloneTEX] 248,000 bytes from block+0x21720
[2026-09-20 00:33:16] [Info] [hammerspace.main] [CloneSKN] 38,208 bytes from block+0x5DFE0
[2026-09-20 00:33:16] [Info] [hammerspace.main] [CloneHEADER] 0x20 bytes from offset 0x04AA6C20
[2026-09-20 00:33:16] [Info] [hammerspace.main] [HDR] +0x18 patched: 0x00067520 → 0x00078CE0
[2026-09-20 00:33:19] [Info] [hammerspace.main] [CloneGPL] 129,568 bytes from block+0x20
[2026-09-20 00:33:19] [Info] [hammerspace.main] [GPL] appended custom submesh 'custom0' as submesh 4 (host bone 52, template builtin:rigid_spec_v1)
[2026-09-20 00:33:19] [Info] [hammerspace.main] [CloneACT] 7,392 bytes from block+0x1FA40
[2026-09-20 00:33:19] [Info] [hammerspace.main] [ACT] bone 2 GeoId -> 3 at ACT+0x6C (GeoIdEdited retarget; section-relative, stable across hammerspace relocation)
[2026-09-20 00:33:19] [Info] [hammerspace.main] [ACT] custom submesh 'custom0': bone 52 GeoId -> 4 at ACT+0x5E4 (section-relative; stable across hammerspace relocation)
[2026-09-20 00:33:19] [Info] [hammerspace.main] [CloneACT] 7,392 bytes from block+0x1FA40
[2026-09-20 00:33:19] [Info] [hammerspace.main] [CloneTEX] 248,000 bytes from block+0x21720
[2026-09-20 00:33:19] [Info] [hammerspace.main] [CloneSKN] 38,208 bytes from block+0x5DFE0
[2026-09-20 00:33:19] [Info] [hammerspace.main] [CloneHEADER] 0x20 bytes from offset 0x04AA6C20
[2026-09-20 00:33:19] [Info] [hammerspace.main] [HDR] +0x18 patched: 0x00067520 → 0x00078CE0
[2026-09-20 00:33:19] [Info] [hammerspace.main] [CloneGPL] 129,568 bytes from block+0x20
[2026-09-20 00:33:19] [Info] [hammerspace.main] [GPL] appended custom submesh 'custom0' as submesh 4 (host bone 52, template builtin:rigid_spec_v1)
[2026-09-20 00:33:19] [Info] [hammerspace.main] [CloneACT] 7,392 bytes from block+0x1FA40
[2026-09-20 00:33:19] [Info] [hammerspace.main] [ACT] bone 2 GeoId -> 3 at ACT+0x6C (GeoIdEdited retarget; section-relative, stable across hammerspace relocation)
[2026-09-20 00:33:19] [Info] [hammerspace.main] [ACT] custom submesh 'custom0': bone 52 GeoId -> 4 at ACT+0x5E4 (section-relative; stable across hammerspace relocation)
[2026-09-20 00:33:19] [Info] [hammerspace.main] [CloneACT] 7,392 bytes from block+0x1FA40
[2026-09-20 00:33:19] [Info] [hammerspace.main] [CloneTEX] 248,000 bytes from block+0x21720
[2026-09-20 00:33:19] [Info] [hammerspace.main] [CloneSKN] 38,208 bytes from block+0x5DFE0
[2026-09-20 00:33:19] [Info] [hammerspace.main] [CloneHEADER] 0x20 bytes from offset 0x04AA6C20
[2026-09-20 00:33:19] [Info] [hammerspace.main] [HDR] +0x18 patched: 0x00067520 → 0x00078CE0
[2026-09-20 00:33:19] [Info] [hammerspace.main] [CloneGPL] 129,568 bytes from block+0x20
[2026-09-20 00:33:19] [Info] [hammerspace.main] [GPL] appended custom submesh 'custom0' as submesh 4 (host bone 52, template builtin:rigid_spec_v1)
[2026-09-20 00:33:19] [Info] [hammerspace.main] [CloneACT] 7,392 bytes from block+0x1FA40
[2026-09-20 00:33:19] [Info] [hammerspace.main] [ACT] bone 2 GeoId -> 3 at ACT+0x6C (GeoIdEdited retarget; section-relative, stable across hammerspace relocation)
[2026-09-20 00:33:19] [Info] [hammerspace.main] [ACT] custom submesh 'custom0': bone 52 GeoId -> 4 at ACT+0x5E4 (section-relative; stable across hammerspace relocation)
[2026-09-20 00:33:19] [Info] [hammerspace.main] [CloneACT] 7,392 bytes from block+0x1FA40
[2026-09-20 00:33:19] [Info] [hammerspace.main] [CloneTEX] 248,000 bytes from block+0x21720
[2026-09-20 00:33:19] [Info] [hammerspace.main] [CloneSKN] 38,208 bytes from block+0x5DFE0
[2026-09-20 00:33:19] [Info] [hammerspace.main] [CloneHEADER] 0x20 bytes from offset 0x04AA6C20
[2026-09-20 00:33:19] [Info] [hammerspace.main] [HDR] +0x18 patched: 0x00067520 → 0x00078CE0
[2026-09-20 00:33:19] [Info] [hammerspace.main] [CloneGPL] 129,568 bytes from block+0x20
[2026-09-20 00:33:19] [Info] [hammerspace.main] [GPL] appended custom submesh 'custom0' as submesh 4 (host bone 52, template builtin:rigid_spec_v1)
[2026-09-20 00:33:19] [Info] [hammerspace.main] [CloneACT] 7,392 bytes from block+0x1FA40
[2026-09-20 00:33:19] [Info] [hammerspace.main] [ACT] bone 2 GeoId -> 3 at ACT+0x6C (GeoIdEdited retarget; section-relative, stable across hammerspace relocation)
[2026-09-20 00:33:19] [Info] [hammerspace.main] [ACT] custom submesh 'custom0': bone 52 GeoId -> 4 at ACT+0x5E4 (section-relative; stable across hammerspace relocation)
[2026-09-20 00:33:19] [Info] [hammerspace.main] [CloneACT] 7,392 bytes from block+0x1FA40
[2026-09-20 00:33:19] [Info] [hammerspace.main] [CloneTEX] 248,000 bytes from block+0x21720
[2026-09-20 00:33:19] [Info] [hammerspace.main] [CloneSKN] 38,208 bytes from block+0x5DFE0
[2026-09-20 00:33:19] [Info] [hammerspace.main] [CloneHEADER] 0x20 bytes from offset 0x04AA6C20
[2026-09-20 00:33:19] [Info] [hammerspace.main] [HDR] +0x18 patched: 0x00067520 → 0x00078CE0
[2026-09-20 00:33:22] [Info] [hammerspace.main] [CloneGPL] 129,568 bytes from block+0x20
[2026-09-20 00:33:22] [Info] [hammerspace.main] [GPL] appended custom submesh 'custom0' as submesh 4 (host bone 52, template builtin:rigid_spec_v1)
[2026-09-20 00:33:22] [Info] [hammerspace.main] [CloneACT] 7,392 bytes from block+0x1FA40
[2026-09-20 00:33:22] [Info] [hammerspace.main] [ACT] bone 2 GeoId -> 3 at ACT+0x6C (GeoIdEdited retarget; section-relative, stable across hammerspace relocation)
[2026-09-20 00:33:22] [Info] [hammerspace.main] [ACT] custom submesh 'custom0': bone 52 GeoId -> 4 at ACT+0x5E4 (section-relative; stable across hammerspace relocation)
[2026-09-20 00:33:22] [Info] [hammerspace.main] [CloneACT] 7,392 bytes from block+0x1FA40
[2026-09-20 00:33:22] [Info] [hammerspace.main] [CloneTEX] 248,000 bytes from block+0x21720
[2026-09-20 00:33:22] [Info] [hammerspace.main] [CloneSKN] 38,208 bytes from block+0x5DFE0
[2026-09-20 00:33:22] [Info] [hammerspace.main] [CloneHEADER] 0x20 bytes from offset 0x04AA6C20
[2026-09-20 00:33:22] [Info] [hammerspace.main] [HDR] +0x18 patched: 0x00067520 → 0x00078CE0
[2026-09-20 00:33:23] [Info] [hammerspace.main] [CloneGPL] 129,568 bytes from block+0x20
[2026-09-20 00:33:23] [Info] [hammerspace.main] [GPL] appended custom submesh 'custom0' as submesh 4 (host bone 52, template builtin:rigid_spec_v1)
[2026-09-20 00:33:23] [Info] [hammerspace.main] [CloneACT] 7,392 bytes from block+0x1FA40
[2026-09-20 00:33:23] [Info] [hammerspace.main] [ACT] bone 2 GeoId -> 3 at ACT+0x6C (GeoIdEdited retarget; section-relative, stable across hammerspace relocation)
[2026-09-20 00:33:23] [Info] [hammerspace.main] [ACT] custom submesh 'custom0': bone 52 GeoId -> 4 at ACT+0x5E4 (section-relative; stable across hammerspace relocation)
[2026-09-20 00:33:23] [Info] [hammerspace.main] [CloneACT] 7,392 bytes from block+0x1FA40
[2026-09-20 00:33:23] [Info] [hammerspace.main] [CloneTEX] 248,000 bytes from block+0x21720
[2026-09-20 00:33:23] [Info] [hammerspace.main] [CloneSKN] 38,208 bytes from block+0x5DFE0
[2026-09-20 00:33:23] [Info] [hammerspace.main] [CloneHEADER] 0x20 bytes from offset 0x04AA6C20
[2026-09-20 00:33:23] [Info] [hammerspace.main] [HDR] +0x18 patched: 0x00067520 → 0x00078CE0
[2026-09-20 00:33:23] [Info] [hammerspace.main] [CloneGPL] 129,568 bytes from block+0x20
[2026-09-20 00:33:23] [Info] [hammerspace.main] [GPL] appended custom submesh 'custom0' as submesh 4 (host bone 52, template builtin:rigid_spec_v1)
[2026-09-20 00:33:23] [Info] [hammerspace.main] [CloneACT] 7,392 bytes from block+0x1FA40
[2026-09-20 00:33:23] [Info] [hammerspace.main] [ACT] bone 2 GeoId -> 3 at ACT+0x6C (GeoIdEdited retarget; section-relative, stable across hammerspace relocation)
[2026-09-20 00:33:23] [Info] [hammerspace.main] [ACT] custom submesh 'custom0': bone 52 GeoId -> 4 at ACT+0x5E4 (section-relative; stable across hammerspace relocation)
[2026-09-20 00:33:23] [Info] [hammerspace.main] [CloneACT] 7,392 bytes from block+0x1FA40
[2026-09-20 00:33:23] [Info] [hammerspace.main] [CloneTEX] 248,000 bytes from block+0x21720
[2026-09-20 00:33:23] [Info] [hammerspace.main] [CloneSKN] 38,208 bytes from block+0x5DFE0
[2026-09-20 00:33:23] [Info] [hammerspace.main] [CloneHEADER] 0x20 bytes from offset 0x04AA6C20
[2026-09-20 00:33:23] [Info] [hammerspace.main] [HDR] +0x18 patched: 0x00067520 → 0x00078CE0
[2026-09-20 00:33:23] [Info] [hammerspace.main] [CloneGPL] 129,568 bytes from block+0x20
[2026-09-20 00:33:23] [Info] [hammerspace.main] [GPL] appended custom submesh 'custom0' as submesh 4 (host bone 52, template builtin:rigid_spec_v1)
[2026-09-20 00:33:23] [Info] [hammerspace.main] [CloneACT] 7,392 bytes from block+0x1FA40
[2026-09-20 00:33:23] [Info] [hammerspace.main] [ACT] bone 2 GeoId -> 3 at ACT+0x6C (GeoIdEdited retarget; section-relative, stable across hammerspace relocation)
[2026-09-20 00:33:23] [Info] [hammerspace.main] [ACT] custom submesh 'custom0': bone 52 GeoId -> 4 at ACT+0x5E4 (section-relative; stable across hammerspace relocation)
[2026-09-20 00:33:23] [Info] [hammerspace.main] [CloneACT] 7,392 bytes from block+0x1FA40
[2026-09-20 00:33:23] [Info] [hammerspace.main] [CloneTEX] 248,000 bytes from block+0x21720
[2026-09-20 00:33:23] [Info] [hammerspace.main] [CloneSKN] 38,208 bytes from block+0x5DFE0
[2026-09-20 00:33:23] [Info] [hammerspace.main] [CloneHEADER] 0x20 bytes from offset 0x04AA6C20
[2026-09-20 00:33:23] [Info] [hammerspace.main] [HDR] +0x18 patched: 0x00067520 → 0x00078CE0
[2026-09-20 00:33:27] [Info] [hammerspace.main] [CloneGPL] 129,568 bytes from block+0x20
[2026-09-20 00:33:27] [Info] [hammerspace.main] [GPL] patched position array sub0 at GPL+0x60 (22,224 bytes)
[2026-09-20 00:33:27] [Info] [hammerspace.main] [GPL] appended custom submesh 'custom0' as submesh 3 (host bone 2, template builtin:rigid_spec_v1)
[2026-09-20 00:33:27] [Info] [hammerspace.main] [CloneACT] 7,392 bytes from block+0x1FA40
[2026-09-20 00:33:27] [Info] [hammerspace.main] [ACT] custom submesh 'custom0': bone 2 GeoId -> 3 at ACT+0x6C (section-relative; stable across hammerspace relocation)
[2026-09-20 00:33:27] [Info] [hammerspace.main] [CloneACT] 7,392 bytes from block+0x1FA40
[2026-09-20 00:33:27] [Info] [hammerspace.main] [CloneTEX] 248,000 bytes from block+0x21720
[2026-09-20 00:33:27] [Info] [hammerspace.main] [CloneSKN] 38,208 bytes from block+0x5DFE0
[2026-09-20 00:33:27] [Info] [hammerspace.main] [CloneHEADER] 0x20 bytes from offset 0x04AA6C20
[2026-09-20 00:33:27] [Info] [hammerspace.main] [HDR] +0x18 patched: 0x00067520 → 0x00067780
[2026-09-20 00:33:27] [Info] [hammerspace.main] [CloneGPL] 129,568 bytes from block+0x20
[2026-09-20 00:33:27] [Info] [hammerspace.main] [GPL] patched position array sub0 at GPL+0x60 (22,224 bytes)
[2026-09-20 00:33:27] [Info] [hammerspace.main] [GPL] appended custom submesh 'custom0' as submesh 3 (host bone 2, template builtin:rigid_spec_v1)
[2026-09-20 00:33:27] [Info] [hammerspace.main] [CloneACT] 7,392 bytes from block+0x1FA40
[2026-09-20 00:33:27] [Info] [hammerspace.main] [ACT] custom submesh 'custom0': bone 2 GeoId -> 3 at ACT+0x6C (section-relative; stable across hammerspace relocation)
[2026-09-20 00:33:27] [Info] [hammerspace.main] [CloneACT] 7,392 bytes from block+0x1FA40
[2026-09-20 00:33:27] [Info] [hammerspace.main] [CloneTEX] 248,000 bytes from block+0x21720
[2026-09-20 00:33:27] [Info] [hammerspace.main] [CloneSKN] 38,208 bytes from block+0x5DFE0
[2026-09-20 00:33:27] [Info] [hammerspace.main] [CloneHEADER] 0x20 bytes from offset 0x04AA6C20
[2026-09-20 00:33:27] [Info] [hammerspace.main] [HDR] +0x18 patched: 0x00067520 → 0x00067780
[2026-09-20 00:33:27] [Info] [hammerspace.main] [CloneGPL] 129,568 bytes from block+0x20
[2026-09-20 00:33:27] [Info] [hammerspace.main] [GPL] patched position array sub0 at GPL+0x60 (22,224 bytes)
[2026-09-20 00:33:27] [Info] [hammerspace.main] [GPL] appended custom submesh 'custom0' as submesh 3 (host bone 2, template rigid:sm1_ds5)
[2026-09-20 00:33:27] [Info] [hammerspace.main] [CloneACT] 7,392 bytes from block+0x1FA40
[2026-09-20 00:33:27] [Info] [hammerspace.main] [ACT] custom submesh 'custom0': bone 2 GeoId -> 3 at ACT+0x6C (section-relative; stable across hammerspace relocation)
[2026-09-20 00:33:27] [Info] [hammerspace.main] [CloneACT] 7,392 bytes from block+0x1FA40
[2026-09-20 00:33:27] [Info] [hammerspace.main] [CloneTEX] 248,000 bytes from block+0x21720
[2026-09-20 00:33:27] [Info] [hammerspace.main] [CloneSKN] 38,208 bytes from block+0x5DFE0
[2026-09-20 00:33:27] [Info] [hammerspace.main] [CloneHEADER] 0x20 bytes from offset 0x04AA6C20
[2026-09-20 00:33:27] [Info] [hammerspace.main] [HDR] +0x18 patched: 0x00067520 → 0x000677C0
[2026-09-20 00:33:27] [Info] [hammerspace.main] [CloneGPL] 129,568 bytes from block+0x20
[2026-09-20 00:33:27] [Info] [hammerspace.main] [GPL] patched position array sub0 at GPL+0x60 (22,224 bytes)
[2026-09-20 00:33:27] [Info] [hammerspace.main] [GPL] appended custom submesh 'custom0' as submesh 3 (host bone 2, template derived:sm0_ds5)
[2026-09-20 00:33:27] [Info] [hammerspace.main] [CloneACT] 7,392 bytes from block+0x1FA40
[2026-09-20 00:33:27] [Info] [hammerspace.main] [ACT] custom submesh 'custom0': bone 2 GeoId -> 3 at ACT+0x6C (section-relative; stable across hammerspace relocation)
[2026-09-20 00:33:27] [Info] [hammerspace.main] [CloneACT] 7,392 bytes from block+0x1FA40
[2026-09-20 00:33:27] [Info] [hammerspace.main] [CloneTEX] 248,000 bytes from block+0x21720
[2026-09-20 00:33:27] [Info] [hammerspace.main] [CloneSKN] 38,208 bytes from block+0x5DFE0
[2026-09-20 00:33:27] [Info] [hammerspace.main] [CloneHEADER] 0x20 bytes from offset 0x04AA6C20
[2026-09-20 00:33:27] [Info] [hammerspace.main] [HDR] +0x18 patched: 0x00067520 → 0x00067780
[2026-09-20 00:33:27] [Info] [hammerspace.main] [CloneGPL] 129,568 bytes from block+0x20
[2026-09-20 00:33:27] [Info] [hammerspace.main] [GPL] patched position array sub0 at GPL+0x60 (22,224 bytes)
[2026-09-20 00:33:27] [Info] [hammerspace.main] [GPL] appended custom submesh 'custom0' as submesh 3 (host bone 2, template builtin:rigid_spec_v1)
[2026-09-20 00:33:27] [Info] [hammerspace.main] [CloneACT] 7,392 bytes from block+0x1FA40
[2026-09-20 00:33:27] [Info] [hammerspace.main] [ACT] custom submesh 'custom0': bone 2 GeoId -> 3 at ACT+0x6C (section-relative; stable across hammerspace relocation)
[2026-09-20 00:33:27] [Info] [hammerspace.main] [CloneACT] 7,392 bytes from block+0x1FA40
[2026-09-20 00:33:27] [Info] [hammerspace.main] [CloneTEX] 248,000 bytes from block+0x21720
[2026-09-20 00:33:27] [Info] [hammerspace.main] [CloneSKN] 38,208 bytes from block+0x5DFE0
[2026-09-20 00:33:27] [Info] [hammerspace.main] [CloneHEADER] 0x20 bytes from offset 0x04AA6C20
[2026-09-20 00:33:27] [Info] [hammerspace.main] [HDR] +0x18 patched: 0x00067520 → 0x00067780
[2026-09-20 00:35:56] [Info] [hammerspace.main] [CloneACT] 7,392 bytes from block+0x1FA40
[2026-09-20 00:35:56] [Info] [hammerspace.main] [CloneACT] 7,392 bytes from block+0x1FA40
[2026-09-20 00:35:56] [Info] [hammerspace.main] [CloneACT] 7,392 bytes from block+0x1FA40
[2026-09-20 00:35:56] [Info] [hammerspace.main] [CloneACT] 7,392 bytes from block+0x1FA40
[2026-09-20 00:35:59] [Info] [hammerspace.main] [CloneACT] 7,392 bytes from block+0x1FA40
[2026-09-20 00:35:59] [Info] [hammerspace.main] [CloneACT] 7,392 bytes from block+0x1FA40
[2026-09-20 00:35:59] [Info] [hammerspace.main] [CloneACT] 7,392 bytes from block+0x1FA40
[2026-09-20 00:35:59] [Info] [hammerspace.main] [CloneACT] 7,392 bytes from block+0x1FA40
[2026-09-20 00:36:00] [Info] [hammerspace.main] [CloneACT] 7,392 bytes from block+0x1FA40
[2026-09-20 00:36:00] [Info] [hammerspace.main] [ACT] bone 2 GeoId -> 3 at ACT+0x6C (GeoIdEdited retarget; section-relative, stable across hammerspace relocation)
[2026-09-20 00:36:00] [Info] [hammerspace.main] [CloneACT] 7,392 bytes from block+0x1FA40
[2026-09-20 00:36:00] [Info] [hammerspace.main] [CloneTEX] 248,000 bytes from block+0x21720
[2026-09-20 00:36:00] [Info] [hammerspace.main] [CloneSKN] 38,208 bytes from block+0x5DFE0
[2026-09-20 00:36:00] [Info] [hammerspace.main] [CloneHEADER] 0x20 bytes from offset 0x04AA6C20
[2026-09-20 00:36:00] [Info] [hammerspace.main] [HDR] +0x18 patched: 0x00067520 → 0x000707E0
[2026-09-20 00:36:00] [Info] [build_add_submesh_fixture] [ACT] bone 2 GeoId already reads submesh 3 at ACT+0x6C (applied by BuildModelBlock via GeoIdEdited)
[2026-09-20 00:36:00] [Info] [hammerspace.main] [CloneACT] 7,392 bytes from block+0x1FA40
[2026-09-20 00:36:00] [Info] [hammerspace.main] [ACT] bone 2 GeoId -> 3 at ACT+0x6C (GeoIdEdited retarget; section-relative, stable across hammerspace relocation)
[2026-09-20 00:36:00] [Info] [hammerspace.main] [CloneACT] 7,392 bytes from block+0x1FA40
[2026-09-20 00:36:00] [Info] [hammerspace.main] [CloneTEX] 248,000 bytes from block+0x21720
[2026-09-20 00:36:00] [Info] [hammerspace.main] [CloneSKN] 38,208 bytes from block+0x5DFE0
[2026-09-20 00:36:00] [Info] [hammerspace.main] [CloneHEADER] 0x20 bytes from offset 0x04AA6C20
[2026-09-20 00:36:00] [Info] [hammerspace.main] [HDR] +0x18 patched: 0x00067520 → 0x00067840
[2026-09-20 00:36:00] [Info] [build_add_submesh_fixture] [ACT] bone 2 GeoId already reads submesh 3 at ACT+0x6C (applied by BuildModelBlock via GeoIdEdited)
[2026-09-20 00:36:00] [Info] [hammerspace.main] [CloneACT] 7,392 bytes from block+0x1FA40
[2026-09-20 00:36:00] [Info] [hammerspace.main] [ACT] bone 2 GeoId -> 3 at ACT+0x6C (GeoIdEdited retarget; section-relative, stable across hammerspace relocation)
[2026-09-20 00:36:00] [Info] [hammerspace.main] [CloneACT] 7,392 bytes from block+0x1FA40
[2026-09-20 00:36:00] [Info] [hammerspace.main] [CloneTEX] 248,000 bytes from block+0x21720
[2026-09-20 00:36:00] [Info] [hammerspace.main] [CloneSKN] 38,208 bytes from block+0x5DFE0
[2026-09-20 00:36:00] [Info] [hammerspace.main] [CloneHEADER] 0x20 bytes from offset 0x04AA6C20
[2026-09-20 00:36:00] [Info] [hammerspace.main] [HDR] +0x18 patched: 0x00067520 → 0x000707E0
[2026-09-20 00:36:00] [Info] [build_add_submesh_fixture] [ACT] bone 2 GeoId already reads submesh 3 at ACT+0x6C (applied by BuildModelBlock via GeoIdEdited)
[2026-09-20 00:36:00] [Info] [hammerspace.main] [CloneACT] 7,392 bytes from block+0x1FA40
[2026-09-20 00:36:00] [Info] [hammerspace.main] [ACT] bone 2 GeoId -> 3 at ACT+0x6C (GeoIdEdited retarget; section-relative, stable across hammerspace relocation)
[2026-09-20 00:36:00] [Info] [hammerspace.main] [CloneACT] 7,392 bytes from block+0x1FA40
[2026-09-20 00:36:00] [Info] [hammerspace.main] [CloneTEX] 248,000 bytes from block+0x21720
[2026-09-20 00:36:00] [Info] [hammerspace.main] [CloneSKN] 38,208 bytes from block+0x5DFE0
[2026-09-20 00:36:00] [Info] [hammerspace.main] [CloneHEADER] 0x20 bytes from offset 0x04AA6C20
[2026-09-20 00:36:00] [Info] [hammerspace.main] [HDR] +0x18 patched: 0x00067520 → 0x000707E0
[2026-09-20 00:36:00] [Info] [build_add_submesh_fixture] [ACT] bone 2 GeoId already reads submesh 3 at ACT+0x6C (applied by BuildModelBlock via GeoIdEdited)
[2026-09-20 00:36:02] [Info] [geometry.rebuild] [M3.3] sub0 color: 4 donor entries -> 4 compact; indices rebuilt
[2026-09-20 00:36:02] [Info] [geometry.rebuild] [M3.2] sub0: rebuilt draw states [1]; descriptor upgrades []; triangulated 0 irreducible GX blocks
[2026-09-20 00:36:02] [Info] [geometry.rebuild] [M3.3] sub0 color: 4 donor entries -> 4 compact; indices preserved
[2026-09-20 00:36:02] [Info] [hammerspace.main] [CloneGPL] 129,568 bytes from block+0x20
[2026-09-20 00:36:02] [Info] [hammerspace.main] [GPL] patched position array sub0 at GPL+0x60 (22,224 bytes)
[2026-09-20 00:36:02] [Info] [hammerspace.main] [GPL] appended custom submesh 'custom0' as submesh 3 (host bone 2, template builtin:rigid_spec_v1)
[2026-09-20 00:36:02] [Info] [hammerspace.main] [CloneACT] 7,392 bytes from block+0x1FA40
[2026-09-20 00:36:02] [Info] [hammerspace.main] [ACT] custom submesh 'custom0': bone 2 GeoId -> 3 at ACT+0x6C (section-relative; stable across hammerspace relocation)
[2026-09-20 00:36:02] [Info] [hammerspace.main] [CloneACT] 7,392 bytes from block+0x1FA40
[2026-09-20 00:36:02] [Info] [hammerspace.main] [CloneTEX] 248,000 bytes from block+0x21720
[2026-09-20 00:36:02] [Info] [hammerspace.main] [CloneSKN] 38,208 bytes from block+0x5DFE0
[2026-09-20 00:36:02] [Info] [hammerspace.main] [CloneHEADER] 0x20 bytes from offset 0x04AA6C20
[2026-09-20 00:36:02] [Info] [hammerspace.main] [HDR] +0x18 patched: 0x00067520 → 0x00067780
[2026-09-20 00:36:02] [Info] [hammerspace.main] [CloneGPL] 129,568 bytes from block+0x20
[2026-09-20 00:36:02] [Info] [hammerspace.main] [GPL] patched position array sub0 at GPL+0x60 (22,224 bytes)
[2026-09-20 00:36:02] [Info] [hammerspace.main] [GPL] appended custom submesh 'custom0' as submesh 3 (host bone 2, template builtin:rigid_spec_v1)
[2026-09-20 00:36:02] [Info] [hammerspace.main] [CloneACT] 7,392 bytes from block+0x1FA40
[2026-09-20 00:36:02] [Info] [hammerspace.main] [ACT] custom submesh 'custom0': bone 2 GeoId -> 3 at ACT+0x6C (section-relative; stable across hammerspace relocation)
[2026-09-20 00:36:02] [Info] [hammerspace.main] [CloneACT] 7,392 bytes from block+0x1FA40
[2026-09-20 00:36:02] [Info] [hammerspace.main] [CloneTEX] 248,000 bytes from block+0x21720
[2026-09-20 00:36:02] [Info] [hammerspace.main] [CloneSKN] 38,208 bytes from block+0x5DFE0
[2026-09-20 00:36:02] [Info] [hammerspace.main] [CloneHEADER] 0x20 bytes from offset 0x04AA6C20
[2026-09-20 00:36:02] [Info] [hammerspace.main] [HDR] +0x18 patched: 0x00067520 → 0x00067780
[2026-09-20 00:36:02] [Info] [hammerspace.main] [CloneGPL] 129,568 bytes from block+0x20
[2026-09-20 00:36:02] [Info] [hammerspace.main] [GPL] patched position array sub0 at GPL+0x60 (22,224 bytes)
[2026-09-20 00:36:02] [Info] [hammerspace.main] [GPL] appended custom submesh 'custom0' as submesh 3 (host bone 2, template rigid:sm1_ds5)
[2026-09-20 00:36:02] [Info] [hammerspace.main] [CloneACT] 7,392 bytes from block+0x1FA40
[2026-09-20 00:36:02] [Info] [hammerspace.main] [ACT] custom submesh 'custom0': bone 2 GeoId -> 3 at ACT+0x6C (section-relative; stable across hammerspace relocation)
[2026-09-20 00:36:02] [Info] [hammerspace.main] [CloneACT] 7,392 bytes from block+0x1FA40
[2026-09-20 00:36:02] [Info] [hammerspace.main] [CloneTEX] 248,000 bytes from block+0x21720
[2026-09-20 00:36:02] [Info] [hammerspace.main] [CloneSKN] 38,208 bytes from block+0x5DFE0
[2026-09-20 00:36:02] [Info] [hammerspace.main] [CloneHEADER] 0x20 bytes from offset 0x04AA6C20
[2026-09-20 00:36:02] [Info] [hammerspace.main] [HDR] +0x18 patched: 0x00067520 → 0x000677C0
[2026-09-20 00:36:02] [Info] [hammerspace.main] [CloneGPL] 129,568 bytes from block+0x20
[2026-09-20 00:36:02] [Info] [hammerspace.main] [GPL] patched position array sub0 at GPL+0x60 (22,224 bytes)
[2026-09-20 00:36:02] [Info] [hammerspace.main] [GPL] appended custom submesh 'custom0' as submesh 3 (host bone 2, template derived:sm0_ds5)
[2026-09-20 00:36:02] [Info] [hammerspace.main] [CloneACT] 7,392 bytes from block+0x1FA40
[2026-09-20 00:36:02] [Info] [hammerspace.main] [ACT] custom submesh 'custom0': bone 2 GeoId -> 3 at ACT+0x6C (section-relative; stable across hammerspace relocation)
[2026-09-20 00:36:02] [Info] [hammerspace.main] [CloneACT] 7,392 bytes from block+0x1FA40
[2026-09-20 00:36:02] [Info] [hammerspace.main] [CloneTEX] 248,000 bytes from block+0x21720
[2026-09-20 00:36:02] [Info] [hammerspace.main] [CloneSKN] 38,208 bytes from block+0x5DFE0
[2026-09-20 00:36:02] [Info] [hammerspace.main] [CloneHEADER] 0x20 bytes from offset 0x04AA6C20
[2026-09-20 00:36:02] [Info] [hammerspace.main] [HDR] +0x18 patched: 0x00067520 → 0x00067780
[2026-09-20 00:36:02] [Info] [hammerspace.main] [CloneGPL] 129,568 bytes from block+0x20
[2026-09-20 00:36:02] [Info] [hammerspace.main] [GPL] patched position array sub0 at GPL+0x60 (22,224 bytes)
[2026-09-20 00:36:02] [Info] [hammerspace.main] [GPL] appended custom submesh 'custom0' as submesh 3 (host bone 2, template builtin:rigid_spec_v1)
[2026-09-20 00:36:02] [Info] [hammerspace.main] [CloneACT] 7,392 bytes from block+0x1FA40
[2026-09-20 00:36:02] [Info] [hammerspace.main] [ACT] custom submesh 'custom0': bone 2 GeoId -> 3 at ACT+0x6C (section-relative; stable across hammerspace relocation)
[2026-09-20 00:36:02] [Info] [hammerspace.main] [CloneACT] 7,392 bytes from block+0x1FA40
[2026-09-20 00:36:02] [Info] [hammerspace.main] [CloneTEX] 248,000 bytes from block+0x21720
[2026-09-20 00:36:02] [Info] [hammerspace.main] [CloneSKN] 38,208 bytes from block+0x5DFE0
[2026-09-20 00:36:02] [Info] [hammerspace.main] [CloneHEADER] 0x20 bytes from offset 0x04AA6C20
[2026-09-20 00:36:02] [Info] [hammerspace.main] [HDR] +0x18 patched: 0x00067520 → 0x00067780
[2026-09-20 00:36:03] [Info] [dispatcher] Resolved PNG '0.png' → model.sluggie texture 0
[2026-09-20 00:36:03] [Info] [dispatcher] Resolved PNG '0.png' → model.sluggie texture 0
[2026-09-20 00:36:03] [Info] [dispatcher] Found: C:\Users\gerno\AppData\Local\Temp\tmpfd9i7_4y\model.sluggie
[2026-09-20 00:36:03] [Info] [dispatcher] Resolved PNG '0.png' → model.sluggie texture 0
[2026-09-20 00:36:03] [Info] [dispatcher] Found: C:\Users\gerno\AppData\Local\Temp\tmpfoukuplr\model.sluggie
[2026-09-20 00:36:03] [Warning] [act] bone 0 is not relative
[2026-09-20 00:36:03] [Warning] [act] bone 0 is not relative
[2026-09-20 00:36:03] [Warning] [act] bone 0 is not relative
[2026-09-20 00:36:03] [Info] [hammerspace.helper] [1] Current DOL entry: chunk=0, file_index=0, offset=0x00000008 (8), length=0x00000008 (8 bytes)
[2026-09-20 00:36:03] [Info] [hammerspace.helper] [2] Original DOL entry: offset=0x00000008 (8), length=0x00000008 (8 bytes)
[2026-09-20 00:36:03] [Info] [hammerspace.helper] DOL entry was already restored; original model bytes were repaired and verified.
[2026-09-20 00:36:03] [Info] [hammerspace.helper] [1] Current DOL entry: chunk=0, file_index=0, offset=0x00000040 (64), length=0x00000008 (8 bytes)
[2026-09-20 00:36:03] [Info] [hammerspace.helper] [2] Original DOL entry: offset=0x00000008 (8), length=0x00000008 (8 bytes)
[2026-09-20 00:36:03] [Info] [hammerspace.helper] [3] Restored and verified 8 original model bytes at 0x00000008.
[2026-09-20 00:36:03] [Info] [hammerspace.helper] [4] Restoring original DOL entry ...
[2026-09-20 00:36:03] [Info] [hammerspace.helper] [5] Zeroing 8 bytes at 0x00000040 in OUTPUT dt_na.dat ...
[2026-09-20 00:36:03] [Info] [hammerspace.helper]     Zeroed 8 bytes.
[2026-09-20 00:36:03] [Info] [hammerspace.helper] Done. chunk=0, file_index=0 removed from hammerspace.
[2026-09-20 00:36:03] [Info] [hammerspace.main] [ACT] bone 5 GeoId -> 65535 at ACT+0x20 (GeoIdEdited retarget; section-relative, stable across hammerspace relocation)
[2026-09-20 00:36:03] [Info] [hammerspace.main] [ACT] custom submesh 'custom0': bone 5 GeoId -> 2 at ACT+0x20 (section-relative; stable across hammerspace relocation)
[2026-09-20 00:36:03] [Info] [hammerspace.main] [ACT] bone 6 GeoId -> 1 at ACT+0x28 (GeoIdEdited retarget; section-relative, stable across hammerspace relocation)
[2026-09-20 00:36:03] [Info] [hammerspace.main] [ACT] bone 5 GeoId -> 65535 at ACT+0x20 (GeoIdEdited retarget; section-relative, stable across hammerspace relocation)
[2026-09-20 00:36:03] [Info] [hammerspace.main] [ACT] custom submesh 'custom0': bone 5 GeoId -> 1 at ACT+0x20 (section-relative; stable across hammerspace relocation)
[2026-09-20 00:36:03] [Info] [hammerspace.main] [ACT] custom submesh 'custom1': bone 6 GeoId -> 2 at ACT+0x28 (section-relative; stable across hammerspace relocation)
[2026-09-20 00:36:03] [Info] [hammerspace.main] [ACT] custom submesh 'custom0': bone 5 GeoId -> 2 at ACT+0x20 (section-relative; stable across hammerspace relocation)
[2026-09-20 00:36:03] [Error] [hammerspace.main] Bone 1: SRTOffset 0x103F is before the ACT section start (0x1040); the .sluggie's SRTOffset metadata does not match this model's ACT section layout. Re-export the model with the latest SluggiesTools export.py, then export from Blender again.
[2026-09-20 00:36:03] [Info] [hammerspace.main] [ACT] root-bone SRT scale: bone 1 wrote 400000003fc000003f800000 at ACT+0x54 (section-relative; stable across hammerspace relocation)
[2026-09-20 00:36:03] [Info] [hammerspace.main] [Container] DOL entry is an archive: 3 slots, 3 populated; rebuilding slot 1 at +0x60 and carrying the other 2 member(s) along
[2026-09-20 00:36:03] [Info] [hammerspace.main] [Container] archive slot 1 64 -> 192 bytes; 1 later slot(s) shifted by +128; archive 256 -> 384 bytes
[2026-09-20 00:36:03] [Info] [hammerspace.main] [Container] preserving 32-byte DOL entry prefix; inner model starts at +0x20
[2026-09-20 00:36:03] [Info] [hammerspace.main] [Container] DOL entry is an archive: 3 slots, 3 populated; rebuilding slot 1 at +0x60 and carrying the other 2 member(s) along
[2026-09-20 00:36:03] [Info] [hammerspace.main] [Container] archive slot 1 64 -> 192 bytes; 1 later slot(s) shifted by +128; archive 256 -> 384 bytes
[2026-09-20 00:36:03] [Info] [hammerspace.main] [Container] DOL entry is an archive: 3 slots, 3 populated; rebuilding slot 1 at +0x60 and carrying the other 2 member(s) along
[2026-09-20 00:36:03] [Info] [hammerspace.main] [Container] archive slot 1 64 -> 192 bytes; 1 later slot(s) shifted by +128; archive 256 -> 384 bytes
[2026-09-20 00:36:03] [Info] [hammerspace.main] [CloneGPL] 4 bytes from block+0x20
[2026-09-20 00:36:03] [Info] [hammerspace.main] [HDR] +0x18 patched: 0x00000180 → 0x00000100
[2026-09-20 00:36:03] [Info] [hammerspace.main] [HDR] +0x14 patched: 0x00000100 → 0x000000A0
[2026-09-20 00:36:03] [Info] [hammerspace.main] [HDR] +0x18 patched: 0x00000140 → 0x000000E0
[2026-09-20 00:36:03] [Info] [hammerspace.main] [HDR] +0x1C patched: 0x00000180 → 0x00000120
[2026-09-20 00:36:03] [Info] [hammerspace.main] [GPL] patched material state sub0 ds0 at GPL+0x10
[2026-09-20 00:36:03] [Info] [hammerspace.main] [GPL] patched material state sub0 ds1 at GPL+0x20
[2026-09-20 00:36:03] [Info] [hammerspace.main] [GPL] patched position array sub0 at GPL+0x10 (6 bytes)
[2026-09-20 00:36:03] [Info] [hammerspace.main] Model already in hammerspace at 0x00003000; keeping the old route live until replacement commits
[2026-09-20 00:36:03] [Info] [hammerspace.main] Hammerspace Log: Replaced | Model: fixture.sluggie | Old address: 0x00003000 | Old size: 0.00 MB
[2026-09-20 00:36:03] [Info] [hammerspace.main] Hammerspace Log: Written | Model: fixture.sluggie | Chunk: 18 | File: 0 | Address: 0x00004000 | Size: 0.00 MB | Modes: {'GPL': 'clone', 'ACT': 'clone', 'TEX': 'clone', 'SKN': 'clone', 'trailing': 'clone'}
[2026-09-20 00:36:03] [Info] [hammerspace.main] Model already in hammerspace at 0x00003000; keeping the old route live until replacement commits
[2026-09-20 00:36:03] [Info] [hammerspace.main] Model already in hammerspace at 0x00003000; keeping the old route live until replacement commits
[2026-09-20 00:36:03] [Info] [hammerspace.main] Hammerspace Log: Replaced | Model: fixture.sluggie | Old address: 0x00003000 | Old size: 0.00 MB
[2026-09-20 00:36:03] [Info] [hammerspace.main] Hammerspace Log: Written | Model: fixture.sluggie | Chunk: 18 | File: 0 | Address: 0x00004000 | Size: 0.00 MB | Modes: {'GPL': 'clone', 'ACT': 'clone', 'TEX': 'clone', 'SKN': 'clone', 'trailing': 'clone'}
[2026-09-20 00:36:03] [Info] [hammerspace.main] Model already in hammerspace at 0x00003000; keeping the old route live until replacement commits
[2026-09-20 00:36:03] [Info] [hammerspace.main] [GPL] appended UV array sub0 uv0 at GPL+0x80 (8 bytes)
[2026-09-20 00:36:03] [Info] [hammerspace.main] [GPL] appended primitive list sub0 ds0 (32 bytes)
[2026-09-20 00:36:03] [Info] [hammerspace.main] [GPL] patched UV array sub0 uv0 at GPL+0x14 (4 bytes)
[2026-09-20 00:36:03] [Info] [hammerspace.main] Hammerspace Log: Written | Model: fixture.sluggie | Chunk: 18 | File: 0 | Address: 0x00001020 | Size: 0.00 MB | Modes: {'GPL': 'clone', 'ACT': 'clone', 'TEX': 'clone', 'SKN': 'clone', 'trailing': 'clone'}
[2026-09-20 00:36:03] [Info] [hammerspace.main] Hammerspace Log: Written | Model: fixture.sluggie | Chunk: 18 | File: 0 | Address: 0x00002000 | Size: 0.00 MB | Modes: {'GPL': 'clone', 'ACT': 'clone', 'TEX': 'clone', 'SKN': 'clone', 'trailing': 'clone'}
[2026-09-20 00:36:03] [Warning] [hammerspace.main] [SKN] SK1/SK2 destinations are not cache-line exclusive; source arrays packed sequentially instead of mirroring the position buffer (donor layout rule) — facial poses on skinned vertices may break in-game
[2026-09-20 00:36:03] [Info] [hammerspace.main] [BuildTEX] built 5 texture(s), 5 image payload(s), 0 palette payload(s); section size 832 bytes
[2026-09-20 00:36:03] [Info] [hammerspace.main] [BuildTEX] built 2 texture(s), 2 image payload(s), 0 palette payload(s); section size 160 bytes
[2026-09-20 00:36:03] [Info] [hammerspace.main] [BuildTEX] No textures; returning empty TEX section
[2026-09-20 00:36:03] [Info] [hammerspace.main] [BuildTEX] built 2 texture(s), 2 image payload(s), 0 palette payload(s); section size 160 bytes
[2026-09-20 00:36:03] [Info] [hammerspace.main] [BuildTEX] built 2 texture(s), 2 image payload(s), 2 palette payload(s); section size 256 bytes
[2026-09-20 00:36:03] [Info] [hammerspace.main] [BuildTEX] built 1 texture(s), 1 image payload(s), 0 palette payload(s); section size 96 bytes
[2026-09-20 00:36:03] [Info] [hammerspace.main] [CloneGPL] 129,568 bytes from block+0x20
[2026-09-20 00:36:03] [Info] [hammerspace.main] [GPL] appended custom submesh 'custom0' as submesh 3 (host bone 2, template builtin:rigid_spec_v1)
[2026-09-20 00:36:03] [Info] [hammerspace.main] [CloneACT] 7,392 bytes from block+0x1FA40
[2026-09-20 00:36:03] [Info] [hammerspace.main] [ACT] custom submesh 'custom0': bone 2 GeoId -> 3 at ACT+0x6C (section-relative; stable across hammerspace relocation)
[2026-09-20 00:36:03] [Info] [hammerspace.main] [CloneACT] 7,392 bytes from block+0x1FA40
[2026-09-20 00:36:03] [Info] [hammerspace.main] [CloneTEX] 248,000 bytes from block+0x21720
[2026-09-20 00:36:03] [Info] [hammerspace.main] [CloneSKN] 38,208 bytes from block+0x5DFE0
[2026-09-20 00:36:03] [Info] [hammerspace.main] [CloneHEADER] 0x20 bytes from offset 0x04AA6C20
[2026-09-20 00:36:03] [Info] [hammerspace.main] [HDR] +0x18 patched: 0x00067520 → 0x000677A0
[2026-09-20 00:36:03] [Info] [hammerspace.main] [CloneGPL] 129,568 bytes from block+0x20
[2026-09-20 00:36:03] [Info] [hammerspace.main] [GPL] appended custom submesh 'custom0' as submesh 3 (host bone 4, template derived:sm0_ds5)
[2026-09-20 00:36:03] [Info] [hammerspace.main] [CloneACT] 7,392 bytes from block+0x1FA40
[2026-09-20 00:36:03] [Info] [hammerspace.main] [ACT] custom submesh 'custom0': bone 4 GeoId -> 3 at ACT+0xA4 (section-relative; stable across hammerspace relocation)
[2026-09-20 00:36:03] [Info] [hammerspace.main] [CloneACT] 7,392 bytes from block+0x1FA40
[2026-09-20 00:36:03] [Info] [hammerspace.main] [CloneTEX] 248,000 bytes from block+0x21720
[2026-09-20 00:36:03] [Info] [hammerspace.main] [CloneSKN] 38,208 bytes from block+0x5DFE0
[2026-09-20 00:36:03] [Info] [hammerspace.main] [CloneHEADER] 0x20 bytes from offset 0x04AA6C20
[2026-09-20 00:36:03] [Info] [hammerspace.main] [HDR] +0x18 patched: 0x00067520 → 0x000677A0
[2026-09-20 00:36:03] [Info] [hammerspace.main] [CloneGPL] 129,568 bytes from block+0x20
[2026-09-20 00:36:03] [Info] [hammerspace.main] [CloneGPL] 129,568 bytes from block+0x20
[2026-09-20 00:36:03] [Info] [hammerspace.main] [GPL] appended custom submesh 'custom0' as submesh 3 (host bone 2, template builtin:rigid_spec_v1)
[2026-09-20 00:36:03] [Info] [hammerspace.main] [CloneACT] 7,392 bytes from block+0x1FA40
[2026-09-20 00:36:03] [Info] [hammerspace.main] [ACT] custom submesh 'custom0': bone 2 GeoId -> 3 at ACT+0x6C (section-relative; stable across hammerspace relocation)
[2026-09-20 00:36:03] [Info] [hammerspace.main] [CloneACT] 7,392 bytes from block+0x1FA40
[2026-09-20 00:36:03] [Info] [hammerspace.main] [CloneTEX] 248,000 bytes from block+0x21720
[2026-09-20 00:36:03] [Info] [hammerspace.main] [CloneSKN] 38,208 bytes from block+0x5DFE0
[2026-09-20 00:36:03] [Info] [hammerspace.main] [CloneHEADER] 0x20 bytes from offset 0x04AA6C20
[2026-09-20 00:36:03] [Info] [hammerspace.main] [HDR] +0x18 patched: 0x00067520 → 0x000677A0
[2026-09-20 00:36:04] [Info] [hammerspace.main] [CloneGPL] 129,568 bytes from block+0x20
[2026-09-20 00:36:04] [Info] [hammerspace.main] [GPL] appended custom submesh 'custom0' as submesh 3 (host bone 3, template rigid:sm1_ds5)
[2026-09-20 00:36:04] [Info] [hammerspace.main] [CloneACT] 7,392 bytes from block+0x1FA40
[2026-09-20 00:36:04] [Info] [hammerspace.main] [ACT] custom submesh 'custom0': bone 3 GeoId -> 3 at ACT+0x88 (section-relative; stable across hammerspace relocation)
[2026-09-20 00:36:04] [Info] [hammerspace.main] [CloneACT] 7,392 bytes from block+0x1FA40
[2026-09-20 00:36:04] [Info] [hammerspace.main] [CloneTEX] 248,000 bytes from block+0x21720
[2026-09-20 00:36:04] [Info] [hammerspace.main] [CloneSKN] 38,208 bytes from block+0x5DFE0
[2026-09-20 00:36:04] [Info] [hammerspace.main] [CloneHEADER] 0x20 bytes from offset 0x04AA6C20
[2026-09-20 00:36:04] [Info] [hammerspace.main] [HDR] +0x18 patched: 0x00067520 → 0x000677E0
[2026-09-20 00:36:04] [Info] [hammerspace.main] [GPL] appended custom submesh 'custom0' as submesh 1 (host bone 5, template builtin:rigid_spec_v1)
[2026-09-20 00:36:04] [Info] [geometry.rebuild] [M3.3] sub0: normal buffer compacted to 5 unique normals
[2026-09-20 00:36:04] [Info] [geometry.rebuild] [M3.2] sub0: rebuilt draw states [1]; descriptor upgrades []; triangulated 0 irreducible GX blocks
[2026-09-20 00:36:04] [Info] [geometry.rebuild] [M3.2] sub0 uv0: 6 expanded coords -> 5 compact; indices rebuilt
[2026-09-20 00:36:04] [Info] [geometry.rebuild] [M3.3] sub0: normal buffer compacted to 5 unique normals
[2026-09-20 00:36:04] [Info] [geometry.rebuild] [M3.2] sub0: rebuilt draw states [1]; descriptor upgrades []; triangulated 0 irreducible GX blocks
[2026-09-20 00:36:04] [Info] [geometry.rebuild] [M3.3] sub0: normal buffer compacted to 4 unique normals
[2026-09-20 00:42:14] [Info] [hammerspace.main] [CloneACT] 7,392 bytes from block+0x1FA40
[2026-09-20 00:42:14] [Info] [hammerspace.main] [CloneACT] 7,392 bytes from block+0x1FA40
[2026-09-20 00:42:14] [Info] [hammerspace.main] [CloneACT] 7,392 bytes from block+0x1FA40
[2026-09-20 00:42:14] [Info] [hammerspace.main] [CloneACT] 7,392 bytes from block+0x1FA40
[2026-09-20 00:42:15] [Info] [hammerspace.main] [CloneACT] 7,392 bytes from block+0x1FA40
[2026-09-20 00:42:15] [Info] [hammerspace.main] [ACT] bone 2 GeoId -> 3 at ACT+0x6C (GeoIdEdited retarget; section-relative, stable across hammerspace relocation)
[2026-09-20 00:42:15] [Info] [hammerspace.main] [CloneACT] 7,392 bytes from block+0x1FA40
[2026-09-20 00:42:15] [Info] [hammerspace.main] [CloneTEX] 248,000 bytes from block+0x21720
[2026-09-20 00:42:15] [Info] [hammerspace.main] [CloneSKN] 38,208 bytes from block+0x5DFE0
[2026-09-20 00:42:15] [Info] [hammerspace.main] [CloneHEADER] 0x20 bytes from offset 0x04AA6C20
[2026-09-20 00:42:15] [Info] [hammerspace.main] [HDR] +0x18 patched: 0x00067520 → 0x000707E0
[2026-09-20 00:42:15] [Info] [build_add_submesh_fixture] [ACT] bone 2 GeoId already reads submesh 3 at ACT+0x6C (applied by BuildModelBlock via GeoIdEdited)
[2026-09-20 00:42:15] [Info] [hammerspace.main] [CloneACT] 7,392 bytes from block+0x1FA40
[2026-09-20 00:42:15] [Info] [hammerspace.main] [ACT] bone 2 GeoId -> 3 at ACT+0x6C (GeoIdEdited retarget; section-relative, stable across hammerspace relocation)
[2026-09-20 00:42:15] [Info] [hammerspace.main] [CloneACT] 7,392 bytes from block+0x1FA40
[2026-09-20 00:42:15] [Info] [hammerspace.main] [CloneTEX] 248,000 bytes from block+0x21720
[2026-09-20 00:42:15] [Info] [hammerspace.main] [CloneSKN] 38,208 bytes from block+0x5DFE0
[2026-09-20 00:42:15] [Info] [hammerspace.main] [CloneHEADER] 0x20 bytes from offset 0x04AA6C20
[2026-09-20 00:42:15] [Info] [hammerspace.main] [HDR] +0x18 patched: 0x00067520 → 0x00067840
[2026-09-20 00:42:15] [Info] [build_add_submesh_fixture] [ACT] bone 2 GeoId already reads submesh 3 at ACT+0x6C (applied by BuildModelBlock via GeoIdEdited)
[2026-09-20 00:42:15] [Info] [hammerspace.main] [CloneACT] 7,392 bytes from block+0x1FA40
[2026-09-20 00:42:15] [Info] [hammerspace.main] [ACT] bone 2 GeoId -> 3 at ACT+0x6C (GeoIdEdited retarget; section-relative, stable across hammerspace relocation)
[2026-09-20 00:42:15] [Info] [hammerspace.main] [CloneACT] 7,392 bytes from block+0x1FA40
[2026-09-20 00:42:15] [Info] [hammerspace.main] [CloneTEX] 248,000 bytes from block+0x21720
[2026-09-20 00:42:15] [Info] [hammerspace.main] [CloneSKN] 38,208 bytes from block+0x5DFE0
[2026-09-20 00:42:15] [Info] [hammerspace.main] [CloneHEADER] 0x20 bytes from offset 0x04AA6C20
[2026-09-20 00:42:15] [Info] [hammerspace.main] [HDR] +0x18 patched: 0x00067520 → 0x000707E0
[2026-09-20 00:42:15] [Info] [build_add_submesh_fixture] [ACT] bone 2 GeoId already reads submesh 3 at ACT+0x6C (applied by BuildModelBlock via GeoIdEdited)
[2026-09-20 00:42:15] [Info] [hammerspace.main] [CloneACT] 7,392 bytes from block+0x1FA40
[2026-09-20 00:42:15] [Info] [hammerspace.main] [ACT] bone 2 GeoId -> 3 at ACT+0x6C (GeoIdEdited retarget; section-relative, stable across hammerspace relocation)
[2026-09-20 00:42:15] [Info] [hammerspace.main] [CloneACT] 7,392 bytes from block+0x1FA40
[2026-09-20 00:42:15] [Info] [hammerspace.main] [CloneTEX] 248,000 bytes from block+0x21720
[2026-09-20 00:42:15] [Info] [hammerspace.main] [CloneSKN] 38,208 bytes from block+0x5DFE0
[2026-09-20 00:42:15] [Info] [hammerspace.main] [CloneHEADER] 0x20 bytes from offset 0x04AA6C20
[2026-09-20 00:42:15] [Info] [hammerspace.main] [HDR] +0x18 patched: 0x00067520 → 0x000707E0
[2026-09-20 00:42:15] [Info] [build_add_submesh_fixture] [ACT] bone 2 GeoId already reads submesh 3 at ACT+0x6C (applied by BuildModelBlock via GeoIdEdited)
[2026-09-20 00:42:17] [Info] [geometry.rebuild] [M3.3] sub0 color: 4 donor entries -> 4 compact; indices rebuilt
[2026-09-20 00:42:17] [Info] [geometry.rebuild] [M3.2] sub0: rebuilt draw states [1]; descriptor upgrades []; triangulated 0 irreducible GX blocks
[2026-09-20 00:42:17] [Info] [geometry.rebuild] [M3.3] sub0 color: 4 donor entries -> 4 compact; indices preserved
[2026-09-20 00:42:17] [Info] [hammerspace.main] [CloneGPL] 129,568 bytes from block+0x20
[2026-09-20 00:42:17] [Info] [hammerspace.main] [GPL] patched position array sub0 at GPL+0x60 (22,224 bytes)
[2026-09-20 00:42:17] [Info] [hammerspace.main] [GPL] appended custom submesh 'custom0' as submesh 3 (host bone 2, template builtin:rigid_spec_v1)
[2026-09-20 00:42:17] [Info] [hammerspace.main] [CloneACT] 7,392 bytes from block+0x1FA40
[2026-09-20 00:42:17] [Info] [hammerspace.main] [ACT] custom submesh 'custom0': bone 2 GeoId -> 3 at ACT+0x6C (section-relative; stable across hammerspace relocation)
[2026-09-20 00:42:17] [Info] [hammerspace.main] [CloneACT] 7,392 bytes from block+0x1FA40
[2026-09-20 00:42:17] [Info] [hammerspace.main] [CloneTEX] 248,000 bytes from block+0x21720
[2026-09-20 00:42:17] [Info] [hammerspace.main] [CloneSKN] 38,208 bytes from block+0x5DFE0
[2026-09-20 00:42:17] [Info] [hammerspace.main] [CloneHEADER] 0x20 bytes from offset 0x04AA6C20
[2026-09-20 00:42:17] [Info] [hammerspace.main] [HDR] +0x18 patched: 0x00067520 → 0x00067780
[2026-09-20 00:42:17] [Info] [hammerspace.main] [CloneGPL] 129,568 bytes from block+0x20
[2026-09-20 00:42:17] [Info] [hammerspace.main] [GPL] patched position array sub0 at GPL+0x60 (22,224 bytes)
[2026-09-20 00:42:17] [Info] [hammerspace.main] [GPL] appended custom submesh 'custom0' as submesh 3 (host bone 2, template builtin:rigid_spec_v1)
[2026-09-20 00:42:17] [Info] [hammerspace.main] [CloneACT] 7,392 bytes from block+0x1FA40
[2026-09-20 00:42:17] [Info] [hammerspace.main] [ACT] custom submesh 'custom0': bone 2 GeoId -> 3 at ACT+0x6C (section-relative; stable across hammerspace relocation)
[2026-09-20 00:42:17] [Info] [hammerspace.main] [CloneACT] 7,392 bytes from block+0x1FA40
[2026-09-20 00:42:17] [Info] [hammerspace.main] [CloneTEX] 248,000 bytes from block+0x21720
[2026-09-20 00:42:17] [Info] [hammerspace.main] [CloneSKN] 38,208 bytes from block+0x5DFE0
[2026-09-20 00:42:17] [Info] [hammerspace.main] [CloneHEADER] 0x20 bytes from offset 0x04AA6C20
[2026-09-20 00:42:17] [Info] [hammerspace.main] [HDR] +0x18 patched: 0x00067520 → 0x00067780
[2026-09-20 00:42:17] [Info] [hammerspace.main] [CloneGPL] 129,568 bytes from block+0x20
[2026-09-20 00:42:17] [Info] [hammerspace.main] [GPL] patched position array sub0 at GPL+0x60 (22,224 bytes)
[2026-09-20 00:42:17] [Info] [hammerspace.main] [GPL] appended custom submesh 'custom0' as submesh 3 (host bone 2, template rigid:sm1_ds5)
[2026-09-20 00:42:17] [Info] [hammerspace.main] [CloneACT] 7,392 bytes from block+0x1FA40
[2026-09-20 00:42:17] [Info] [hammerspace.main] [ACT] custom submesh 'custom0': bone 2 GeoId -> 3 at ACT+0x6C (section-relative; stable across hammerspace relocation)
[2026-09-20 00:42:17] [Info] [hammerspace.main] [CloneACT] 7,392 bytes from block+0x1FA40
[2026-09-20 00:42:17] [Info] [hammerspace.main] [CloneTEX] 248,000 bytes from block+0x21720
[2026-09-20 00:42:17] [Info] [hammerspace.main] [CloneSKN] 38,208 bytes from block+0x5DFE0
[2026-09-20 00:42:17] [Info] [hammerspace.main] [CloneHEADER] 0x20 bytes from offset 0x04AA6C20
[2026-09-20 00:42:17] [Info] [hammerspace.main] [HDR] +0x18 patched: 0x00067520 → 0x000677C0
[2026-09-20 00:42:17] [Info] [hammerspace.main] [CloneGPL] 129,568 bytes from block+0x20
[2026-09-20 00:42:17] [Info] [hammerspace.main] [GPL] patched position array sub0 at GPL+0x60 (22,224 bytes)
[2026-09-20 00:42:17] [Info] [hammerspace.main] [GPL] appended custom submesh 'custom0' as submesh 3 (host bone 2, template derived:sm0_ds5)
[2026-09-20 00:42:17] [Info] [hammerspace.main] [CloneACT] 7,392 bytes from block+0x1FA40
[2026-09-20 00:42:17] [Info] [hammerspace.main] [ACT] custom submesh 'custom0': bone 2 GeoId -> 3 at ACT+0x6C (section-relative; stable across hammerspace relocation)
[2026-09-20 00:42:17] [Info] [hammerspace.main] [CloneACT] 7,392 bytes from block+0x1FA40
[2026-09-20 00:42:17] [Info] [hammerspace.main] [CloneTEX] 248,000 bytes from block+0x21720
[2026-09-20 00:42:17] [Info] [hammerspace.main] [CloneSKN] 38,208 bytes from block+0x5DFE0
[2026-09-20 00:42:17] [Info] [hammerspace.main] [CloneHEADER] 0x20 bytes from offset 0x04AA6C20
[2026-09-20 00:42:17] [Info] [hammerspace.main] [HDR] +0x18 patched: 0x00067520 → 0x00067780
[2026-09-20 00:42:17] [Info] [hammerspace.main] [CloneGPL] 129,568 bytes from block+0x20
[2026-09-20 00:42:17] [Info] [hammerspace.main] [GPL] patched position array sub0 at GPL+0x60 (22,224 bytes)
[2026-09-20 00:42:17] [Info] [hammerspace.main] [GPL] appended custom submesh 'custom0' as submesh 3 (host bone 2, template builtin:rigid_spec_v1)
[2026-09-20 00:42:17] [Info] [hammerspace.main] [CloneACT] 7,392 bytes from block+0x1FA40
[2026-09-20 00:42:17] [Info] [hammerspace.main] [ACT] custom submesh 'custom0': bone 2 GeoId -> 3 at ACT+0x6C (section-relative; stable across hammerspace relocation)
[2026-09-20 00:42:17] [Info] [hammerspace.main] [CloneACT] 7,392 bytes from block+0x1FA40
[2026-09-20 00:42:17] [Info] [hammerspace.main] [CloneTEX] 248,000 bytes from block+0x21720
[2026-09-20 00:42:17] [Info] [hammerspace.main] [CloneSKN] 38,208 bytes from block+0x5DFE0
[2026-09-20 00:42:17] [Info] [hammerspace.main] [CloneHEADER] 0x20 bytes from offset 0x04AA6C20
[2026-09-20 00:42:17] [Info] [hammerspace.main] [HDR] +0x18 patched: 0x00067520 → 0x00067780
[2026-09-20 00:42:18] [Info] [dispatcher] Resolved PNG '0.png' → model.sluggie texture 0
[2026-09-20 00:42:18] [Info] [dispatcher] Resolved PNG '0.png' → model.sluggie texture 0
[2026-09-20 00:42:18] [Info] [dispatcher] Found: C:\Users\gerno\AppData\Local\Temp\tmpgq8wsbxy\model.sluggie
[2026-09-20 00:42:18] [Info] [dispatcher] Resolved PNG '0.png' → model.sluggie texture 0
[2026-09-20 00:42:18] [Info] [dispatcher] Found: C:\Users\gerno\AppData\Local\Temp\tmpg53onx5q\model.sluggie
[2026-09-20 00:42:18] [Warning] [act] bone 0 is not relative
[2026-09-20 00:42:18] [Warning] [act] bone 0 is not relative
[2026-09-20 00:42:18] [Warning] [act] bone 0 is not relative
[2026-09-20 00:42:18] [Info] [hammerspace.helper] [1] Current DOL entry: chunk=0, file_index=0, offset=0x00000008 (8), length=0x00000008 (8 bytes)
[2026-09-20 00:42:18] [Info] [hammerspace.helper] [2] Original DOL entry: offset=0x00000008 (8), length=0x00000008 (8 bytes)
[2026-09-20 00:42:18] [Info] [hammerspace.helper] DOL entry was already restored; original model bytes were repaired and verified.
[2026-09-20 00:42:18] [Info] [hammerspace.helper] [1] Current DOL entry: chunk=0, file_index=0, offset=0x00000040 (64), length=0x00000008 (8 bytes)
[2026-09-20 00:42:18] [Info] [hammerspace.helper] [2] Original DOL entry: offset=0x00000008 (8), length=0x00000008 (8 bytes)
[2026-09-20 00:42:18] [Info] [hammerspace.helper] [3] Restored and verified 8 original model bytes at 0x00000008.
[2026-09-20 00:42:18] [Info] [hammerspace.helper] [4] Restoring original DOL entry ...
[2026-09-20 00:42:18] [Info] [hammerspace.helper] [5] Zeroing 8 bytes at 0x00000040 in OUTPUT dt_na.dat ...
[2026-09-20 00:42:18] [Info] [hammerspace.helper]     Zeroed 8 bytes.
[2026-09-20 00:42:18] [Info] [hammerspace.helper] Done. chunk=0, file_index=0 removed from hammerspace.
[2026-09-20 00:42:18] [Info] [hammerspace.main] [ACT] bone 5 GeoId -> 65535 at ACT+0x20 (GeoIdEdited retarget; section-relative, stable across hammerspace relocation)
[2026-09-20 00:42:18] [Info] [hammerspace.main] [ACT] custom submesh 'custom0': bone 5 GeoId -> 2 at ACT+0x20 (section-relative; stable across hammerspace relocation)
[2026-09-20 00:42:18] [Info] [hammerspace.main] [ACT] bone 6 GeoId -> 1 at ACT+0x28 (GeoIdEdited retarget; section-relative, stable across hammerspace relocation)
[2026-09-20 00:42:18] [Info] [hammerspace.main] [ACT] bone 5 GeoId -> 65535 at ACT+0x20 (GeoIdEdited retarget; section-relative, stable across hammerspace relocation)
[2026-09-20 00:42:18] [Info] [hammerspace.main] [ACT] custom submesh 'custom0': bone 5 GeoId -> 1 at ACT+0x20 (section-relative; stable across hammerspace relocation)
[2026-09-20 00:42:18] [Info] [hammerspace.main] [ACT] custom submesh 'custom1': bone 6 GeoId -> 2 at ACT+0x28 (section-relative; stable across hammerspace relocation)
[2026-09-20 00:42:18] [Info] [hammerspace.main] [ACT] custom submesh 'custom0': bone 5 GeoId -> 2 at ACT+0x20 (section-relative; stable across hammerspace relocation)
[2026-09-20 00:42:18] [Error] [hammerspace.main] Bone 1: SRTOffset 0x103F is before the ACT section start (0x1040); the .sluggie's SRTOffset metadata does not match this model's ACT section layout. Re-export the model with the latest SluggiesTools export.py, then export from Blender again.
[2026-09-20 00:42:18] [Info] [hammerspace.main] [ACT] root-bone SRT scale: bone 1 wrote 400000003fc000003f800000 at ACT+0x54 (section-relative; stable across hammerspace relocation)
[2026-09-20 00:42:18] [Info] [hammerspace.main] [Container] DOL entry is an archive: 3 slots, 3 populated; rebuilding slot 1 at +0x60 and carrying the other 2 member(s) along
[2026-09-20 00:42:18] [Info] [hammerspace.main] [Container] archive slot 1 64 -> 192 bytes; 1 later slot(s) shifted by +128; archive 256 -> 384 bytes
[2026-09-20 00:42:18] [Info] [hammerspace.main] [Container] preserving 32-byte DOL entry prefix; inner model starts at +0x20
[2026-09-20 00:42:18] [Info] [hammerspace.main] [Container] DOL entry is an archive: 3 slots, 3 populated; rebuilding slot 1 at +0x60 and carrying the other 2 member(s) along
[2026-09-20 00:42:18] [Info] [hammerspace.main] [Container] archive slot 1 64 -> 192 bytes; 1 later slot(s) shifted by +128; archive 256 -> 384 bytes
[2026-09-20 00:42:18] [Info] [hammerspace.main] [Container] DOL entry is an archive: 3 slots, 3 populated; rebuilding slot 1 at +0x60 and carrying the other 2 member(s) along
[2026-09-20 00:42:18] [Info] [hammerspace.main] [Container] archive slot 1 64 -> 192 bytes; 1 later slot(s) shifted by +128; archive 256 -> 384 bytes
[2026-09-20 00:42:18] [Info] [hammerspace.main] [CloneGPL] 4 bytes from block+0x20
[2026-09-20 00:42:18] [Info] [hammerspace.main] [HDR] +0x18 patched: 0x00000180 → 0x00000100
[2026-09-20 00:42:18] [Info] [hammerspace.main] [HDR] +0x14 patched: 0x00000100 → 0x000000A0
[2026-09-20 00:42:18] [Info] [hammerspace.main] [HDR] +0x18 patched: 0x00000140 → 0x000000E0
[2026-09-20 00:42:18] [Info] [hammerspace.main] [HDR] +0x1C patched: 0x00000180 → 0x00000120
[2026-09-20 00:42:18] [Info] [hammerspace.main] [GPL] patched material state sub0 ds0 at GPL+0x10
[2026-09-20 00:42:18] [Info] [hammerspace.main] [GPL] patched material state sub0 ds1 at GPL+0x20
[2026-09-20 00:42:18] [Info] [hammerspace.main] [GPL] patched position array sub0 at GPL+0x10 (6 bytes)
[2026-09-20 00:42:18] [Info] [hammerspace.main] Model already in hammerspace at 0x00003000; keeping the old route live until replacement commits
[2026-09-20 00:42:18] [Info] [hammerspace.main] Hammerspace Log: Replaced | Model: fixture.sluggie | Old address: 0x00003000 | Old size: 0.00 MB
[2026-09-20 00:42:18] [Info] [hammerspace.main] Hammerspace Log: Written | Model: fixture.sluggie | Chunk: 18 | File: 0 | Address: 0x00004000 | Size: 0.00 MB | Modes: {'GPL': 'clone', 'ACT': 'clone', 'TEX': 'clone', 'SKN': 'clone', 'trailing': 'clone'}
[2026-09-20 00:42:18] [Info] [hammerspace.main] Model already in hammerspace at 0x00003000; keeping the old route live until replacement commits
[2026-09-20 00:42:18] [Info] [hammerspace.main] Model already in hammerspace at 0x00003000; keeping the old route live until replacement commits
[2026-09-20 00:42:18] [Info] [hammerspace.main] Hammerspace Log: Replaced | Model: fixture.sluggie | Old address: 0x00003000 | Old size: 0.00 MB
[2026-09-20 00:42:18] [Info] [hammerspace.main] Hammerspace Log: Written | Model: fixture.sluggie | Chunk: 18 | File: 0 | Address: 0x00004000 | Size: 0.00 MB | Modes: {'GPL': 'clone', 'ACT': 'clone', 'TEX': 'clone', 'SKN': 'clone', 'trailing': 'clone'}
[2026-09-20 00:42:18] [Info] [hammerspace.main] Model already in hammerspace at 0x00003000; keeping the old route live until replacement commits
[2026-09-20 00:42:18] [Info] [hammerspace.main] [GPL] appended UV array sub0 uv0 at GPL+0x80 (8 bytes)
[2026-09-20 00:42:18] [Info] [hammerspace.main] [GPL] appended primitive list sub0 ds0 (32 bytes)
[2026-09-20 00:42:18] [Info] [hammerspace.main] [GPL] patched UV array sub0 uv0 at GPL+0x14 (4 bytes)
[2026-09-20 00:42:18] [Info] [hammerspace.main] Hammerspace Log: Written | Model: fixture.sluggie | Chunk: 18 | File: 0 | Address: 0x00001020 | Size: 0.00 MB | Modes: {'GPL': 'clone', 'ACT': 'clone', 'TEX': 'clone', 'SKN': 'clone', 'trailing': 'clone'}
[2026-09-20 00:42:18] [Info] [hammerspace.main] Hammerspace Log: Written | Model: fixture.sluggie | Chunk: 18 | File: 0 | Address: 0x00002000 | Size: 0.00 MB | Modes: {'GPL': 'clone', 'ACT': 'clone', 'TEX': 'clone', 'SKN': 'clone', 'trailing': 'clone'}
[2026-09-20 00:42:18] [Warning] [hammerspace.main] [SKN] SK1/SK2 destinations are not cache-line exclusive; source arrays packed sequentially instead of mirroring the position buffer (donor layout rule) — facial poses on skinned vertices may break in-game
[2026-09-20 00:42:18] [Info] [hammerspace.main] [BuildTEX] built 5 texture(s), 5 image payload(s), 0 palette payload(s); section size 832 bytes
[2026-09-20 00:42:18] [Info] [hammerspace.main] [BuildTEX] built 2 texture(s), 2 image payload(s), 0 palette payload(s); section size 160 bytes
[2026-09-20 00:42:18] [Info] [hammerspace.main] [BuildTEX] No textures; returning empty TEX section
[2026-09-20 00:42:18] [Info] [hammerspace.main] [BuildTEX] built 2 texture(s), 2 image payload(s), 0 palette payload(s); section size 160 bytes
[2026-09-20 00:42:18] [Info] [hammerspace.main] [BuildTEX] built 2 texture(s), 2 image payload(s), 2 palette payload(s); section size 256 bytes
[2026-09-20 00:42:18] [Info] [hammerspace.main] [BuildTEX] built 1 texture(s), 1 image payload(s), 0 palette payload(s); section size 96 bytes
[2026-09-20 00:42:18] [Info] [hammerspace.main] [CloneGPL] 129,568 bytes from block+0x20
[2026-09-20 00:42:18] [Info] [hammerspace.main] [GPL] appended custom submesh 'custom0' as submesh 3 (host bone 2, template builtin:rigid_spec_v1)
[2026-09-20 00:42:18] [Info] [hammerspace.main] [CloneACT] 7,392 bytes from block+0x1FA40
[2026-09-20 00:42:18] [Info] [hammerspace.main] [ACT] custom submesh 'custom0': bone 2 GeoId -> 3 at ACT+0x6C (section-relative; stable across hammerspace relocation)
[2026-09-20 00:42:18] [Info] [hammerspace.main] [CloneACT] 7,392 bytes from block+0x1FA40
[2026-09-20 00:42:18] [Info] [hammerspace.main] [CloneTEX] 248,000 bytes from block+0x21720
[2026-09-20 00:42:18] [Info] [hammerspace.main] [CloneSKN] 38,208 bytes from block+0x5DFE0
[2026-09-20 00:42:18] [Info] [hammerspace.main] [CloneHEADER] 0x20 bytes from offset 0x04AA6C20
[2026-09-20 00:42:18] [Info] [hammerspace.main] [HDR] +0x18 patched: 0x00067520 → 0x000677A0
[2026-09-20 00:42:19] [Info] [hammerspace.main] [CloneGPL] 129,568 bytes from block+0x20
[2026-09-20 00:42:19] [Info] [hammerspace.main] [GPL] appended custom submesh 'custom0' as submesh 3 (host bone 4, template derived:sm0_ds5)
[2026-09-20 00:42:19] [Info] [hammerspace.main] [CloneACT] 7,392 bytes from block+0x1FA40
[2026-09-20 00:42:19] [Info] [hammerspace.main] [ACT] custom submesh 'custom0': bone 4 GeoId -> 3 at ACT+0xA4 (section-relative; stable across hammerspace relocation)
[2026-09-20 00:42:19] [Info] [hammerspace.main] [CloneACT] 7,392 bytes from block+0x1FA40
[2026-09-20 00:42:19] [Info] [hammerspace.main] [CloneTEX] 248,000 bytes from block+0x21720
[2026-09-20 00:42:19] [Info] [hammerspace.main] [CloneSKN] 38,208 bytes from block+0x5DFE0
[2026-09-20 00:42:19] [Info] [hammerspace.main] [CloneHEADER] 0x20 bytes from offset 0x04AA6C20
[2026-09-20 00:42:19] [Info] [hammerspace.main] [HDR] +0x18 patched: 0x00067520 → 0x000677A0
[2026-09-20 00:42:19] [Info] [hammerspace.main] [CloneGPL] 129,568 bytes from block+0x20
[2026-09-20 00:42:19] [Info] [hammerspace.main] [CloneGPL] 129,568 bytes from block+0x20
[2026-09-20 00:42:19] [Info] [hammerspace.main] [GPL] appended custom submesh 'custom0' as submesh 3 (host bone 2, template builtin:rigid_spec_v1)
[2026-09-20 00:42:19] [Info] [hammerspace.main] [CloneACT] 7,392 bytes from block+0x1FA40
[2026-09-20 00:42:19] [Info] [hammerspace.main] [ACT] custom submesh 'custom0': bone 2 GeoId -> 3 at ACT+0x6C (section-relative; stable across hammerspace relocation)
[2026-09-20 00:42:19] [Info] [hammerspace.main] [CloneACT] 7,392 bytes from block+0x1FA40
[2026-09-20 00:42:19] [Info] [hammerspace.main] [CloneTEX] 248,000 bytes from block+0x21720
[2026-09-20 00:42:19] [Info] [hammerspace.main] [CloneSKN] 38,208 bytes from block+0x5DFE0
[2026-09-20 00:42:19] [Info] [hammerspace.main] [CloneHEADER] 0x20 bytes from offset 0x04AA6C20
[2026-09-20 00:42:19] [Info] [hammerspace.main] [HDR] +0x18 patched: 0x00067520 → 0x000677A0
[2026-09-20 00:42:19] [Info] [hammerspace.main] [CloneGPL] 129,568 bytes from block+0x20
[2026-09-20 00:42:19] [Info] [hammerspace.main] [GPL] appended custom submesh 'custom0' as submesh 3 (host bone 3, template rigid:sm1_ds5)
[2026-09-20 00:42:19] [Info] [hammerspace.main] [CloneACT] 7,392 bytes from block+0x1FA40
[2026-09-20 00:42:19] [Info] [hammerspace.main] [ACT] custom submesh 'custom0': bone 3 GeoId -> 3 at ACT+0x88 (section-relative; stable across hammerspace relocation)
[2026-09-20 00:42:19] [Info] [hammerspace.main] [CloneACT] 7,392 bytes from block+0x1FA40
[2026-09-20 00:42:19] [Info] [hammerspace.main] [CloneTEX] 248,000 bytes from block+0x21720
[2026-09-20 00:42:19] [Info] [hammerspace.main] [CloneSKN] 38,208 bytes from block+0x5DFE0
[2026-09-20 00:42:19] [Info] [hammerspace.main] [CloneHEADER] 0x20 bytes from offset 0x04AA6C20
[2026-09-20 00:42:19] [Info] [hammerspace.main] [HDR] +0x18 patched: 0x00067520 → 0x000677E0
[2026-09-20 00:42:19] [Info] [hammerspace.main] [GPL] appended custom submesh 'custom0' as submesh 1 (host bone 5, template builtin:rigid_spec_v1)
[2026-09-20 00:42:19] [Info] [geometry.rebuild] [M3.3] sub0: normal buffer compacted to 5 unique normals
[2026-09-20 00:42:19] [Info] [geometry.rebuild] [M3.2] sub0: rebuilt draw states [1]; descriptor upgrades []; triangulated 0 irreducible GX blocks
[2026-09-20 00:42:19] [Info] [geometry.rebuild] [M3.2] sub0 uv0: 6 expanded coords -> 5 compact; indices rebuilt
[2026-09-20 00:42:19] [Info] [geometry.rebuild] [M3.3] sub0: normal buffer compacted to 5 unique normals
[2026-09-20 00:42:19] [Info] [geometry.rebuild] [M3.2] sub0: rebuilt draw states [1]; descriptor upgrades []; triangulated 0 irreducible GX blocks
[2026-09-20 00:42:19] [Info] [geometry.rebuild] [M3.3] sub0: normal buffer compacted to 4 unique normals
[2026-09-20 00:48:27] [Info] [hammerspace.main] [CloneGPL] 129,568 bytes from block+0x20
[2026-09-20 00:48:27] [Info] [hammerspace.main] [GPL] patched position array sub0 at GPL+0x60 (22,224 bytes)
[2026-09-20 00:48:27] [Info] [hammerspace.main] [GPL] appended custom submesh 'custom0' as submesh 3 (host bone 2, template builtin:rigid_spec_v1)
[2026-09-20 00:48:27] [Info] [hammerspace.main] [CloneACT] 7,392 bytes from block+0x1FA40
[2026-09-20 00:48:27] [Info] [hammerspace.main] [ACT] custom submesh 'custom0': bone 2 GeoId -> 3 at ACT+0x6C (section-relative; stable across hammerspace relocation)
[2026-09-20 00:48:27] [Info] [hammerspace.main] [CloneACT] 7,392 bytes from block+0x1FA40
[2026-09-20 00:48:27] [Info] [hammerspace.main] [CloneTEX] 248,000 bytes from block+0x21720
[2026-09-20 00:48:27] [Info] [hammerspace.main] [CloneSKN] 38,208 bytes from block+0x5DFE0
[2026-09-20 00:48:27] [Info] [hammerspace.main] [CloneHEADER] 0x20 bytes from offset 0x04AA6C20
[2026-09-20 00:48:27] [Info] [hammerspace.main] [HDR] +0x18 patched: 0x00067520 → 0x00067780
[2026-09-20 00:48:27] [Info] [hammerspace.main] [CloneGPL] 129,568 bytes from block+0x20
[2026-09-20 00:48:27] [Info] [hammerspace.main] [GPL] patched position array sub0 at GPL+0x60 (22,224 bytes)
[2026-09-20 00:48:27] [Info] [hammerspace.main] [GPL] appended custom submesh 'custom0' as submesh 3 (host bone 2, template builtin:rigid_spec_v1)
[2026-09-20 00:48:27] [Info] [hammerspace.main] [CloneACT] 7,392 bytes from block+0x1FA40
[2026-09-20 00:48:27] [Info] [hammerspace.main] [ACT] custom submesh 'custom0': bone 2 GeoId -> 3 at ACT+0x6C (section-relative; stable across hammerspace relocation)
[2026-09-20 00:48:27] [Info] [hammerspace.main] [CloneACT] 7,392 bytes from block+0x1FA40
[2026-09-20 00:48:27] [Info] [hammerspace.main] [CloneTEX] 248,000 bytes from block+0x21720
[2026-09-20 00:48:27] [Info] [hammerspace.main] [CloneSKN] 38,208 bytes from block+0x5DFE0
[2026-09-20 00:48:27] [Info] [hammerspace.main] [CloneHEADER] 0x20 bytes from offset 0x04AA6C20
[2026-09-20 00:48:27] [Info] [hammerspace.main] [HDR] +0x18 patched: 0x00067520 → 0x00067780
[2026-09-20 00:48:27] [Info] [hammerspace.main] [CloneGPL] 129,568 bytes from block+0x20
[2026-09-20 00:48:27] [Info] [hammerspace.main] [GPL] patched position array sub0 at GPL+0x60 (22,224 bytes)
[2026-09-20 00:48:27] [Info] [hammerspace.main] [GPL] appended custom submesh 'custom0' as submesh 3 (host bone 2, template rigid:sm1_ds5)
[2026-09-20 00:48:27] [Info] [hammerspace.main] [CloneACT] 7,392 bytes from block+0x1FA40
[2026-09-20 00:48:27] [Info] [hammerspace.main] [ACT] custom submesh 'custom0': bone 2 GeoId -> 3 at ACT+0x6C (section-relative; stable across hammerspace relocation)
[2026-09-20 00:48:27] [Info] [hammerspace.main] [CloneACT] 7,392 bytes from block+0x1FA40
[2026-09-20 00:48:27] [Info] [hammerspace.main] [CloneTEX] 248,000 bytes from block+0x21720
[2026-09-20 00:48:27] [Info] [hammerspace.main] [CloneSKN] 38,208 bytes from block+0x5DFE0
[2026-09-20 00:48:27] [Info] [hammerspace.main] [CloneHEADER] 0x20 bytes from offset 0x04AA6C20
[2026-09-20 00:48:27] [Info] [hammerspace.main] [HDR] +0x18 patched: 0x00067520 → 0x000677C0
[2026-09-20 00:48:27] [Info] [hammerspace.main] [CloneGPL] 129,568 bytes from block+0x20
[2026-09-20 00:48:27] [Info] [hammerspace.main] [GPL] patched position array sub0 at GPL+0x60 (22,224 bytes)
[2026-09-20 00:48:27] [Info] [hammerspace.main] [GPL] appended custom submesh 'custom0' as submesh 3 (host bone 2, template derived:sm0_ds5)
[2026-09-20 00:48:27] [Info] [hammerspace.main] [CloneACT] 7,392 bytes from block+0x1FA40
[2026-09-20 00:48:27] [Info] [hammerspace.main] [ACT] custom submesh 'custom0': bone 2 GeoId -> 3 at ACT+0x6C (section-relative; stable across hammerspace relocation)
[2026-09-20 00:48:27] [Info] [hammerspace.main] [CloneACT] 7,392 bytes from block+0x1FA40
[2026-09-20 00:48:27] [Info] [hammerspace.main] [CloneTEX] 248,000 bytes from block+0x21720
[2026-09-20 00:48:27] [Info] [hammerspace.main] [CloneSKN] 38,208 bytes from block+0x5DFE0
[2026-09-20 00:48:27] [Info] [hammerspace.main] [CloneHEADER] 0x20 bytes from offset 0x04AA6C20
[2026-09-20 00:48:27] [Info] [hammerspace.main] [HDR] +0x18 patched: 0x00067520 → 0x00067780
[2026-09-20 00:48:27] [Info] [hammerspace.main] [CloneGPL] 129,568 bytes from block+0x20
[2026-09-20 00:48:27] [Info] [hammerspace.main] [GPL] patched position array sub0 at GPL+0x60 (22,224 bytes)
[2026-09-20 00:48:27] [Info] [hammerspace.main] [GPL] appended custom submesh 'custom0' as submesh 3 (host bone 2, template builtin:rigid_spec_v1)
[2026-09-20 00:48:27] [Info] [hammerspace.main] [CloneACT] 7,392 bytes from block+0x1FA40
[2026-09-20 00:48:27] [Info] [hammerspace.main] [ACT] custom submesh 'custom0': bone 2 GeoId -> 3 at ACT+0x6C (section-relative; stable across hammerspace relocation)
[2026-09-20 00:48:27] [Info] [hammerspace.main] [CloneACT] 7,392 bytes from block+0x1FA40
[2026-09-20 00:48:27] [Info] [hammerspace.main] [CloneTEX] 248,000 bytes from block+0x21720
[2026-09-20 00:48:27] [Info] [hammerspace.main] [CloneSKN] 38,208 bytes from block+0x5DFE0
[2026-09-20 00:48:27] [Info] [hammerspace.main] [CloneHEADER] 0x20 bytes from offset 0x04AA6C20
[2026-09-20 00:48:27] [Info] [hammerspace.main] [HDR] +0x18 patched: 0x00067520 → 0x00067780
[2026-09-20 00:50:06] [Info] [hammerspace.main] [CloneACT] 7,392 bytes from block+0x1FA40
[2026-09-20 00:50:06] [Info] [hammerspace.main] [ACT] bone 2 GeoId -> 3 at ACT+0x6C (GeoIdEdited retarget; section-relative, stable across hammerspace relocation)
[2026-09-20 00:50:06] [Info] [hammerspace.main] [CloneACT] 7,392 bytes from block+0x1FA40
[2026-09-20 00:50:06] [Info] [hammerspace.main] [CloneTEX] 248,000 bytes from block+0x21720
[2026-09-20 00:50:06] [Info] [hammerspace.main] [CloneSKN] 38,208 bytes from block+0x5DFE0
[2026-09-20 00:50:06] [Info] [hammerspace.main] [CloneHEADER] 0x20 bytes from offset 0x04AA6C20
[2026-09-20 00:50:06] [Info] [hammerspace.main] [HDR] +0x18 patched: 0x00067520 → 0x000707E0
[2026-09-20 00:50:06] [Info] [build_add_submesh_fixture] [ACT] bone 2 GeoId already reads submesh 3 at ACT+0x6C (applied by BuildModelBlock via GeoIdEdited)
[2026-09-20 00:50:06] [Info] [hammerspace.main] [CloneACT] 7,392 bytes from block+0x1FA40
[2026-09-20 00:50:06] [Info] [hammerspace.main] [ACT] bone 2 GeoId -> 3 at ACT+0x6C (GeoIdEdited retarget; section-relative, stable across hammerspace relocation)
[2026-09-20 00:50:06] [Info] [hammerspace.main] [CloneACT] 7,392 bytes from block+0x1FA40
[2026-09-20 00:50:06] [Info] [hammerspace.main] [CloneTEX] 248,000 bytes from block+0x21720
[2026-09-20 00:50:06] [Info] [hammerspace.main] [CloneSKN] 38,208 bytes from block+0x5DFE0
[2026-09-20 00:50:06] [Info] [hammerspace.main] [CloneHEADER] 0x20 bytes from offset 0x04AA6C20
[2026-09-20 00:50:06] [Info] [hammerspace.main] [HDR] +0x18 patched: 0x00067520 → 0x00067840
[2026-09-20 00:50:06] [Info] [build_add_submesh_fixture] [ACT] bone 2 GeoId already reads submesh 3 at ACT+0x6C (applied by BuildModelBlock via GeoIdEdited)
[2026-09-20 00:50:06] [Info] [hammerspace.main] [CloneACT] 7,392 bytes from block+0x1FA40
[2026-09-20 00:50:06] [Info] [hammerspace.main] [ACT] bone 2 GeoId -> 3 at ACT+0x6C (GeoIdEdited retarget; section-relative, stable across hammerspace relocation)
[2026-09-20 00:50:06] [Info] [hammerspace.main] [CloneACT] 7,392 bytes from block+0x1FA40
[2026-09-20 00:50:06] [Info] [hammerspace.main] [CloneTEX] 248,000 bytes from block+0x21720
[2026-09-20 00:50:06] [Info] [hammerspace.main] [CloneSKN] 38,208 bytes from block+0x5DFE0
[2026-09-20 00:50:06] [Info] [hammerspace.main] [CloneHEADER] 0x20 bytes from offset 0x04AA6C20
[2026-09-20 00:50:06] [Info] [hammerspace.main] [HDR] +0x18 patched: 0x00067520 → 0x000707E0
[2026-09-20 00:50:06] [Info] [build_add_submesh_fixture] [ACT] bone 2 GeoId already reads submesh 3 at ACT+0x6C (applied by BuildModelBlock via GeoIdEdited)
[2026-09-20 00:50:07] [Info] [hammerspace.main] [CloneACT] 7,392 bytes from block+0x1FA40
[2026-09-20 00:50:07] [Info] [hammerspace.main] [ACT] bone 2 GeoId -> 3 at ACT+0x6C (GeoIdEdited retarget; section-relative, stable across hammerspace relocation)
[2026-09-20 00:50:07] [Info] [hammerspace.main] [CloneACT] 7,392 bytes from block+0x1FA40
[2026-09-20 00:50:07] [Info] [hammerspace.main] [CloneTEX] 248,000 bytes from block+0x21720
[2026-09-20 00:50:07] [Info] [hammerspace.main] [CloneSKN] 38,208 bytes from block+0x5DFE0
[2026-09-20 00:50:07] [Info] [hammerspace.main] [CloneHEADER] 0x20 bytes from offset 0x04AA6C20
[2026-09-20 00:50:07] [Info] [hammerspace.main] [HDR] +0x18 patched: 0x00067520 → 0x000707E0
[2026-09-20 00:50:07] [Info] [build_add_submesh_fixture] [ACT] bone 2 GeoId already reads submesh 3 at ACT+0x6C (applied by BuildModelBlock via GeoIdEdited)
[2026-09-20 00:50:08] [Info] [geometry.rebuild] [M3.3] sub0 color: 4 donor entries -> 4 compact; indices rebuilt
[2026-09-20 00:50:08] [Info] [geometry.rebuild] [M3.2] sub0: rebuilt draw states [1]; descriptor upgrades []; triangulated 0 irreducible GX blocks
[2026-09-20 00:50:08] [Info] [geometry.rebuild] [M3.3] sub0 color: 4 donor entries -> 4 compact; indices preserved
[2026-09-20 00:50:09] [Info] [hammerspace.main] [CloneGPL] 129,568 bytes from block+0x20
[2026-09-20 00:50:09] [Info] [hammerspace.main] [GPL] patched position array sub0 at GPL+0x60 (22,224 bytes)
[2026-09-20 00:50:09] [Info] [hammerspace.main] [GPL] appended custom submesh 'custom0' as submesh 3 (host bone 2, template builtin:rigid_spec_v1)
[2026-09-20 00:50:09] [Info] [hammerspace.main] [CloneACT] 7,392 bytes from block+0x1FA40
[2026-09-20 00:50:09] [Info] [hammerspace.main] [ACT] custom submesh 'custom0': bone 2 GeoId -> 3 at ACT+0x6C (section-relative; stable across hammerspace relocation)
[2026-09-20 00:50:09] [Info] [hammerspace.main] [CloneACT] 7,392 bytes from block+0x1FA40
[2026-09-20 00:50:09] [Info] [hammerspace.main] [CloneTEX] 248,000 bytes from block+0x21720
[2026-09-20 00:50:09] [Info] [hammerspace.main] [CloneSKN] 38,208 bytes from block+0x5DFE0
[2026-09-20 00:50:09] [Info] [hammerspace.main] [CloneHEADER] 0x20 bytes from offset 0x04AA6C20
[2026-09-20 00:50:09] [Info] [hammerspace.main] [HDR] +0x18 patched: 0x00067520 → 0x00067780
[2026-09-20 00:50:09] [Info] [hammerspace.main] [CloneGPL] 129,568 bytes from block+0x20
[2026-09-20 00:50:09] [Info] [hammerspace.main] [GPL] patched position array sub0 at GPL+0x60 (22,224 bytes)
[2026-09-20 00:50:09] [Info] [hammerspace.main] [GPL] appended custom submesh 'custom0' as submesh 3 (host bone 2, template builtin:rigid_spec_v1)
[2026-09-20 00:50:09] [Info] [hammerspace.main] [CloneACT] 7,392 bytes from block+0x1FA40
[2026-09-20 00:50:09] [Info] [hammerspace.main] [ACT] custom submesh 'custom0': bone 2 GeoId -> 3 at ACT+0x6C (section-relative; stable across hammerspace relocation)
[2026-09-20 00:50:09] [Info] [hammerspace.main] [CloneACT] 7,392 bytes from block+0x1FA40
[2026-09-20 00:50:09] [Info] [hammerspace.main] [CloneTEX] 248,000 bytes from block+0x21720
[2026-09-20 00:50:09] [Info] [hammerspace.main] [CloneSKN] 38,208 bytes from block+0x5DFE0
[2026-09-20 00:50:09] [Info] [hammerspace.main] [CloneHEADER] 0x20 bytes from offset 0x04AA6C20
[2026-09-20 00:50:09] [Info] [hammerspace.main] [HDR] +0x18 patched: 0x00067520 → 0x00067780
[2026-09-20 00:50:09] [Info] [hammerspace.main] [CloneGPL] 129,568 bytes from block+0x20
[2026-09-20 00:50:09] [Info] [hammerspace.main] [GPL] patched position array sub0 at GPL+0x60 (22,224 bytes)
[2026-09-20 00:50:09] [Info] [hammerspace.main] [GPL] appended custom submesh 'custom0' as submesh 3 (host bone 2, template rigid:sm1_ds5)
[2026-09-20 00:50:09] [Info] [hammerspace.main] [CloneACT] 7,392 bytes from block+0x1FA40
[2026-09-20 00:50:09] [Info] [hammerspace.main] [ACT] custom submesh 'custom0': bone 2 GeoId -> 3 at ACT+0x6C (section-relative; stable across hammerspace relocation)
[2026-09-20 00:50:09] [Info] [hammerspace.main] [CloneACT] 7,392 bytes from block+0x1FA40
[2026-09-20 00:50:09] [Info] [hammerspace.main] [CloneTEX] 248,000 bytes from block+0x21720
[2026-09-20 00:50:09] [Info] [hammerspace.main] [CloneSKN] 38,208 bytes from block+0x5DFE0
[2026-09-20 00:50:09] [Info] [hammerspace.main] [CloneHEADER] 0x20 bytes from offset 0x04AA6C20
[2026-09-20 00:50:09] [Info] [hammerspace.main] [HDR] +0x18 patched: 0x00067520 → 0x000677C0
[2026-09-20 00:50:09] [Info] [hammerspace.main] [CloneGPL] 129,568 bytes from block+0x20
[2026-09-20 00:50:09] [Info] [hammerspace.main] [GPL] patched position array sub0 at GPL+0x60 (22,224 bytes)
[2026-09-20 00:50:09] [Info] [hammerspace.main] [GPL] appended custom submesh 'custom0' as submesh 3 (host bone 2, template derived:sm0_ds5)
[2026-09-20 00:50:09] [Info] [hammerspace.main] [CloneACT] 7,392 bytes from block+0x1FA40
[2026-09-20 00:50:09] [Info] [hammerspace.main] [ACT] custom submesh 'custom0': bone 2 GeoId -> 3 at ACT+0x6C (section-relative; stable across hammerspace relocation)
[2026-09-20 00:50:09] [Info] [hammerspace.main] [CloneACT] 7,392 bytes from block+0x1FA40
[2026-09-20 00:50:09] [Info] [hammerspace.main] [CloneTEX] 248,000 bytes from block+0x21720
[2026-09-20 00:50:09] [Info] [hammerspace.main] [CloneSKN] 38,208 bytes from block+0x5DFE0
[2026-09-20 00:50:09] [Info] [hammerspace.main] [CloneHEADER] 0x20 bytes from offset 0x04AA6C20
[2026-09-20 00:50:09] [Info] [hammerspace.main] [HDR] +0x18 patched: 0x00067520 → 0x00067780
[2026-09-20 00:50:09] [Info] [hammerspace.main] [CloneGPL] 129,568 bytes from block+0x20
[2026-09-20 00:50:09] [Info] [hammerspace.main] [GPL] patched position array sub0 at GPL+0x60 (22,224 bytes)
[2026-09-20 00:50:09] [Info] [hammerspace.main] [GPL] appended custom submesh 'custom0' as submesh 3 (host bone 2, template builtin:rigid_spec_v1)
[2026-09-20 00:50:09] [Info] [hammerspace.main] [CloneACT] 7,392 bytes from block+0x1FA40
[2026-09-20 00:50:09] [Info] [hammerspace.main] [ACT] custom submesh 'custom0': bone 2 GeoId -> 3 at ACT+0x6C (section-relative; stable across hammerspace relocation)
[2026-09-20 00:50:09] [Info] [hammerspace.main] [CloneACT] 7,392 bytes from block+0x1FA40
[2026-09-20 00:50:09] [Info] [hammerspace.main] [CloneTEX] 248,000 bytes from block+0x21720
[2026-09-20 00:50:09] [Info] [hammerspace.main] [CloneSKN] 38,208 bytes from block+0x5DFE0
[2026-09-20 00:50:09] [Info] [hammerspace.main] [CloneHEADER] 0x20 bytes from offset 0x04AA6C20
[2026-09-20 00:50:09] [Info] [hammerspace.main] [HDR] +0x18 patched: 0x00067520 → 0x00067780
[2026-09-20 00:50:09] [Info] [dispatcher] Resolved PNG '0.png' → model.sluggie texture 0
[2026-09-20 00:50:09] [Info] [dispatcher] Resolved PNG '0.png' → model.sluggie texture 0
[2026-09-20 00:50:09] [Info] [dispatcher] Found: C:\Users\gerno\AppData\Local\Temp\tmp8_zy3ncz\model.sluggie
[2026-09-20 00:50:09] [Info] [dispatcher] Resolved PNG '0.png' → model.sluggie texture 0
[2026-09-20 00:50:09] [Info] [dispatcher] Found: C:\Users\gerno\AppData\Local\Temp\tmpfbld75_e\model.sluggie
[2026-09-20 00:50:09] [Warning] [act] bone 0 is not relative
[2026-09-20 00:50:09] [Warning] [act] bone 0 is not relative
[2026-09-20 00:50:09] [Warning] [act] bone 0 is not relative
[2026-09-20 00:50:10] [Info] [hammerspace.helper] [1] Current DOL entry: chunk=0, file_index=0, offset=0x00000008 (8), length=0x00000008 (8 bytes)
[2026-09-20 00:50:10] [Info] [hammerspace.helper] [2] Original DOL entry: offset=0x00000008 (8), length=0x00000008 (8 bytes)
[2026-09-20 00:50:10] [Info] [hammerspace.helper] DOL entry was already restored; original model bytes were repaired and verified.
[2026-09-20 00:50:10] [Info] [hammerspace.helper] [1] Current DOL entry: chunk=0, file_index=0, offset=0x00000040 (64), length=0x00000008 (8 bytes)
[2026-09-20 00:50:10] [Info] [hammerspace.helper] [2] Original DOL entry: offset=0x00000008 (8), length=0x00000008 (8 bytes)
[2026-09-20 00:50:10] [Info] [hammerspace.helper] [3] Restored and verified 8 original model bytes at 0x00000008.
[2026-09-20 00:50:10] [Info] [hammerspace.helper] [4] Restoring original DOL entry ...
[2026-09-20 00:50:10] [Info] [hammerspace.helper] [5] Zeroing 8 bytes at 0x00000040 in OUTPUT dt_na.dat ...
[2026-09-20 00:50:10] [Info] [hammerspace.helper]     Zeroed 8 bytes.
[2026-09-20 00:50:10] [Info] [hammerspace.helper] Done. chunk=0, file_index=0 removed from hammerspace.
[2026-09-20 00:50:10] [Info] [hammerspace.main] [ACT] bone 5 GeoId -> 65535 at ACT+0x20 (GeoIdEdited retarget; section-relative, stable across hammerspace relocation)
[2026-09-20 00:50:10] [Info] [hammerspace.main] [ACT] custom submesh 'custom0': bone 5 GeoId -> 2 at ACT+0x20 (section-relative; stable across hammerspace relocation)
[2026-09-20 00:50:10] [Info] [hammerspace.main] [ACT] bone 6 GeoId -> 1 at ACT+0x28 (GeoIdEdited retarget; section-relative, stable across hammerspace relocation)
[2026-09-20 00:50:10] [Info] [hammerspace.main] [ACT] bone 5 GeoId -> 65535 at ACT+0x20 (GeoIdEdited retarget; section-relative, stable across hammerspace relocation)
[2026-09-20 00:50:10] [Info] [hammerspace.main] [ACT] custom submesh 'custom0': bone 5 GeoId -> 1 at ACT+0x20 (section-relative; stable across hammerspace relocation)
[2026-09-20 00:50:10] [Info] [hammerspace.main] [ACT] custom submesh 'custom1': bone 6 GeoId -> 2 at ACT+0x28 (section-relative; stable across hammerspace relocation)
[2026-09-20 00:50:10] [Info] [hammerspace.main] [ACT] custom submesh 'custom0': bone 5 GeoId -> 2 at ACT+0x20 (section-relative; stable across hammerspace relocation)
[2026-09-20 00:50:10] [Error] [hammerspace.main] Bone 1: SRTOffset 0x103F is before the ACT section start (0x1040); the .sluggie's SRTOffset metadata does not match this model's ACT section layout. Re-export the model with the latest SluggiesTools export.py, then export from Blender again.
[2026-09-20 00:50:10] [Info] [hammerspace.main] [ACT] root-bone SRT scale: bone 1 wrote 400000003fc000003f800000 at ACT+0x54 (section-relative; stable across hammerspace relocation)
[2026-09-20 00:50:10] [Info] [hammerspace.main] [Container] DOL entry is an archive: 3 slots, 3 populated; rebuilding slot 1 at +0x60 and carrying the other 2 member(s) along
[2026-09-20 00:50:10] [Info] [hammerspace.main] [Container] archive slot 1 64 -> 192 bytes; 1 later slot(s) shifted by +128; archive 256 -> 384 bytes
[2026-09-20 00:50:10] [Info] [hammerspace.main] [Container] preserving 32-byte DOL entry prefix; inner model starts at +0x20
[2026-09-20 00:50:10] [Info] [hammerspace.main] [Container] DOL entry is an archive: 3 slots, 3 populated; rebuilding slot 1 at +0x60 and carrying the other 2 member(s) along
[2026-09-20 00:50:10] [Info] [hammerspace.main] [Container] archive slot 1 64 -> 192 bytes; 1 later slot(s) shifted by +128; archive 256 -> 384 bytes
[2026-09-20 00:50:10] [Info] [hammerspace.main] [Container] DOL entry is an archive: 3 slots, 3 populated; rebuilding slot 1 at +0x60 and carrying the other 2 member(s) along
[2026-09-20 00:50:10] [Info] [hammerspace.main] [Container] archive slot 1 64 -> 192 bytes; 1 later slot(s) shifted by +128; archive 256 -> 384 bytes
[2026-09-20 00:50:10] [Info] [hammerspace.main] [CloneGPL] 4 bytes from block+0x20
[2026-09-20 00:50:10] [Info] [hammerspace.main] [HDR] +0x18 patched: 0x00000180 → 0x00000100
[2026-09-20 00:50:10] [Info] [hammerspace.main] [HDR] +0x14 patched: 0x00000100 → 0x000000A0
[2026-09-20 00:50:10] [Info] [hammerspace.main] [HDR] +0x18 patched: 0x00000140 → 0x000000E0
[2026-09-20 00:50:10] [Info] [hammerspace.main] [HDR] +0x1C patched: 0x00000180 → 0x00000120
[2026-09-20 00:50:10] [Info] [hammerspace.main] [GPL] patched material state sub0 ds0 at GPL+0x10
[2026-09-20 00:50:10] [Info] [hammerspace.main] [GPL] patched material state sub0 ds1 at GPL+0x20
[2026-09-20 00:50:10] [Info] [hammerspace.main] [GPL] patched position array sub0 at GPL+0x10 (6 bytes)
[2026-09-20 00:50:10] [Info] [hammerspace.main] Model already in hammerspace at 0x00003000; keeping the old route live until replacement commits
[2026-09-20 00:50:10] [Info] [hammerspace.main] Hammerspace Log: Replaced | Model: fixture.sluggie | Old address: 0x00003000 | Old size: 0.00 MB
[2026-09-20 00:50:10] [Info] [hammerspace.main] Hammerspace Log: Written | Model: fixture.sluggie | Chunk: 18 | File: 0 | Address: 0x00004000 | Size: 0.00 MB | Modes: {'GPL': 'clone', 'ACT': 'clone', 'TEX': 'clone', 'SKN': 'clone', 'trailing': 'clone'}
[2026-09-20 00:50:10] [Info] [hammerspace.main] Model already in hammerspace at 0x00003000; keeping the old route live until replacement commits
[2026-09-20 00:50:10] [Info] [hammerspace.main] Model already in hammerspace at 0x00003000; keeping the old route live until replacement commits
[2026-09-20 00:50:10] [Info] [hammerspace.main] Hammerspace Log: Replaced | Model: fixture.sluggie | Old address: 0x00003000 | Old size: 0.00 MB
[2026-09-20 00:50:10] [Info] [hammerspace.main] Hammerspace Log: Written | Model: fixture.sluggie | Chunk: 18 | File: 0 | Address: 0x00004000 | Size: 0.00 MB | Modes: {'GPL': 'clone', 'ACT': 'clone', 'TEX': 'clone', 'SKN': 'clone', 'trailing': 'clone'}
[2026-09-20 00:50:10] [Info] [hammerspace.main] Model already in hammerspace at 0x00003000; keeping the old route live until replacement commits
[2026-09-20 00:50:10] [Info] [hammerspace.main] [GPL] appended UV array sub0 uv0 at GPL+0x80 (8 bytes)
[2026-09-20 00:50:10] [Info] [hammerspace.main] [GPL] appended primitive list sub0 ds0 (32 bytes)
[2026-09-20 00:50:10] [Info] [hammerspace.main] [GPL] patched UV array sub0 uv0 at GPL+0x14 (4 bytes)
[2026-09-20 00:50:10] [Info] [hammerspace.main] Hammerspace Log: Written | Model: fixture.sluggie | Chunk: 18 | File: 0 | Address: 0x00001020 | Size: 0.00 MB | Modes: {'GPL': 'clone', 'ACT': 'clone', 'TEX': 'clone', 'SKN': 'clone', 'trailing': 'clone'}
[2026-09-20 00:50:10] [Info] [hammerspace.main] Hammerspace Log: Written | Model: fixture.sluggie | Chunk: 18 | File: 0 | Address: 0x00002000 | Size: 0.00 MB | Modes: {'GPL': 'clone', 'ACT': 'clone', 'TEX': 'clone', 'SKN': 'clone', 'trailing': 'clone'}
[2026-09-20 00:50:10] [Warning] [hammerspace.main] [SKN] SK1/SK2 destinations are not cache-line exclusive; source arrays packed sequentially instead of mirroring the position buffer (donor layout rule) — facial poses on skinned vertices may break in-game
[2026-09-20 00:50:10] [Info] [hammerspace.main] [BuildTEX] built 5 texture(s), 5 image payload(s), 0 palette payload(s); section size 832 bytes
[2026-09-20 00:50:10] [Info] [hammerspace.main] [BuildTEX] built 2 texture(s), 2 image payload(s), 0 palette payload(s); section size 160 bytes
[2026-09-20 00:50:10] [Info] [hammerspace.main] [BuildTEX] No textures; returning empty TEX section
[2026-09-20 00:50:10] [Info] [hammerspace.main] [BuildTEX] built 2 texture(s), 2 image payload(s), 0 palette payload(s); section size 160 bytes
[2026-09-20 00:50:10] [Info] [hammerspace.main] [BuildTEX] built 2 texture(s), 2 image payload(s), 2 palette payload(s); section size 256 bytes
[2026-09-20 00:50:10] [Info] [hammerspace.main] [BuildTEX] built 1 texture(s), 1 image payload(s), 0 palette payload(s); section size 96 bytes
[2026-09-20 00:50:10] [Info] [hammerspace.main] [CloneGPL] 129,568 bytes from block+0x20
[2026-09-20 00:50:10] [Info] [hammerspace.main] [GPL] appended custom submesh 'custom0' as submesh 3 (host bone 2, template builtin:rigid_spec_v1)
[2026-09-20 00:50:10] [Info] [hammerspace.main] [CloneACT] 7,392 bytes from block+0x1FA40
[2026-09-20 00:50:10] [Info] [hammerspace.main] [ACT] custom submesh 'custom0': bone 2 GeoId -> 3 at ACT+0x6C (section-relative; stable across hammerspace relocation)
[2026-09-20 00:50:10] [Info] [hammerspace.main] [CloneACT] 7,392 bytes from block+0x1FA40
[2026-09-20 00:50:10] [Info] [hammerspace.main] [CloneTEX] 248,000 bytes from block+0x21720
[2026-09-20 00:50:10] [Info] [hammerspace.main] [CloneSKN] 38,208 bytes from block+0x5DFE0
[2026-09-20 00:50:10] [Info] [hammerspace.main] [CloneHEADER] 0x20 bytes from offset 0x04AA6C20
[2026-09-20 00:50:10] [Info] [hammerspace.main] [HDR] +0x18 patched: 0x00067520 → 0x000677A0
[2026-09-20 00:50:10] [Info] [hammerspace.main] [CloneGPL] 129,568 bytes from block+0x20
[2026-09-20 00:50:10] [Info] [hammerspace.main] [GPL] appended custom submesh 'custom0' as submesh 3 (host bone 4, template derived:sm0_ds5)
[2026-09-20 00:50:10] [Info] [hammerspace.main] [CloneACT] 7,392 bytes from block+0x1FA40
[2026-09-20 00:50:10] [Info] [hammerspace.main] [ACT] custom submesh 'custom0': bone 4 GeoId -> 3 at ACT+0xA4 (section-relative; stable across hammerspace relocation)
[2026-09-20 00:50:10] [Info] [hammerspace.main] [CloneACT] 7,392 bytes from block+0x1FA40
[2026-09-20 00:50:10] [Info] [hammerspace.main] [CloneTEX] 248,000 bytes from block+0x21720
[2026-09-20 00:50:10] [Info] [hammerspace.main] [CloneSKN] 38,208 bytes from block+0x5DFE0
[2026-09-20 00:50:10] [Info] [hammerspace.main] [CloneHEADER] 0x20 bytes from offset 0x04AA6C20
[2026-09-20 00:50:10] [Info] [hammerspace.main] [HDR] +0x18 patched: 0x00067520 → 0x000677A0
[2026-09-20 00:50:10] [Info] [hammerspace.main] [CloneGPL] 129,568 bytes from block+0x20
[2026-09-20 00:50:10] [Info] [hammerspace.main] [CloneGPL] 129,568 bytes from block+0x20
[2026-09-20 00:50:10] [Info] [hammerspace.main] [GPL] appended custom submesh 'custom0' as submesh 3 (host bone 2, template builtin:rigid_spec_v1)
[2026-09-20 00:50:10] [Info] [hammerspace.main] [CloneACT] 7,392 bytes from block+0x1FA40
[2026-09-20 00:50:10] [Info] [hammerspace.main] [ACT] custom submesh 'custom0': bone 2 GeoId -> 3 at ACT+0x6C (section-relative; stable across hammerspace relocation)
[2026-09-20 00:50:10] [Info] [hammerspace.main] [CloneACT] 7,392 bytes from block+0x1FA40
[2026-09-20 00:50:10] [Info] [hammerspace.main] [CloneTEX] 248,000 bytes from block+0x21720
[2026-09-20 00:50:10] [Info] [hammerspace.main] [CloneSKN] 38,208 bytes from block+0x5DFE0
[2026-09-20 00:50:10] [Info] [hammerspace.main] [CloneHEADER] 0x20 bytes from offset 0x04AA6C20
[2026-09-20 00:50:10] [Info] [hammerspace.main] [HDR] +0x18 patched: 0x00067520 → 0x000677A0
[2026-09-20 00:50:11] [Info] [hammerspace.main] [CloneGPL] 129,568 bytes from block+0x20
[2026-09-20 00:50:11] [Info] [hammerspace.main] [GPL] appended custom submesh 'custom0' as submesh 3 (host bone 3, template rigid:sm1_ds5)
[2026-09-20 00:50:11] [Info] [hammerspace.main] [CloneACT] 7,392 bytes from block+0x1FA40
[2026-09-20 00:50:11] [Info] [hammerspace.main] [ACT] custom submesh 'custom0': bone 3 GeoId -> 3 at ACT+0x88 (section-relative; stable across hammerspace relocation)
[2026-09-20 00:50:11] [Info] [hammerspace.main] [CloneACT] 7,392 bytes from block+0x1FA40
[2026-09-20 00:50:11] [Info] [hammerspace.main] [CloneTEX] 248,000 bytes from block+0x21720
[2026-09-20 00:50:11] [Info] [hammerspace.main] [CloneSKN] 38,208 bytes from block+0x5DFE0
[2026-09-20 00:50:11] [Info] [hammerspace.main] [CloneHEADER] 0x20 bytes from offset 0x04AA6C20
[2026-09-20 00:50:11] [Info] [hammerspace.main] [HDR] +0x18 patched: 0x00067520 → 0x000677E0
[2026-09-20 00:50:11] [Info] [hammerspace.main] [GPL] appended custom submesh 'custom0' as submesh 1 (host bone 5, template builtin:rigid_spec_v1)
[2026-09-20 00:50:11] [Info] [geometry.rebuild] [M3.3] sub0: normal buffer compacted to 5 unique normals
[2026-09-20 00:50:11] [Info] [geometry.rebuild] [M3.2] sub0: rebuilt draw states [1]; descriptor upgrades []; triangulated 0 irreducible GX blocks
[2026-09-20 00:50:11] [Info] [geometry.rebuild] [M3.2] sub0 uv0: 6 expanded coords -> 5 compact; indices rebuilt
[2026-09-20 00:50:11] [Info] [geometry.rebuild] [M3.3] sub0: normal buffer compacted to 5 unique normals
[2026-09-20 00:50:11] [Info] [geometry.rebuild] [M3.2] sub0: rebuilt draw states [1]; descriptor upgrades []; triangulated 0 irreducible GX blocks
[2026-09-20 00:50:11] [Info] [geometry.rebuild] [M3.3] sub0: normal buffer compacted to 4 unique normals
[2026-09-20 00:51:12] [Info] [hammerspace.main] [CloneACT] 7,392 bytes from block+0x1FA40
[2026-09-20 00:51:12] [Info] [hammerspace.main] [ACT] bone 2 GeoId -> 3 at ACT+0x6C (GeoIdEdited retarget; section-relative, stable across hammerspace relocation)
[2026-09-20 00:51:12] [Info] [hammerspace.main] [CloneACT] 7,392 bytes from block+0x1FA40
[2026-09-20 00:51:12] [Info] [hammerspace.main] [CloneTEX] 248,000 bytes from block+0x21720
[2026-09-20 00:51:12] [Info] [hammerspace.main] [CloneSKN] 38,208 bytes from block+0x5DFE0
[2026-09-20 00:51:12] [Info] [hammerspace.main] [CloneHEADER] 0x20 bytes from offset 0x04AA6C20
[2026-09-20 00:51:12] [Info] [hammerspace.main] [HDR] +0x18 patched: 0x00067520 → 0x000707E0
[2026-09-20 00:51:12] [Info] [build_add_submesh_fixture] [ACT] bone 2 GeoId already reads submesh 3 at ACT+0x6C (applied by BuildModelBlock via GeoIdEdited)
[2026-09-20 00:51:12] [Info] [hammerspace.main] [CloneACT] 7,392 bytes from block+0x1FA40
[2026-09-20 00:51:12] [Info] [hammerspace.main] [ACT] bone 2 GeoId -> 3 at ACT+0x6C (GeoIdEdited retarget; section-relative, stable across hammerspace relocation)
[2026-09-20 00:51:12] [Info] [hammerspace.main] [CloneACT] 7,392 bytes from block+0x1FA40
[2026-09-20 00:51:12] [Info] [hammerspace.main] [CloneTEX] 248,000 bytes from block+0x21720
[2026-09-20 00:51:12] [Info] [hammerspace.main] [CloneSKN] 38,208 bytes from block+0x5DFE0
[2026-09-20 00:51:12] [Info] [hammerspace.main] [CloneHEADER] 0x20 bytes from offset 0x04AA6C20
[2026-09-20 00:51:12] [Info] [hammerspace.main] [HDR] +0x18 patched: 0x00067520 → 0x00067840
[2026-09-20 00:51:12] [Info] [build_add_submesh_fixture] [ACT] bone 2 GeoId already reads submesh 3 at ACT+0x6C (applied by BuildModelBlock via GeoIdEdited)
[2026-09-20 00:51:12] [Info] [hammerspace.main] [CloneACT] 7,392 bytes from block+0x1FA40
[2026-09-20 00:51:12] [Info] [hammerspace.main] [ACT] bone 2 GeoId -> 3 at ACT+0x6C (GeoIdEdited retarget; section-relative, stable across hammerspace relocation)
[2026-09-20 00:51:12] [Info] [hammerspace.main] [CloneACT] 7,392 bytes from block+0x1FA40
[2026-09-20 00:51:12] [Info] [hammerspace.main] [CloneTEX] 248,000 bytes from block+0x21720
[2026-09-20 00:51:12] [Info] [hammerspace.main] [CloneSKN] 38,208 bytes from block+0x5DFE0
[2026-09-20 00:51:12] [Info] [hammerspace.main] [CloneHEADER] 0x20 bytes from offset 0x04AA6C20
[2026-09-20 00:51:12] [Info] [hammerspace.main] [HDR] +0x18 patched: 0x00067520 → 0x000707E0
[2026-09-20 00:51:12] [Info] [build_add_submesh_fixture] [ACT] bone 2 GeoId already reads submesh 3 at ACT+0x6C (applied by BuildModelBlock via GeoIdEdited)
[2026-09-20 00:51:12] [Info] [hammerspace.main] [CloneACT] 7,392 bytes from block+0x1FA40
[2026-09-20 00:51:12] [Info] [hammerspace.main] [ACT] bone 2 GeoId -> 3 at ACT+0x6C (GeoIdEdited retarget; section-relative, stable across hammerspace relocation)
[2026-09-20 00:51:12] [Info] [hammerspace.main] [CloneACT] 7,392 bytes from block+0x1FA40
[2026-09-20 00:51:12] [Info] [hammerspace.main] [CloneTEX] 248,000 bytes from block+0x21720
[2026-09-20 00:51:12] [Info] [hammerspace.main] [CloneSKN] 38,208 bytes from block+0x5DFE0
[2026-09-20 00:51:12] [Info] [hammerspace.main] [CloneHEADER] 0x20 bytes from offset 0x04AA6C20
[2026-09-20 00:51:12] [Info] [hammerspace.main] [HDR] +0x18 patched: 0x00067520 → 0x000707E0
[2026-09-20 00:51:12] [Info] [build_add_submesh_fixture] [ACT] bone 2 GeoId already reads submesh 3 at ACT+0x6C (applied by BuildModelBlock via GeoIdEdited)
[2026-09-20 00:51:14] [Info] [geometry.rebuild] [M3.3] sub0 color: 4 donor entries -> 4 compact; indices rebuilt
[2026-09-20 00:51:14] [Info] [geometry.rebuild] [M3.2] sub0: rebuilt draw states [1]; descriptor upgrades []; triangulated 0 irreducible GX blocks
[2026-09-20 00:51:14] [Info] [geometry.rebuild] [M3.3] sub0 color: 4 donor entries -> 4 compact; indices preserved
[2026-09-20 00:51:14] [Info] [hammerspace.main] [CloneGPL] 129,568 bytes from block+0x20
[2026-09-20 00:51:14] [Info] [hammerspace.main] [GPL] patched position array sub0 at GPL+0x60 (22,224 bytes)
[2026-09-20 00:51:14] [Info] [hammerspace.main] [GPL] appended custom submesh 'custom0' as submesh 3 (host bone 2, template builtin:rigid_spec_v1)
[2026-09-20 00:51:14] [Info] [hammerspace.main] [CloneACT] 7,392 bytes from block+0x1FA40
[2026-09-20 00:51:14] [Info] [hammerspace.main] [ACT] custom submesh 'custom0': bone 2 GeoId -> 3 at ACT+0x6C (section-relative; stable across hammerspace relocation)
[2026-09-20 00:51:14] [Info] [hammerspace.main] [CloneACT] 7,392 bytes from block+0x1FA40
[2026-09-20 00:51:14] [Info] [hammerspace.main] [CloneTEX] 248,000 bytes from block+0x21720
[2026-09-20 00:51:14] [Info] [hammerspace.main] [CloneSKN] 38,208 bytes from block+0x5DFE0
[2026-09-20 00:51:14] [Info] [hammerspace.main] [CloneHEADER] 0x20 bytes from offset 0x04AA6C20
[2026-09-20 00:51:14] [Info] [hammerspace.main] [HDR] +0x18 patched: 0x00067520 → 0x00067780
[2026-09-20 00:51:14] [Info] [hammerspace.main] [CloneGPL] 129,568 bytes from block+0x20
[2026-09-20 00:51:14] [Info] [hammerspace.main] [GPL] patched position array sub0 at GPL+0x60 (22,224 bytes)
[2026-09-20 00:51:14] [Info] [hammerspace.main] [GPL] appended custom submesh 'custom0' as submesh 3 (host bone 2, template builtin:rigid_spec_v1)
[2026-09-20 00:51:14] [Info] [hammerspace.main] [CloneACT] 7,392 bytes from block+0x1FA40
[2026-09-20 00:51:14] [Info] [hammerspace.main] [ACT] custom submesh 'custom0': bone 2 GeoId -> 3 at ACT+0x6C (section-relative; stable across hammerspace relocation)
[2026-09-20 00:51:14] [Info] [hammerspace.main] [CloneACT] 7,392 bytes from block+0x1FA40
[2026-09-20 00:51:14] [Info] [hammerspace.main] [CloneTEX] 248,000 bytes from block+0x21720
[2026-09-20 00:51:14] [Info] [hammerspace.main] [CloneSKN] 38,208 bytes from block+0x5DFE0
[2026-09-20 00:51:14] [Info] [hammerspace.main] [CloneHEADER] 0x20 bytes from offset 0x04AA6C20
[2026-09-20 00:51:14] [Info] [hammerspace.main] [HDR] +0x18 patched: 0x00067520 → 0x00067780
[2026-09-20 00:51:14] [Info] [hammerspace.main] [CloneGPL] 129,568 bytes from block+0x20
[2026-09-20 00:51:14] [Info] [hammerspace.main] [GPL] patched position array sub0 at GPL+0x60 (22,224 bytes)
[2026-09-20 00:51:14] [Info] [hammerspace.main] [GPL] appended custom submesh 'custom0' as submesh 3 (host bone 2, template rigid:sm1_ds5)
[2026-09-20 00:51:14] [Info] [hammerspace.main] [CloneACT] 7,392 bytes from block+0x1FA40
[2026-09-20 00:51:14] [Info] [hammerspace.main] [ACT] custom submesh 'custom0': bone 2 GeoId -> 3 at ACT+0x6C (section-relative; stable across hammerspace relocation)
[2026-09-20 00:51:14] [Info] [hammerspace.main] [CloneACT] 7,392 bytes from block+0x1FA40
[2026-09-20 00:51:14] [Info] [hammerspace.main] [CloneTEX] 248,000 bytes from block+0x21720
[2026-09-20 00:51:14] [Info] [hammerspace.main] [CloneSKN] 38,208 bytes from block+0x5DFE0
[2026-09-20 00:51:14] [Info] [hammerspace.main] [CloneHEADER] 0x20 bytes from offset 0x04AA6C20
[2026-09-20 00:51:14] [Info] [hammerspace.main] [HDR] +0x18 patched: 0x00067520 → 0x000677C0
[2026-09-20 00:51:14] [Info] [hammerspace.main] [CloneGPL] 129,568 bytes from block+0x20
[2026-09-20 00:51:14] [Info] [hammerspace.main] [GPL] patched position array sub0 at GPL+0x60 (22,224 bytes)
[2026-09-20 00:51:14] [Info] [hammerspace.main] [GPL] appended custom submesh 'custom0' as submesh 3 (host bone 2, template derived:sm0_ds5)
[2026-09-20 00:51:14] [Info] [hammerspace.main] [CloneACT] 7,392 bytes from block+0x1FA40
[2026-09-20 00:51:14] [Info] [hammerspace.main] [ACT] custom submesh 'custom0': bone 2 GeoId -> 3 at ACT+0x6C (section-relative; stable across hammerspace relocation)
[2026-09-20 00:51:14] [Info] [hammerspace.main] [CloneACT] 7,392 bytes from block+0x1FA40
[2026-09-20 00:51:14] [Info] [hammerspace.main] [CloneTEX] 248,000 bytes from block+0x21720
[2026-09-20 00:51:14] [Info] [hammerspace.main] [CloneSKN] 38,208 bytes from block+0x5DFE0
[2026-09-20 00:51:14] [Info] [hammerspace.main] [CloneHEADER] 0x20 bytes from offset 0x04AA6C20
[2026-09-20 00:51:14] [Info] [hammerspace.main] [HDR] +0x18 patched: 0x00067520 → 0x00067780
[2026-09-20 00:51:14] [Info] [hammerspace.main] [CloneGPL] 129,568 bytes from block+0x20
[2026-09-20 00:51:14] [Info] [hammerspace.main] [GPL] patched position array sub0 at GPL+0x60 (22,224 bytes)
[2026-09-20 00:51:14] [Info] [hammerspace.main] [GPL] appended custom submesh 'custom0' as submesh 3 (host bone 2, template builtin:rigid_spec_v1)
[2026-09-20 00:51:14] [Info] [hammerspace.main] [CloneACT] 7,392 bytes from block+0x1FA40
[2026-09-20 00:51:14] [Info] [hammerspace.main] [ACT] custom submesh 'custom0': bone 2 GeoId -> 3 at ACT+0x6C (section-relative; stable across hammerspace relocation)
[2026-09-20 00:51:14] [Info] [hammerspace.main] [CloneACT] 7,392 bytes from block+0x1FA40
[2026-09-20 00:51:14] [Info] [hammerspace.main] [CloneTEX] 248,000 bytes from block+0x21720
[2026-09-20 00:51:14] [Info] [hammerspace.main] [CloneSKN] 38,208 bytes from block+0x5DFE0
[2026-09-20 00:51:14] [Info] [hammerspace.main] [CloneHEADER] 0x20 bytes from offset 0x04AA6C20
[2026-09-20 00:51:14] [Info] [hammerspace.main] [HDR] +0x18 patched: 0x00067520 → 0x00067780
[2026-09-20 00:51:15] [Info] [dispatcher] Resolved PNG '0.png' → model.sluggie texture 0
[2026-09-20 00:51:15] [Info] [dispatcher] Resolved PNG '0.png' → model.sluggie texture 0
[2026-09-20 00:51:15] [Info] [dispatcher] Found: C:\Users\gerno\AppData\Local\Temp\tmpjhxwquzm\model.sluggie
[2026-09-20 00:51:15] [Info] [dispatcher] Resolved PNG '0.png' → model.sluggie texture 0
[2026-09-20 00:51:15] [Info] [dispatcher] Found: C:\Users\gerno\AppData\Local\Temp\tmpn9c_j5r9\model.sluggie
[2026-09-20 00:51:15] [Warning] [act] bone 0 is not relative
[2026-09-20 00:51:15] [Warning] [act] bone 0 is not relative
[2026-09-20 00:51:15] [Warning] [act] bone 0 is not relative
[2026-09-20 00:51:15] [Info] [hammerspace.helper] [1] Current DOL entry: chunk=0, file_index=0, offset=0x00000008 (8), length=0x00000008 (8 bytes)
[2026-09-20 00:51:15] [Info] [hammerspace.helper] [2] Original DOL entry: offset=0x00000008 (8), length=0x00000008 (8 bytes)
[2026-09-20 00:51:15] [Info] [hammerspace.helper] DOL entry was already restored; original model bytes were repaired and verified.
[2026-09-20 00:51:15] [Info] [hammerspace.helper] [1] Current DOL entry: chunk=0, file_index=0, offset=0x00000040 (64), length=0x00000008 (8 bytes)
[2026-09-20 00:51:15] [Info] [hammerspace.helper] [2] Original DOL entry: offset=0x00000008 (8), length=0x00000008 (8 bytes)
[2026-09-20 00:51:15] [Info] [hammerspace.helper] [3] Restored and verified 8 original model bytes at 0x00000008.
[2026-09-20 00:51:15] [Info] [hammerspace.helper] [4] Restoring original DOL entry ...
[2026-09-20 00:51:15] [Info] [hammerspace.helper] [5] Zeroing 8 bytes at 0x00000040 in OUTPUT dt_na.dat ...
[2026-09-20 00:51:15] [Info] [hammerspace.helper]     Zeroed 8 bytes.
[2026-09-20 00:51:15] [Info] [hammerspace.helper] Done. chunk=0, file_index=0 removed from hammerspace.
[2026-09-20 00:51:15] [Info] [hammerspace.main] [ACT] bone 5 GeoId -> 65535 at ACT+0x20 (GeoIdEdited retarget; section-relative, stable across hammerspace relocation)
[2026-09-20 00:51:15] [Info] [hammerspace.main] [ACT] custom submesh 'custom0': bone 5 GeoId -> 2 at ACT+0x20 (section-relative; stable across hammerspace relocation)
[2026-09-20 00:51:15] [Info] [hammerspace.main] [ACT] bone 6 GeoId -> 1 at ACT+0x28 (GeoIdEdited retarget; section-relative, stable across hammerspace relocation)
[2026-09-20 00:51:15] [Info] [hammerspace.main] [ACT] bone 5 GeoId -> 65535 at ACT+0x20 (GeoIdEdited retarget; section-relative, stable across hammerspace relocation)
[2026-09-20 00:51:15] [Info] [hammerspace.main] [ACT] custom submesh 'custom0': bone 5 GeoId -> 1 at ACT+0x20 (section-relative; stable across hammerspace relocation)
[2026-09-20 00:51:15] [Info] [hammerspace.main] [ACT] custom submesh 'custom1': bone 6 GeoId -> 2 at ACT+0x28 (section-relative; stable across hammerspace relocation)
[2026-09-20 00:51:15] [Info] [hammerspace.main] [ACT] custom submesh 'custom0': bone 5 GeoId -> 2 at ACT+0x20 (section-relative; stable across hammerspace relocation)
[2026-09-20 00:51:15] [Error] [hammerspace.main] Bone 1: SRTOffset 0x103F is before the ACT section start (0x1040); the .sluggie's SRTOffset metadata does not match this model's ACT section layout. Re-export the model with the latest SluggiesTools export.py, then export from Blender again.
[2026-09-20 00:51:15] [Info] [hammerspace.main] [ACT] root-bone SRT scale: bone 1 wrote 400000003fc000003f800000 at ACT+0x54 (section-relative; stable across hammerspace relocation)
[2026-09-20 00:51:15] [Info] [hammerspace.main] [Container] DOL entry is an archive: 3 slots, 3 populated; rebuilding slot 1 at +0x60 and carrying the other 2 member(s) along
[2026-09-20 00:51:15] [Info] [hammerspace.main] [Container] archive slot 1 64 -> 192 bytes; 1 later slot(s) shifted by +128; archive 256 -> 384 bytes
[2026-09-20 00:51:15] [Info] [hammerspace.main] [Container] preserving 32-byte DOL entry prefix; inner model starts at +0x20
[2026-09-20 00:51:15] [Info] [hammerspace.main] [Container] DOL entry is an archive: 3 slots, 3 populated; rebuilding slot 1 at +0x60 and carrying the other 2 member(s) along
[2026-09-20 00:51:15] [Info] [hammerspace.main] [Container] archive slot 1 64 -> 192 bytes; 1 later slot(s) shifted by +128; archive 256 -> 384 bytes
[2026-09-20 00:51:15] [Info] [hammerspace.main] [Container] DOL entry is an archive: 3 slots, 3 populated; rebuilding slot 1 at +0x60 and carrying the other 2 member(s) along
[2026-09-20 00:51:15] [Info] [hammerspace.main] [Container] archive slot 1 64 -> 192 bytes; 1 later slot(s) shifted by +128; archive 256 -> 384 bytes
[2026-09-20 00:51:15] [Info] [hammerspace.main] [CloneGPL] 4 bytes from block+0x20
[2026-09-20 00:51:15] [Info] [hammerspace.main] [HDR] +0x18 patched: 0x00000180 → 0x00000100
[2026-09-20 00:51:15] [Info] [hammerspace.main] [HDR] +0x14 patched: 0x00000100 → 0x000000A0
[2026-09-20 00:51:15] [Info] [hammerspace.main] [HDR] +0x18 patched: 0x00000140 → 0x000000E0
[2026-09-20 00:51:15] [Info] [hammerspace.main] [HDR] +0x1C patched: 0x00000180 → 0x00000120
[2026-09-20 00:51:15] [Info] [hammerspace.main] [GPL] patched material state sub0 ds0 at GPL+0x10
[2026-09-20 00:51:15] [Info] [hammerspace.main] [GPL] patched material state sub0 ds1 at GPL+0x20
[2026-09-20 00:51:16] [Info] [hammerspace.main] [GPL] patched position array sub0 at GPL+0x10 (6 bytes)
[2026-09-20 00:51:16] [Info] [hammerspace.main] Model already in hammerspace at 0x00003000; keeping the old route live until replacement commits
[2026-09-20 00:51:16] [Info] [hammerspace.main] Hammerspace Log: Replaced | Model: fixture.sluggie | Old address: 0x00003000 | Old size: 0.00 MB
[2026-09-20 00:51:16] [Info] [hammerspace.main] Hammerspace Log: Written | Model: fixture.sluggie | Chunk: 18 | File: 0 | Address: 0x00004000 | Size: 0.00 MB | Modes: {'GPL': 'clone', 'ACT': 'clone', 'TEX': 'clone', 'SKN': 'clone', 'trailing': 'clone'}
[2026-09-20 00:51:16] [Info] [hammerspace.main] Model already in hammerspace at 0x00003000; keeping the old route live until replacement commits
[2026-09-20 00:51:16] [Info] [hammerspace.main] Model already in hammerspace at 0x00003000; keeping the old route live until replacement commits
[2026-09-20 00:51:16] [Info] [hammerspace.main] Hammerspace Log: Replaced | Model: fixture.sluggie | Old address: 0x00003000 | Old size: 0.00 MB
[2026-09-20 00:51:16] [Info] [hammerspace.main] Hammerspace Log: Written | Model: fixture.sluggie | Chunk: 18 | File: 0 | Address: 0x00004000 | Size: 0.00 MB | Modes: {'GPL': 'clone', 'ACT': 'clone', 'TEX': 'clone', 'SKN': 'clone', 'trailing': 'clone'}
[2026-09-20 00:51:16] [Info] [hammerspace.main] Model already in hammerspace at 0x00003000; keeping the old route live until replacement commits
[2026-09-20 00:51:16] [Info] [hammerspace.main] [GPL] appended UV array sub0 uv0 at GPL+0x80 (8 bytes)
[2026-09-20 00:51:16] [Info] [hammerspace.main] [GPL] appended primitive list sub0 ds0 (32 bytes)
[2026-09-20 00:51:16] [Info] [hammerspace.main] [GPL] patched UV array sub0 uv0 at GPL+0x14 (4 bytes)
[2026-09-20 00:51:16] [Info] [hammerspace.main] Hammerspace Log: Written | Model: fixture.sluggie | Chunk: 18 | File: 0 | Address: 0x00001020 | Size: 0.00 MB | Modes: {'GPL': 'clone', 'ACT': 'clone', 'TEX': 'clone', 'SKN': 'clone', 'trailing': 'clone'}
[2026-09-20 00:51:16] [Info] [hammerspace.main] Hammerspace Log: Written | Model: fixture.sluggie | Chunk: 18 | File: 0 | Address: 0x00002000 | Size: 0.00 MB | Modes: {'GPL': 'clone', 'ACT': 'clone', 'TEX': 'clone', 'SKN': 'clone', 'trailing': 'clone'}
[2026-09-20 00:51:16] [Warning] [hammerspace.main] [SKN] SK1/SK2 destinations are not cache-line exclusive; source arrays packed sequentially instead of mirroring the position buffer (donor layout rule) — facial poses on skinned vertices may break in-game
[2026-09-20 00:51:16] [Info] [hammerspace.main] [BuildTEX] built 5 texture(s), 5 image payload(s), 0 palette payload(s); section size 832 bytes
[2026-09-20 00:51:16] [Info] [hammerspace.main] [BuildTEX] built 2 texture(s), 2 image payload(s), 0 palette payload(s); section size 160 bytes
[2026-09-20 00:51:16] [Info] [hammerspace.main] [BuildTEX] No textures; returning empty TEX section
[2026-09-20 00:51:16] [Info] [hammerspace.main] [BuildTEX] built 2 texture(s), 2 image payload(s), 0 palette payload(s); section size 160 bytes
[2026-09-20 00:51:16] [Info] [hammerspace.main] [BuildTEX] built 2 texture(s), 2 image payload(s), 2 palette payload(s); section size 256 bytes
[2026-09-20 00:51:16] [Info] [hammerspace.main] [BuildTEX] built 1 texture(s), 1 image payload(s), 0 palette payload(s); section size 96 bytes
[2026-09-20 00:51:16] [Info] [hammerspace.main] [CloneGPL] 129,568 bytes from block+0x20
[2026-09-20 00:51:16] [Info] [hammerspace.main] [GPL] appended custom submesh 'custom0' as submesh 3 (host bone 2, template builtin:rigid_spec_v1)
[2026-09-20 00:51:16] [Info] [hammerspace.main] [CloneACT] 7,392 bytes from block+0x1FA40
[2026-09-20 00:51:16] [Info] [hammerspace.main] [ACT] custom submesh 'custom0': bone 2 GeoId -> 3 at ACT+0x6C (section-relative; stable across hammerspace relocation)
[2026-09-20 00:51:16] [Info] [hammerspace.main] [CloneACT] 7,392 bytes from block+0x1FA40
[2026-09-20 00:51:16] [Info] [hammerspace.main] [CloneTEX] 248,000 bytes from block+0x21720
[2026-09-20 00:51:16] [Info] [hammerspace.main] [CloneSKN] 38,208 bytes from block+0x5DFE0
[2026-09-20 00:51:16] [Info] [hammerspace.main] [CloneHEADER] 0x20 bytes from offset 0x04AA6C20
[2026-09-20 00:51:16] [Info] [hammerspace.main] [HDR] +0x18 patched: 0x00067520 → 0x000677A0
[2026-09-20 00:51:16] [Info] [hammerspace.main] [CloneGPL] 129,568 bytes from block+0x20
[2026-09-20 00:51:16] [Info] [hammerspace.main] [GPL] appended custom submesh 'custom0' as submesh 3 (host bone 4, template derived:sm0_ds5)
[2026-09-20 00:51:16] [Info] [hammerspace.main] [CloneACT] 7,392 bytes from block+0x1FA40
[2026-09-20 00:51:16] [Info] [hammerspace.main] [ACT] custom submesh 'custom0': bone 4 GeoId -> 3 at ACT+0xA4 (section-relative; stable across hammerspace relocation)
[2026-09-20 00:51:16] [Info] [hammerspace.main] [CloneACT] 7,392 bytes from block+0x1FA40
[2026-09-20 00:51:16] [Info] [hammerspace.main] [CloneTEX] 248,000 bytes from block+0x21720
[2026-09-20 00:51:16] [Info] [hammerspace.main] [CloneSKN] 38,208 bytes from block+0x5DFE0
[2026-09-20 00:51:16] [Info] [hammerspace.main] [CloneHEADER] 0x20 bytes from offset 0x04AA6C20
[2026-09-20 00:51:16] [Info] [hammerspace.main] [HDR] +0x18 patched: 0x00067520 → 0x000677A0
[2026-09-20 00:51:16] [Info] [hammerspace.main] [CloneGPL] 129,568 bytes from block+0x20
[2026-09-20 00:51:16] [Info] [hammerspace.main] [CloneGPL] 129,568 bytes from block+0x20
[2026-09-20 00:51:16] [Info] [hammerspace.main] [GPL] appended custom submesh 'custom0' as submesh 3 (host bone 2, template builtin:rigid_spec_v1)
[2026-09-20 00:51:16] [Info] [hammerspace.main] [CloneACT] 7,392 bytes from block+0x1FA40
[2026-09-20 00:51:16] [Info] [hammerspace.main] [ACT] custom submesh 'custom0': bone 2 GeoId -> 3 at ACT+0x6C (section-relative; stable across hammerspace relocation)
[2026-09-20 00:51:16] [Info] [hammerspace.main] [CloneACT] 7,392 bytes from block+0x1FA40
[2026-09-20 00:51:16] [Info] [hammerspace.main] [CloneTEX] 248,000 bytes from block+0x21720
[2026-09-20 00:51:16] [Info] [hammerspace.main] [CloneSKN] 38,208 bytes from block+0x5DFE0
[2026-09-20 00:51:16] [Info] [hammerspace.main] [CloneHEADER] 0x20 bytes from offset 0x04AA6C20
[2026-09-20 00:51:16] [Info] [hammerspace.main] [HDR] +0x18 patched: 0x00067520 → 0x000677A0
[2026-09-20 00:51:16] [Info] [hammerspace.main] [CloneGPL] 129,568 bytes from block+0x20
[2026-09-20 00:51:16] [Info] [hammerspace.main] [GPL] appended custom submesh 'custom0' as submesh 3 (host bone 3, template rigid:sm1_ds5)
[2026-09-20 00:51:16] [Info] [hammerspace.main] [CloneACT] 7,392 bytes from block+0x1FA40
[2026-09-20 00:51:16] [Info] [hammerspace.main] [ACT] custom submesh 'custom0': bone 3 GeoId -> 3 at ACT+0x88 (section-relative; stable across hammerspace relocation)
[2026-09-20 00:51:16] [Info] [hammerspace.main] [CloneACT] 7,392 bytes from block+0x1FA40
[2026-09-20 00:51:16] [Info] [hammerspace.main] [CloneTEX] 248,000 bytes from block+0x21720
[2026-09-20 00:51:16] [Info] [hammerspace.main] [CloneSKN] 38,208 bytes from block+0x5DFE0
[2026-09-20 00:51:16] [Info] [hammerspace.main] [CloneHEADER] 0x20 bytes from offset 0x04AA6C20
[2026-09-20 00:51:16] [Info] [hammerspace.main] [HDR] +0x18 patched: 0x00067520 → 0x000677E0
[2026-09-20 00:51:16] [Info] [hammerspace.main] [GPL] appended custom submesh 'custom0' as submesh 1 (host bone 5, template builtin:rigid_spec_v1)
[2026-09-20 00:51:16] [Info] [geometry.rebuild] [M3.3] sub0: normal buffer compacted to 5 unique normals
[2026-09-20 00:51:16] [Info] [geometry.rebuild] [M3.2] sub0: rebuilt draw states [1]; descriptor upgrades []; triangulated 0 irreducible GX blocks
[2026-09-20 00:51:16] [Info] [geometry.rebuild] [M3.2] sub0 uv0: 6 expanded coords -> 5 compact; indices rebuilt
[2026-09-20 00:51:16] [Info] [geometry.rebuild] [M3.3] sub0: normal buffer compacted to 5 unique normals
[2026-09-20 00:51:16] [Info] [geometry.rebuild] [M3.2] sub0: rebuilt draw states [1]; descriptor upgrades []; triangulated 0 irreducible GX blocks
[2026-09-20 00:51:16] [Info] [geometry.rebuild] [M3.3] sub0: normal buffer compacted to 4 unique normals
[2026-09-20 00:51:42] [Info] [hammerspace.main] [CloneACT] 7,392 bytes from block+0x1FA40
[2026-09-20 00:51:42] [Info] [hammerspace.main] [ACT] bone 2 GeoId -> 3 at ACT+0x6C (GeoIdEdited retarget; section-relative, stable across hammerspace relocation)
[2026-09-20 00:51:42] [Info] [hammerspace.main] [CloneACT] 7,392 bytes from block+0x1FA40
[2026-09-20 00:51:42] [Info] [hammerspace.main] [CloneTEX] 248,000 bytes from block+0x21720
[2026-09-20 00:51:42] [Info] [hammerspace.main] [CloneSKN] 38,208 bytes from block+0x5DFE0
[2026-09-20 00:51:42] [Info] [hammerspace.main] [CloneHEADER] 0x20 bytes from offset 0x04AA6C20
[2026-09-20 00:51:42] [Info] [hammerspace.main] [HDR] +0x18 patched: 0x00067520 → 0x000707E0
[2026-09-20 00:51:42] [Info] [build_add_submesh_fixture] [ACT] bone 2 GeoId already reads submesh 3 at ACT+0x6C (applied by BuildModelBlock via GeoIdEdited)
[2026-09-20 00:51:42] [Info] [hammerspace.main] [CloneACT] 7,392 bytes from block+0x1FA40
[2026-09-20 00:51:42] [Info] [hammerspace.main] [ACT] bone 2 GeoId -> 3 at ACT+0x6C (GeoIdEdited retarget; section-relative, stable across hammerspace relocation)
[2026-09-20 00:51:42] [Info] [hammerspace.main] [CloneACT] 7,392 bytes from block+0x1FA40
[2026-09-20 00:51:42] [Info] [hammerspace.main] [CloneTEX] 248,000 bytes from block+0x21720
[2026-09-20 00:51:42] [Info] [hammerspace.main] [CloneSKN] 38,208 bytes from block+0x5DFE0
[2026-09-20 00:51:42] [Info] [hammerspace.main] [CloneHEADER] 0x20 bytes from offset 0x04AA6C20
[2026-09-20 00:51:42] [Info] [hammerspace.main] [HDR] +0x18 patched: 0x00067520 → 0x00067840
[2026-09-20 00:51:42] [Info] [build_add_submesh_fixture] [ACT] bone 2 GeoId already reads submesh 3 at ACT+0x6C (applied by BuildModelBlock via GeoIdEdited)
[2026-09-20 00:51:42] [Info] [hammerspace.main] [CloneACT] 7,392 bytes from block+0x1FA40
[2026-09-20 00:51:42] [Info] [hammerspace.main] [ACT] bone 2 GeoId -> 3 at ACT+0x6C (GeoIdEdited retarget; section-relative, stable across hammerspace relocation)
[2026-09-20 00:51:42] [Info] [hammerspace.main] [CloneACT] 7,392 bytes from block+0x1FA40
[2026-09-20 00:51:42] [Info] [hammerspace.main] [CloneTEX] 248,000 bytes from block+0x21720
[2026-09-20 00:51:42] [Info] [hammerspace.main] [CloneSKN] 38,208 bytes from block+0x5DFE0
[2026-09-20 00:51:42] [Info] [hammerspace.main] [CloneHEADER] 0x20 bytes from offset 0x04AA6C20
[2026-09-20 00:51:42] [Info] [hammerspace.main] [HDR] +0x18 patched: 0x00067520 → 0x000707E0
[2026-09-20 00:51:42] [Info] [build_add_submesh_fixture] [ACT] bone 2 GeoId already reads submesh 3 at ACT+0x6C (applied by BuildModelBlock via GeoIdEdited)
[2026-09-20 00:51:42] [Info] [hammerspace.main] [CloneACT] 7,392 bytes from block+0x1FA40
[2026-09-20 00:51:42] [Info] [hammerspace.main] [ACT] bone 2 GeoId -> 3 at ACT+0x6C (GeoIdEdited retarget; section-relative, stable across hammerspace relocation)
[2026-09-20 00:51:42] [Info] [hammerspace.main] [CloneACT] 7,392 bytes from block+0x1FA40
[2026-09-20 00:51:42] [Info] [hammerspace.main] [CloneTEX] 248,000 bytes from block+0x21720
[2026-09-20 00:51:42] [Info] [hammerspace.main] [CloneSKN] 38,208 bytes from block+0x5DFE0
[2026-09-20 00:51:42] [Info] [hammerspace.main] [CloneHEADER] 0x20 bytes from offset 0x04AA6C20
[2026-09-20 00:51:42] [Info] [hammerspace.main] [HDR] +0x18 patched: 0x00067520 → 0x000707E0
[2026-09-20 00:51:42] [Info] [build_add_submesh_fixture] [ACT] bone 2 GeoId already reads submesh 3 at ACT+0x6C (applied by BuildModelBlock via GeoIdEdited)
[2026-09-20 00:51:44] [Info] [geometry.rebuild] [M3.3] sub0 color: 4 donor entries -> 4 compact; indices rebuilt
[2026-09-20 00:51:44] [Info] [geometry.rebuild] [M3.2] sub0: rebuilt draw states [1]; descriptor upgrades []; triangulated 0 irreducible GX blocks
[2026-09-20 00:51:44] [Info] [geometry.rebuild] [M3.3] sub0 color: 4 donor entries -> 4 compact; indices preserved
[2026-09-20 00:51:45] [Info] [hammerspace.main] [CloneGPL] 129,568 bytes from block+0x20
[2026-09-20 00:51:45] [Info] [hammerspace.main] [GPL] patched position array sub0 at GPL+0x60 (22,224 bytes)
[2026-09-20 00:51:45] [Info] [hammerspace.main] [GPL] appended custom submesh 'custom0' as submesh 3 (host bone 2, template builtin:rigid_spec_v1)
[2026-09-20 00:51:45] [Info] [hammerspace.main] [CloneACT] 7,392 bytes from block+0x1FA40
[2026-09-20 00:51:45] [Info] [hammerspace.main] [ACT] custom submesh 'custom0': bone 2 GeoId -> 3 at ACT+0x6C (section-relative; stable across hammerspace relocation)
[2026-09-20 00:51:45] [Info] [hammerspace.main] [CloneACT] 7,392 bytes from block+0x1FA40
[2026-09-20 00:51:45] [Info] [hammerspace.main] [CloneTEX] 248,000 bytes from block+0x21720
[2026-09-20 00:51:45] [Info] [hammerspace.main] [CloneSKN] 38,208 bytes from block+0x5DFE0
[2026-09-20 00:51:45] [Info] [hammerspace.main] [CloneHEADER] 0x20 bytes from offset 0x04AA6C20
[2026-09-20 00:51:45] [Info] [hammerspace.main] [HDR] +0x18 patched: 0x00067520 → 0x00067780
[2026-09-20 00:51:45] [Info] [hammerspace.main] [CloneGPL] 129,568 bytes from block+0x20
[2026-09-20 00:51:45] [Info] [hammerspace.main] [GPL] patched position array sub0 at GPL+0x60 (22,224 bytes)
[2026-09-20 00:51:45] [Info] [hammerspace.main] [GPL] appended custom submesh 'custom0' as submesh 3 (host bone 2, template builtin:rigid_spec_v1)
[2026-09-20 00:51:45] [Info] [hammerspace.main] [CloneACT] 7,392 bytes from block+0x1FA40
[2026-09-20 00:51:45] [Info] [hammerspace.main] [ACT] custom submesh 'custom0': bone 2 GeoId -> 3 at ACT+0x6C (section-relative; stable across hammerspace relocation)
[2026-09-20 00:51:45] [Info] [hammerspace.main] [CloneACT] 7,392 bytes from block+0x1FA40
[2026-09-20 00:51:45] [Info] [hammerspace.main] [CloneTEX] 248,000 bytes from block+0x21720
[2026-09-20 00:51:45] [Info] [hammerspace.main] [CloneSKN] 38,208 bytes from block+0x5DFE0
[2026-09-20 00:51:45] [Info] [hammerspace.main] [CloneHEADER] 0x20 bytes from offset 0x04AA6C20
[2026-09-20 00:51:45] [Info] [hammerspace.main] [HDR] +0x18 patched: 0x00067520 → 0x00067780
[2026-09-20 00:51:45] [Info] [hammerspace.main] [CloneGPL] 129,568 bytes from block+0x20
[2026-09-20 00:51:45] [Info] [hammerspace.main] [GPL] patched position array sub0 at GPL+0x60 (22,224 bytes)
[2026-09-20 00:51:45] [Info] [hammerspace.main] [GPL] appended custom submesh 'custom0' as submesh 3 (host bone 2, template rigid:sm1_ds5)
[2026-09-20 00:51:45] [Info] [hammerspace.main] [CloneACT] 7,392 bytes from block+0x1FA40
[2026-09-20 00:51:45] [Info] [hammerspace.main] [ACT] custom submesh 'custom0': bone 2 GeoId -> 3 at ACT+0x6C (section-relative; stable across hammerspace relocation)
[2026-09-20 00:51:45] [Info] [hammerspace.main] [CloneACT] 7,392 bytes from block+0x1FA40
[2026-09-20 00:51:45] [Info] [hammerspace.main] [CloneTEX] 248,000 bytes from block+0x21720
[2026-09-20 00:51:45] [Info] [hammerspace.main] [CloneSKN] 38,208 bytes from block+0x5DFE0
[2026-09-20 00:51:45] [Info] [hammerspace.main] [CloneHEADER] 0x20 bytes from offset 0x04AA6C20
[2026-09-20 00:51:45] [Info] [hammerspace.main] [HDR] +0x18 patched: 0x00067520 → 0x000677C0
[2026-09-20 00:51:45] [Info] [hammerspace.main] [CloneGPL] 129,568 bytes from block+0x20
[2026-09-20 00:51:45] [Info] [hammerspace.main] [GPL] patched position array sub0 at GPL+0x60 (22,224 bytes)
[2026-09-20 00:51:45] [Info] [hammerspace.main] [GPL] appended custom submesh 'custom0' as submesh 3 (host bone 2, template derived:sm0_ds5)
[2026-09-20 00:51:45] [Info] [hammerspace.main] [CloneACT] 7,392 bytes from block+0x1FA40
[2026-09-20 00:51:45] [Info] [hammerspace.main] [ACT] custom submesh 'custom0': bone 2 GeoId -> 3 at ACT+0x6C (section-relative; stable across hammerspace relocation)
[2026-09-20 00:51:45] [Info] [hammerspace.main] [CloneACT] 7,392 bytes from block+0x1FA40
[2026-09-20 00:51:45] [Info] [hammerspace.main] [CloneTEX] 248,000 bytes from block+0x21720
[2026-09-20 00:51:45] [Info] [hammerspace.main] [CloneSKN] 38,208 bytes from block+0x5DFE0
[2026-09-20 00:51:45] [Info] [hammerspace.main] [CloneHEADER] 0x20 bytes from offset 0x04AA6C20
[2026-09-20 00:51:45] [Info] [hammerspace.main] [HDR] +0x18 patched: 0x00067520 → 0x00067780
[2026-09-20 00:51:45] [Info] [hammerspace.main] [CloneGPL] 129,568 bytes from block+0x20
[2026-09-20 00:51:45] [Info] [hammerspace.main] [GPL] patched position array sub0 at GPL+0x60 (22,224 bytes)
[2026-09-20 00:51:45] [Info] [hammerspace.main] [GPL] appended custom submesh 'custom0' as submesh 3 (host bone 2, template builtin:rigid_spec_v1)
[2026-09-20 00:51:45] [Info] [hammerspace.main] [CloneACT] 7,392 bytes from block+0x1FA40
[2026-09-20 00:51:45] [Info] [hammerspace.main] [ACT] custom submesh 'custom0': bone 2 GeoId -> 3 at ACT+0x6C (section-relative; stable across hammerspace relocation)
[2026-09-20 00:51:45] [Info] [hammerspace.main] [CloneACT] 7,392 bytes from block+0x1FA40
[2026-09-20 00:51:45] [Info] [hammerspace.main] [CloneTEX] 248,000 bytes from block+0x21720
[2026-09-20 00:51:45] [Info] [hammerspace.main] [CloneSKN] 38,208 bytes from block+0x5DFE0
[2026-09-20 00:51:45] [Info] [hammerspace.main] [CloneHEADER] 0x20 bytes from offset 0x04AA6C20
[2026-09-20 00:51:45] [Info] [hammerspace.main] [HDR] +0x18 patched: 0x00067520 → 0x00067780
[2026-09-20 00:51:45] [Info] [dispatcher] Resolved PNG '0.png' → model.sluggie texture 0
[2026-09-20 00:51:45] [Info] [dispatcher] Resolved PNG '0.png' → model.sluggie texture 0
[2026-09-20 00:51:45] [Info] [dispatcher] Found: C:\Users\gerno\AppData\Local\Temp\tmpj6hpuuoz\model.sluggie
[2026-09-20 00:51:45] [Info] [dispatcher] Resolved PNG '0.png' → model.sluggie texture 0
[2026-09-20 00:51:45] [Info] [dispatcher] Found: C:\Users\gerno\AppData\Local\Temp\tmpcgnz8o8i\model.sluggie
[2026-09-20 00:51:45] [Warning] [act] bone 0 is not relative
[2026-09-20 00:51:45] [Warning] [act] bone 0 is not relative
[2026-09-20 00:51:45] [Warning] [act] bone 0 is not relative
[2026-09-20 00:51:46] [Info] [hammerspace.helper] [1] Current DOL entry: chunk=0, file_index=0, offset=0x00000008 (8), length=0x00000008 (8 bytes)
[2026-09-20 00:51:46] [Info] [hammerspace.helper] [2] Original DOL entry: offset=0x00000008 (8), length=0x00000008 (8 bytes)
[2026-09-20 00:51:46] [Info] [hammerspace.helper] DOL entry was already restored; original model bytes were repaired and verified.
[2026-09-20 00:51:46] [Info] [hammerspace.helper] [1] Current DOL entry: chunk=0, file_index=0, offset=0x00000040 (64), length=0x00000008 (8 bytes)
[2026-09-20 00:51:46] [Info] [hammerspace.helper] [2] Original DOL entry: offset=0x00000008 (8), length=0x00000008 (8 bytes)
[2026-09-20 00:51:46] [Info] [hammerspace.helper] [3] Restored and verified 8 original model bytes at 0x00000008.
[2026-09-20 00:51:46] [Info] [hammerspace.helper] [4] Restoring original DOL entry ...
[2026-09-20 00:51:46] [Info] [hammerspace.helper] [5] Zeroing 8 bytes at 0x00000040 in OUTPUT dt_na.dat ...
[2026-09-20 00:51:46] [Info] [hammerspace.helper]     Zeroed 8 bytes.
[2026-09-20 00:51:46] [Info] [hammerspace.helper] Done. chunk=0, file_index=0 removed from hammerspace.
[2026-09-20 00:51:46] [Info] [hammerspace.main] [ACT] bone 5 GeoId -> 65535 at ACT+0x20 (GeoIdEdited retarget; section-relative, stable across hammerspace relocation)
[2026-09-20 00:51:46] [Info] [hammerspace.main] [ACT] custom submesh 'custom0': bone 5 GeoId -> 2 at ACT+0x20 (section-relative; stable across hammerspace relocation)
[2026-09-20 00:51:46] [Info] [hammerspace.main] [ACT] bone 6 GeoId -> 1 at ACT+0x28 (GeoIdEdited retarget; section-relative, stable across hammerspace relocation)
[2026-09-20 00:51:46] [Info] [hammerspace.main] [ACT] bone 5 GeoId -> 65535 at ACT+0x20 (GeoIdEdited retarget; section-relative, stable across hammerspace relocation)
[2026-09-20 00:51:46] [Info] [hammerspace.main] [ACT] custom submesh 'custom0': bone 5 GeoId -> 1 at ACT+0x20 (section-relative; stable across hammerspace relocation)
[2026-09-20 00:51:46] [Info] [hammerspace.main] [ACT] custom submesh 'custom1': bone 6 GeoId -> 2 at ACT+0x28 (section-relative; stable across hammerspace relocation)
[2026-09-20 00:51:46] [Info] [hammerspace.main] [ACT] custom submesh 'custom0': bone 5 GeoId -> 2 at ACT+0x20 (section-relative; stable across hammerspace relocation)
[2026-09-20 00:51:46] [Error] [hammerspace.main] Bone 1: SRTOffset 0x103F is before the ACT section start (0x1040); the .sluggie's SRTOffset metadata does not match this model's ACT section layout. Re-export the model with the latest SluggiesTools export.py, then export from Blender again.
[2026-09-20 00:51:46] [Info] [hammerspace.main] [ACT] root-bone SRT scale: bone 1 wrote 400000003fc000003f800000 at ACT+0x54 (section-relative; stable across hammerspace relocation)
[2026-09-20 00:51:46] [Info] [hammerspace.main] [Container] DOL entry is an archive: 3 slots, 3 populated; rebuilding slot 1 at +0x60 and carrying the other 2 member(s) along
[2026-09-20 00:51:46] [Info] [hammerspace.main] [Container] archive slot 1 64 -> 192 bytes; 1 later slot(s) shifted by +128; archive 256 -> 384 bytes
[2026-09-20 00:51:46] [Info] [hammerspace.main] [Container] preserving 32-byte DOL entry prefix; inner model starts at +0x20
[2026-09-20 00:51:46] [Info] [hammerspace.main] [Container] DOL entry is an archive: 3 slots, 3 populated; rebuilding slot 1 at +0x60 and carrying the other 2 member(s) along
[2026-09-20 00:51:46] [Info] [hammerspace.main] [Container] archive slot 1 64 -> 192 bytes; 1 later slot(s) shifted by +128; archive 256 -> 384 bytes
[2026-09-20 00:51:46] [Info] [hammerspace.main] [Container] DOL entry is an archive: 3 slots, 3 populated; rebuilding slot 1 at +0x60 and carrying the other 2 member(s) along
[2026-09-20 00:51:46] [Info] [hammerspace.main] [Container] archive slot 1 64 -> 192 bytes; 1 later slot(s) shifted by +128; archive 256 -> 384 bytes
[2026-09-20 00:51:46] [Info] [hammerspace.main] [CloneGPL] 4 bytes from block+0x20
[2026-09-20 00:51:46] [Info] [hammerspace.main] [HDR] +0x18 patched: 0x00000180 → 0x00000100
[2026-09-20 00:51:46] [Info] [hammerspace.main] [HDR] +0x14 patched: 0x00000100 → 0x000000A0
[2026-09-20 00:51:46] [Info] [hammerspace.main] [HDR] +0x18 patched: 0x00000140 → 0x000000E0
[2026-09-20 00:51:46] [Info] [hammerspace.main] [HDR] +0x1C patched: 0x00000180 → 0x00000120
[2026-09-20 00:51:46] [Info] [hammerspace.main] [GPL] patched material state sub0 ds0 at GPL+0x10
[2026-09-20 00:51:46] [Info] [hammerspace.main] [GPL] patched material state sub0 ds1 at GPL+0x20
[2026-09-20 00:51:46] [Info] [hammerspace.main] [GPL] patched position array sub0 at GPL+0x10 (6 bytes)
[2026-09-20 00:51:46] [Info] [hammerspace.main] Model already in hammerspace at 0x00003000; keeping the old route live until replacement commits
[2026-09-20 00:51:46] [Info] [hammerspace.main] Hammerspace Log: Replaced | Model: fixture.sluggie | Old address: 0x00003000 | Old size: 0.00 MB
[2026-09-20 00:51:46] [Info] [hammerspace.main] Hammerspace Log: Written | Model: fixture.sluggie | Chunk: 18 | File: 0 | Address: 0x00004000 | Size: 0.00 MB | Modes: {'GPL': 'clone', 'ACT': 'clone', 'TEX': 'clone', 'SKN': 'clone', 'trailing': 'clone'}
[2026-09-20 00:51:46] [Info] [hammerspace.main] Model already in hammerspace at 0x00003000; keeping the old route live until replacement commits
[2026-09-20 00:51:46] [Info] [hammerspace.main] Model already in hammerspace at 0x00003000; keeping the old route live until replacement commits
[2026-09-20 00:51:46] [Info] [hammerspace.main] Hammerspace Log: Replaced | Model: fixture.sluggie | Old address: 0x00003000 | Old size: 0.00 MB
[2026-09-20 00:51:46] [Info] [hammerspace.main] Hammerspace Log: Written | Model: fixture.sluggie | Chunk: 18 | File: 0 | Address: 0x00004000 | Size: 0.00 MB | Modes: {'GPL': 'clone', 'ACT': 'clone', 'TEX': 'clone', 'SKN': 'clone', 'trailing': 'clone'}
[2026-09-20 00:51:46] [Info] [hammerspace.main] Model already in hammerspace at 0x00003000; keeping the old route live until replacement commits
[2026-09-20 00:51:46] [Info] [hammerspace.main] [GPL] appended UV array sub0 uv0 at GPL+0x80 (8 bytes)
[2026-09-20 00:51:46] [Info] [hammerspace.main] [GPL] appended primitive list sub0 ds0 (32 bytes)
[2026-09-20 00:51:46] [Info] [hammerspace.main] [GPL] patched UV array sub0 uv0 at GPL+0x14 (4 bytes)
[2026-09-20 00:51:46] [Info] [hammerspace.main] Hammerspace Log: Written | Model: fixture.sluggie | Chunk: 18 | File: 0 | Address: 0x00001020 | Size: 0.00 MB | Modes: {'GPL': 'clone', 'ACT': 'clone', 'TEX': 'clone', 'SKN': 'clone', 'trailing': 'clone'}
[2026-09-20 00:51:46] [Info] [hammerspace.main] Hammerspace Log: Written | Model: fixture.sluggie | Chunk: 18 | File: 0 | Address: 0x00002000 | Size: 0.00 MB | Modes: {'GPL': 'clone', 'ACT': 'clone', 'TEX': 'clone', 'SKN': 'clone', 'trailing': 'clone'}
[2026-09-20 00:51:46] [Warning] [hammerspace.main] [SKN] SK1/SK2 destinations are not cache-line exclusive; source arrays packed sequentially instead of mirroring the position buffer (donor layout rule) — facial poses on skinned vertices may break in-game
[2026-09-20 00:51:46] [Info] [hammerspace.main] [BuildTEX] built 5 texture(s), 5 image payload(s), 0 palette payload(s); section size 832 bytes
[2026-09-20 00:51:46] [Info] [hammerspace.main] [BuildTEX] built 2 texture(s), 2 image payload(s), 0 palette payload(s); section size 160 bytes
[2026-09-20 00:51:46] [Info] [hammerspace.main] [BuildTEX] No textures; returning empty TEX section
[2026-09-20 00:51:46] [Info] [hammerspace.main] [BuildTEX] built 2 texture(s), 2 image payload(s), 0 palette payload(s); section size 160 bytes
[2026-09-20 00:51:46] [Info] [hammerspace.main] [BuildTEX] built 2 texture(s), 2 image payload(s), 2 palette payload(s); section size 256 bytes
[2026-09-20 00:51:46] [Info] [hammerspace.main] [BuildTEX] built 1 texture(s), 1 image payload(s), 0 palette payload(s); section size 96 bytes
[2026-09-20 00:51:46] [Info] [hammerspace.main] [CloneGPL] 129,568 bytes from block+0x20
[2026-09-20 00:51:46] [Info] [hammerspace.main] [GPL] appended custom submesh 'custom0' as submesh 3 (host bone 2, template builtin:rigid_spec_v1)
[2026-09-20 00:51:46] [Info] [hammerspace.main] [CloneACT] 7,392 bytes from block+0x1FA40
[2026-09-20 00:51:46] [Info] [hammerspace.main] [ACT] custom submesh 'custom0': bone 2 GeoId -> 3 at ACT+0x6C (section-relative; stable across hammerspace relocation)
[2026-09-20 00:51:46] [Info] [hammerspace.main] [CloneACT] 7,392 bytes from block+0x1FA40
[2026-09-20 00:51:46] [Info] [hammerspace.main] [CloneTEX] 248,000 bytes from block+0x21720
[2026-09-20 00:51:46] [Info] [hammerspace.main] [CloneSKN] 38,208 bytes from block+0x5DFE0
[2026-09-20 00:51:46] [Info] [hammerspace.main] [CloneHEADER] 0x20 bytes from offset 0x04AA6C20
[2026-09-20 00:51:46] [Info] [hammerspace.main] [HDR] +0x18 patched: 0x00067520 → 0x000677A0
[2026-09-20 00:51:46] [Info] [hammerspace.main] [CloneGPL] 129,568 bytes from block+0x20
[2026-09-20 00:51:46] [Info] [hammerspace.main] [GPL] appended custom submesh 'custom0' as submesh 3 (host bone 4, template derived:sm0_ds5)
[2026-09-20 00:51:46] [Info] [hammerspace.main] [CloneACT] 7,392 bytes from block+0x1FA40
[2026-09-20 00:51:46] [Info] [hammerspace.main] [ACT] custom submesh 'custom0': bone 4 GeoId -> 3 at ACT+0xA4 (section-relative; stable across hammerspace relocation)
[2026-09-20 00:51:46] [Info] [hammerspace.main] [CloneACT] 7,392 bytes from block+0x1FA40
[2026-09-20 00:51:46] [Info] [hammerspace.main] [CloneTEX] 248,000 bytes from block+0x21720
[2026-09-20 00:51:46] [Info] [hammerspace.main] [CloneSKN] 38,208 bytes from block+0x5DFE0
[2026-09-20 00:51:46] [Info] [hammerspace.main] [CloneHEADER] 0x20 bytes from offset 0x04AA6C20
[2026-09-20 00:51:46] [Info] [hammerspace.main] [HDR] +0x18 patched: 0x00067520 → 0x000677A0
[2026-09-20 00:51:46] [Info] [hammerspace.main] [CloneGPL] 129,568 bytes from block+0x20
[2026-09-20 00:51:46] [Info] [hammerspace.main] [CloneGPL] 129,568 bytes from block+0x20
[2026-09-20 00:51:46] [Info] [hammerspace.main] [GPL] appended custom submesh 'custom0' as submesh 3 (host bone 2, template builtin:rigid_spec_v1)
[2026-09-20 00:51:46] [Info] [hammerspace.main] [CloneACT] 7,392 bytes from block+0x1FA40
[2026-09-20 00:51:46] [Info] [hammerspace.main] [ACT] custom submesh 'custom0': bone 2 GeoId -> 3 at ACT+0x6C (section-relative; stable across hammerspace relocation)
[2026-09-20 00:51:46] [Info] [hammerspace.main] [CloneACT] 7,392 bytes from block+0x1FA40
[2026-09-20 00:51:46] [Info] [hammerspace.main] [CloneTEX] 248,000 bytes from block+0x21720
[2026-09-20 00:51:46] [Info] [hammerspace.main] [CloneSKN] 38,208 bytes from block+0x5DFE0
[2026-09-20 00:51:46] [Info] [hammerspace.main] [CloneHEADER] 0x20 bytes from offset 0x04AA6C20
[2026-09-20 00:51:46] [Info] [hammerspace.main] [HDR] +0x18 patched: 0x00067520 → 0x000677A0
[2026-09-20 00:51:46] [Info] [hammerspace.main] [CloneGPL] 129,568 bytes from block+0x20
[2026-09-20 00:51:46] [Info] [hammerspace.main] [GPL] appended custom submesh 'custom0' as submesh 3 (host bone 3, template rigid:sm1_ds5)
[2026-09-20 00:51:46] [Info] [hammerspace.main] [CloneACT] 7,392 bytes from block+0x1FA40
[2026-09-20 00:51:46] [Info] [hammerspace.main] [ACT] custom submesh 'custom0': bone 3 GeoId -> 3 at ACT+0x88 (section-relative; stable across hammerspace relocation)
[2026-09-20 00:51:46] [Info] [hammerspace.main] [CloneACT] 7,392 bytes from block+0x1FA40
[2026-09-20 00:51:46] [Info] [hammerspace.main] [CloneTEX] 248,000 bytes from block+0x21720
[2026-09-20 00:51:46] [Info] [hammerspace.main] [CloneSKN] 38,208 bytes from block+0x5DFE0
[2026-09-20 00:51:46] [Info] [hammerspace.main] [CloneHEADER] 0x20 bytes from offset 0x04AA6C20
[2026-09-20 00:51:46] [Info] [hammerspace.main] [HDR] +0x18 patched: 0x00067520 → 0x000677E0
[2026-09-20 00:51:46] [Info] [hammerspace.main] [GPL] appended custom submesh 'custom0' as submesh 1 (host bone 5, template builtin:rigid_spec_v1)
[2026-09-20 00:51:46] [Info] [geometry.rebuild] [M3.3] sub0: normal buffer compacted to 5 unique normals
[2026-09-20 00:51:46] [Info] [geometry.rebuild] [M3.2] sub0: rebuilt draw states [1]; descriptor upgrades []; triangulated 0 irreducible GX blocks
[2026-09-20 00:51:46] [Info] [geometry.rebuild] [M3.2] sub0 uv0: 6 expanded coords -> 5 compact; indices rebuilt
[2026-09-20 00:51:46] [Info] [geometry.rebuild] [M3.3] sub0: normal buffer compacted to 5 unique normals
[2026-09-20 00:51:46] [Info] [geometry.rebuild] [M3.2] sub0: rebuilt draw states [1]; descriptor upgrades []; triangulated 0 irreducible GX blocks
[2026-09-20 00:51:46] [Info] [geometry.rebuild] [M3.3] sub0: normal buffer compacted to 4 unique normals
[2026-09-20 00:59:02] [Info] [hammerspace.main] [CloneACT] 832 bytes from block+0x2A0
[2026-09-20 00:59:02] [Info] [hammerspace.main] [CloneACT] 832 bytes from block+0x2A0
[2026-09-20 00:59:02] [Info] [hammerspace.main] [CloneTEX] 160 bytes from block+0x5E0
[2026-09-20 00:59:02] [Info] [hammerspace.main] [CloneSKN] 416 bytes from block+0x680
[2026-09-20 00:59:02] [Info] [hammerspace.main] [CloneTrailing] No ptr6/ptr7/ptr8 sections
[2026-09-20 00:59:02] [Info] [hammerspace.main] [CloneHEADER] 0x20 bytes from offset 0x00002000
[2026-09-20 01:00:05] [Info] [hammerspace.main] [CloneACT] 832 bytes from block+0x2A0
[2026-09-20 01:00:05] [Info] [hammerspace.main] [CloneACT] 832 bytes from block+0x2A0
[2026-09-20 01:00:05] [Info] [hammerspace.main] [CloneTEX] 160 bytes from block+0x5E0
[2026-09-20 01:00:05] [Info] [hammerspace.main] [CloneSKN] 384 bytes from block+0x680
[2026-09-20 01:00:05] [Info] [hammerspace.main] [CloneTrailing] No ptr6/ptr7/ptr8 sections
[2026-09-20 01:00:05] [Info] [hammerspace.main] [CloneHEADER] 0x20 bytes from offset 0x00002000
[2026-09-20 01:00:17] [Info] [hammerspace.main] [CloneGPL] 640 bytes from block+0x20
[2026-09-20 01:00:17] [Info] [hammerspace.main] [GPL] appended custom submesh 'custom0' as submesh 2 (host bone 1, template rigid:sm1_ds5)
[2026-09-20 01:00:17] [Info] [hammerspace.main] [CloneACT] 832 bytes from block+0x2A0
[2026-09-20 01:00:17] [Info] [hammerspace.main] [ACT] custom submesh 'custom0': bone 1 GeoId -> 2 at ACT+0x50 (section-relative; stable across hammerspace relocation)
[2026-09-20 01:00:17] [Info] [hammerspace.main] [CloneACT] 832 bytes from block+0x2A0
[2026-09-20 01:00:17] [Info] [hammerspace.main] [CloneTEX] 160 bytes from block+0x5E0
[2026-09-20 01:00:17] [Info] [hammerspace.main] [CloneSKN] 384 bytes from block+0x680
[2026-09-20 01:00:17] [Info] [hammerspace.main] [CloneTrailing] No ptr6/ptr7/ptr8 sections
[2026-09-20 01:00:17] [Info] [hammerspace.main] [CloneHEADER] 0x20 bytes from offset 0x00002000
[2026-09-20 01:00:17] [Info] [hammerspace.main] [CloneGPL] 640 bytes from block+0x20
[2026-09-20 01:00:17] [Info] [hammerspace.main] [GPL] appended custom submesh 'custom0' as submesh 2 (host bone 1, template builtin:rigid_spec_v1)
[2026-09-20 01:00:17] [Info] [hammerspace.main] [CloneACT] 832 bytes from block+0x2A0
[2026-09-20 01:00:17] [Info] [hammerspace.main] [ACT] custom submesh 'custom0': bone 1 GeoId -> 2 at ACT+0x50 (section-relative; stable across hammerspace relocation)
[2026-09-20 01:00:17] [Info] [hammerspace.main] [CloneACT] 832 bytes from block+0x2A0
[2026-09-20 01:00:17] [Info] [hammerspace.main] [CloneTEX] 160 bytes from block+0x5E0
[2026-09-20 01:00:17] [Info] [hammerspace.main] [CloneSKN] 384 bytes from block+0x680
[2026-09-20 01:00:17] [Info] [hammerspace.main] [CloneTrailing] No ptr6/ptr7/ptr8 sections
[2026-09-20 01:00:17] [Info] [hammerspace.main] [CloneHEADER] 0x20 bytes from offset 0x00002000
[2026-09-20 01:00:29] [Info] [hammerspace.main] [CloneGPL] 640 bytes from block+0x20
[2026-09-20 01:00:29] [Info] [hammerspace.main] [GPL] appended custom submesh 'custom0' as submesh 2 (host bone 1, template rigid:sm1_ds5)
[2026-09-20 01:00:29] [Info] [hammerspace.main] [CloneACT] 832 bytes from block+0x2A0
[2026-09-20 01:00:29] [Info] [hammerspace.main] [ACT] custom submesh 'custom0': bone 1 GeoId -> 2 at ACT+0x50 (section-relative; stable across hammerspace relocation)
[2026-09-20 01:00:29] [Info] [hammerspace.main] [CloneACT] 832 bytes from block+0x2A0
[2026-09-20 01:00:29] [Info] [hammerspace.main] [CloneTEX] 160 bytes from block+0x5E0
[2026-09-20 01:00:29] [Info] [hammerspace.main] [CloneSKN] 384 bytes from block+0x680
[2026-09-20 01:00:29] [Info] [hammerspace.main] [CloneTrailing] No ptr6/ptr7/ptr8 sections
[2026-09-20 01:00:29] [Info] [hammerspace.main] [CloneHEADER] 0x20 bytes from offset 0x00002000
[2026-09-20 01:00:29] [Info] [hammerspace.main] [CloneGPL] 640 bytes from block+0x20
[2026-09-20 01:00:29] [Info] [hammerspace.main] [GPL] appended custom submesh 'custom0' as submesh 2 (host bone 1, template derived:sm0_ds5)
[2026-09-20 01:00:29] [Info] [hammerspace.main] [CloneACT] 832 bytes from block+0x2A0
[2026-09-20 01:00:29] [Info] [hammerspace.main] [ACT] custom submesh 'custom0': bone 1 GeoId -> 2 at ACT+0x50 (section-relative; stable across hammerspace relocation)
[2026-09-20 01:00:29] [Info] [hammerspace.main] [CloneACT] 832 bytes from block+0x2A0
[2026-09-20 01:00:29] [Info] [hammerspace.main] [CloneTEX] 160 bytes from block+0x5E0
[2026-09-20 01:00:29] [Info] [hammerspace.main] [CloneSKN] 384 bytes from block+0x680
[2026-09-20 01:00:29] [Info] [hammerspace.main] [CloneTrailing] No ptr6/ptr7/ptr8 sections
[2026-09-20 01:00:29] [Info] [hammerspace.main] [CloneHEADER] 0x20 bytes from offset 0x00002000
[2026-09-20 01:00:29] [Info] [hammerspace.main] [CloneGPL] 640 bytes from block+0x20
[2026-09-20 01:00:29] [Info] [hammerspace.main] [GPL] appended custom submesh 'custom0' as submesh 2 (host bone 1, template builtin:rigid_spec_v1)
[2026-09-20 01:00:29] [Info] [hammerspace.main] [CloneACT] 832 bytes from block+0x2A0
[2026-09-20 01:00:29] [Info] [hammerspace.main] [ACT] custom submesh 'custom0': bone 1 GeoId -> 2 at ACT+0x50 (section-relative; stable across hammerspace relocation)
[2026-09-20 01:00:29] [Info] [hammerspace.main] [CloneACT] 832 bytes from block+0x2A0
[2026-09-20 01:00:29] [Info] [hammerspace.main] [CloneTEX] 160 bytes from block+0x5E0
[2026-09-20 01:00:29] [Info] [hammerspace.main] [CloneSKN] 384 bytes from block+0x680
[2026-09-20 01:00:29] [Info] [hammerspace.main] [CloneTrailing] No ptr6/ptr7/ptr8 sections
[2026-09-20 01:00:29] [Info] [hammerspace.main] [CloneHEADER] 0x20 bytes from offset 0x00002000
[2026-09-20 01:00:43] [Info] [hammerspace.main] [CloneACT] 832 bytes from block+0x2A0
[2026-09-20 01:00:43] [Info] [hammerspace.main] [ACT] bone 1 GeoId -> 2 at ACT+0x50 (GeoIdEdited retarget; section-relative, stable across hammerspace relocation)
[2026-09-20 01:00:43] [Info] [hammerspace.main] [CloneACT] 832 bytes from block+0x2A0
[2026-09-20 01:00:43] [Info] [hammerspace.main] [CloneTEX] 160 bytes from block+0x5E0
[2026-09-20 01:00:43] [Info] [hammerspace.main] [CloneSKN] 384 bytes from block+0x680
[2026-09-20 01:00:43] [Info] [hammerspace.main] [CloneTrailing] No ptr6/ptr7/ptr8 sections
[2026-09-20 01:00:43] [Info] [hammerspace.main] [CloneHEADER] 0x20 bytes from offset 0x00002000
[2026-09-20 01:00:43] [Info] [build_add_submesh_fixture] [ACT] bone 1 GeoId already reads submesh 2 at ACT+0x50 (applied by BuildModelBlock via GeoIdEdited)
[2026-09-20 01:01:32] [Info] [hammerspace.main] [CloneACT] 832 bytes from block+0x360
[2026-09-20 01:01:32] [Info] [hammerspace.main] [CloneACT] 832 bytes from block+0x360
[2026-09-20 01:01:32] [Info] [hammerspace.main] [CloneTEX] 160 bytes from block+0x6A0
[2026-09-20 01:01:32] [Info] [hammerspace.main] [CloneSKN] 384 bytes from block+0x740
[2026-09-20 01:01:32] [Info] [hammerspace.main] [CloneTrailing] No ptr6/ptr7/ptr8 sections
[2026-09-20 01:01:32] [Info] [hammerspace.main] [CloneHEADER] 0x20 bytes from offset 0x00002000
[2026-09-20 01:01:37] [Info] [hammerspace.main] [CloneGPL] 832 bytes from block+0x20
[2026-09-20 01:01:37] [Info] [hammerspace.main] [GPL] appended custom submesh 'custom0' as submesh 2 (host bone 1, template rigid:sm1_ds5)
[2026-09-20 01:01:37] [Info] [hammerspace.main] [CloneACT] 832 bytes from block+0x360
[2026-09-20 01:01:37] [Info] [hammerspace.main] [ACT] custom submesh 'custom0': bone 1 GeoId -> 2 at ACT+0x50 (section-relative; stable across hammerspace relocation)
[2026-09-20 01:01:37] [Info] [hammerspace.main] [CloneACT] 832 bytes from block+0x360
[2026-09-20 01:01:37] [Info] [hammerspace.main] [CloneTEX] 160 bytes from block+0x6A0
[2026-09-20 01:01:37] [Info] [hammerspace.main] [CloneSKN] 384 bytes from block+0x740
[2026-09-20 01:01:37] [Info] [hammerspace.main] [CloneTrailing] No ptr6/ptr7/ptr8 sections
[2026-09-20 01:01:37] [Info] [hammerspace.main] [CloneHEADER] 0x20 bytes from offset 0x00002000
[2026-09-20 01:01:37] [Info] [hammerspace.main] [CloneGPL] 832 bytes from block+0x20
[2026-09-20 01:01:37] [Info] [hammerspace.main] [GPL] appended custom submesh 'custom0' as submesh 2 (host bone 1, template derived:sm0_ds5)
[2026-09-20 01:01:37] [Info] [hammerspace.main] [CloneACT] 832 bytes from block+0x360
[2026-09-20 01:01:37] [Info] [hammerspace.main] [ACT] custom submesh 'custom0': bone 1 GeoId -> 2 at ACT+0x50 (section-relative; stable across hammerspace relocation)
[2026-09-20 01:01:37] [Info] [hammerspace.main] [CloneACT] 832 bytes from block+0x360
[2026-09-20 01:01:37] [Info] [hammerspace.main] [CloneTEX] 160 bytes from block+0x6A0
[2026-09-20 01:01:37] [Info] [hammerspace.main] [CloneSKN] 384 bytes from block+0x740
[2026-09-20 01:01:37] [Info] [hammerspace.main] [CloneTrailing] No ptr6/ptr7/ptr8 sections
[2026-09-20 01:01:37] [Info] [hammerspace.main] [CloneHEADER] 0x20 bytes from offset 0x00002000
[2026-09-20 01:01:37] [Info] [hammerspace.main] [CloneGPL] 832 bytes from block+0x20
[2026-09-20 01:01:37] [Info] [hammerspace.main] [GPL] appended custom submesh 'custom0' as submesh 2 (host bone 1, template builtin:rigid_spec_v1)
[2026-09-20 01:01:37] [Info] [hammerspace.main] [CloneACT] 832 bytes from block+0x360
[2026-09-20 01:01:37] [Info] [hammerspace.main] [ACT] custom submesh 'custom0': bone 1 GeoId -> 2 at ACT+0x50 (section-relative; stable across hammerspace relocation)
[2026-09-20 01:01:37] [Info] [hammerspace.main] [CloneACT] 832 bytes from block+0x360
[2026-09-20 01:01:37] [Info] [hammerspace.main] [CloneTEX] 160 bytes from block+0x6A0
[2026-09-20 01:01:37] [Info] [hammerspace.main] [CloneSKN] 384 bytes from block+0x740
[2026-09-20 01:01:37] [Info] [hammerspace.main] [CloneTrailing] No ptr6/ptr7/ptr8 sections
[2026-09-20 01:01:37] [Info] [hammerspace.main] [CloneHEADER] 0x20 bytes from offset 0x00002000
[2026-09-20 01:01:37] [Info] [hammerspace.main] [CloneACT] 832 bytes from block+0x360
[2026-09-20 01:01:37] [Info] [hammerspace.main] [ACT] bone 1 GeoId -> 2 at ACT+0x50 (GeoIdEdited retarget; section-relative, stable across hammerspace relocation)
[2026-09-20 01:01:37] [Info] [hammerspace.main] [CloneACT] 832 bytes from block+0x360
[2026-09-20 01:01:37] [Info] [hammerspace.main] [CloneTEX] 160 bytes from block+0x6A0
[2026-09-20 01:01:37] [Info] [hammerspace.main] [CloneSKN] 384 bytes from block+0x740
[2026-09-20 01:01:37] [Info] [hammerspace.main] [CloneTrailing] No ptr6/ptr7/ptr8 sections
[2026-09-20 01:01:37] [Info] [hammerspace.main] [CloneHEADER] 0x20 bytes from offset 0x00002000
[2026-09-20 01:01:37] [Info] [build_add_submesh_fixture] [ACT] bone 1 GeoId already reads submesh 2 at ACT+0x50 (applied by BuildModelBlock via GeoIdEdited)
[2026-09-20 01:01:37] [Info] [hammerspace.main] [CloneACT] 832 bytes from block+0x360
[2026-09-20 01:01:37] [Info] [hammerspace.main] [ACT] bone 2 GeoId -> 2 at ACT+0x6C (GeoIdEdited retarget; section-relative, stable across hammerspace relocation)
[2026-09-20 01:01:37] [Info] [hammerspace.main] [ACT] bone 4 GeoId -> 3 at ACT+0xA4 (GeoIdEdited retarget; section-relative, stable across hammerspace relocation)
[2026-09-20 01:01:37] [Info] [hammerspace.main] [CloneACT] 832 bytes from block+0x360
[2026-09-20 01:01:37] [Info] [hammerspace.main] [CloneTEX] 160 bytes from block+0x6A0
[2026-09-20 01:01:37] [Info] [hammerspace.main] [CloneSKN] 384 bytes from block+0x740
[2026-09-20 01:01:37] [Info] [hammerspace.main] [CloneTrailing] No ptr6/ptr7/ptr8 sections
[2026-09-20 01:01:37] [Info] [hammerspace.main] [CloneHEADER] 0x20 bytes from offset 0x00002000
[2026-09-20 01:01:37] [Info] [build_add_submesh_fixture] [ACT] bone 2 GeoId already reads submesh 2 at ACT+0x6C (applied by BuildModelBlock via GeoIdEdited)
[2026-09-20 01:01:37] [Info] [build_add_submesh_fixture] [ACT] bone 4 GeoId already reads submesh 3 at ACT+0xA4 (applied by BuildModelBlock via GeoIdEdited)
[2026-09-20 01:02:16] [Info] [hammerspace.main] [ACT] bone 5 GeoId -> 65535 at ACT+0x20 (GeoIdEdited retarget; section-relative, stable across hammerspace relocation)
[2026-09-20 01:02:16] [Info] [hammerspace.main] [ACT] custom submesh 'custom0': bone 5 GeoId -> 2 at ACT+0x20 (section-relative; stable across hammerspace relocation)
[2026-09-20 01:02:16] [Info] [hammerspace.main] [ACT] bone 6 GeoId -> 1 at ACT+0x28 (GeoIdEdited retarget; section-relative, stable across hammerspace relocation)
[2026-09-20 01:02:16] [Info] [hammerspace.main] [ACT] bone 5 GeoId -> 65535 at ACT+0x20 (GeoIdEdited retarget; section-relative, stable across hammerspace relocation)
[2026-09-20 01:02:16] [Info] [hammerspace.main] [ACT] custom submesh 'custom0': bone 5 GeoId -> 1 at ACT+0x20 (section-relative; stable across hammerspace relocation)
[2026-09-20 01:02:16] [Info] [hammerspace.main] [ACT] custom submesh 'custom1': bone 6 GeoId -> 2 at ACT+0x28 (section-relative; stable across hammerspace relocation)
[2026-09-20 01:02:16] [Info] [hammerspace.main] [ACT] custom submesh 'custom0': bone 5 GeoId -> 2 at ACT+0x20 (section-relative; stable across hammerspace relocation)
[2026-09-20 01:02:16] [Error] [hammerspace.main] Bone 1: SRTOffset 0x103F is before the ACT section start (0x1040); the .sluggie's SRTOffset metadata does not match this model's ACT section layout. Re-export the model with the latest SluggiesTools export.py, then export from Blender again.
[2026-09-20 01:02:16] [Info] [hammerspace.main] [ACT] root-bone SRT scale: bone 1 wrote 400000003fc000003f800000 at ACT+0x54 (section-relative; stable across hammerspace relocation)
[2026-09-20 01:02:16] [Info] [hammerspace.main] [Container] DOL entry is an archive: 3 slots, 3 populated; rebuilding slot 1 at +0x60 and carrying the other 2 member(s) along
[2026-09-20 01:02:16] [Info] [hammerspace.main] [Container] archive slot 1 64 -> 192 bytes; 1 later slot(s) shifted by +128; archive 256 -> 384 bytes
[2026-09-20 01:02:16] [Info] [hammerspace.main] [Container] preserving 32-byte DOL entry prefix; inner model starts at +0x20
[2026-09-20 01:02:16] [Info] [hammerspace.main] [Container] DOL entry is an archive: 3 slots, 3 populated; rebuilding slot 1 at +0x60 and carrying the other 2 member(s) along
[2026-09-20 01:02:16] [Info] [hammerspace.main] [Container] archive slot 1 64 -> 192 bytes; 1 later slot(s) shifted by +128; archive 256 -> 384 bytes
[2026-09-20 01:02:16] [Info] [hammerspace.main] [Container] DOL entry is an archive: 3 slots, 3 populated; rebuilding slot 1 at +0x60 and carrying the other 2 member(s) along
[2026-09-20 01:02:16] [Info] [hammerspace.main] [Container] archive slot 1 64 -> 192 bytes; 1 later slot(s) shifted by +128; archive 256 -> 384 bytes
[2026-09-20 01:02:16] [Info] [hammerspace.main] [CloneGPL] 4 bytes from block+0x20
[2026-09-20 01:02:16] [Info] [hammerspace.main] [HDR] +0x18 patched: 0x00000180 → 0x00000100
[2026-09-20 01:02:16] [Info] [hammerspace.main] [HDR] +0x14 patched: 0x00000100 → 0x000000A0
[2026-09-20 01:02:16] [Info] [hammerspace.main] [HDR] +0x18 patched: 0x00000140 → 0x000000E0
[2026-09-20 01:02:16] [Info] [hammerspace.main] [HDR] +0x1C patched: 0x00000180 → 0x00000120
[2026-09-20 01:02:16] [Info] [hammerspace.main] [GPL] patched material state sub0 ds0 at GPL+0x10
[2026-09-20 01:02:16] [Info] [hammerspace.main] [GPL] patched material state sub0 ds1 at GPL+0x20
[2026-09-20 01:02:16] [Info] [hammerspace.main] [GPL] patched position array sub0 at GPL+0x10 (6 bytes)
[2026-09-20 01:02:16] [Info] [hammerspace.main] Model already in hammerspace at 0x00003000; keeping the old route live until replacement commits
[2026-09-20 01:02:16] [Info] [hammerspace.main] Hammerspace Log: Replaced | Model: fixture.sluggie | Old address: 0x00003000 | Old size: 0.00 MB
[2026-09-20 01:02:16] [Info] [hammerspace.main] Hammerspace Log: Written | Model: fixture.sluggie | Chunk: 18 | File: 0 | Address: 0x00004000 | Size: 0.00 MB | Modes: {'GPL': 'clone', 'ACT': 'clone', 'TEX': 'clone', 'SKN': 'clone', 'trailing': 'clone'}
[2026-09-20 01:02:16] [Info] [hammerspace.main] Model already in hammerspace at 0x00003000; keeping the old route live until replacement commits
[2026-09-20 01:02:16] [Info] [hammerspace.main] Model already in hammerspace at 0x00003000; keeping the old route live until replacement commits
[2026-09-20 01:02:16] [Info] [hammerspace.main] Hammerspace Log: Replaced | Model: fixture.sluggie | Old address: 0x00003000 | Old size: 0.00 MB
[2026-09-20 01:02:16] [Info] [hammerspace.main] Hammerspace Log: Written | Model: fixture.sluggie | Chunk: 18 | File: 0 | Address: 0x00004000 | Size: 0.00 MB | Modes: {'GPL': 'clone', 'ACT': 'clone', 'TEX': 'clone', 'SKN': 'clone', 'trailing': 'clone'}
[2026-09-20 01:02:16] [Info] [hammerspace.main] Model already in hammerspace at 0x00003000; keeping the old route live until replacement commits
[2026-09-20 01:02:16] [Info] [hammerspace.main] [GPL] appended UV array sub0 uv0 at GPL+0x80 (8 bytes)
[2026-09-20 01:02:16] [Info] [hammerspace.main] [GPL] appended primitive list sub0 ds0 (32 bytes)
[2026-09-20 01:02:16] [Info] [hammerspace.main] [GPL] patched UV array sub0 uv0 at GPL+0x14 (4 bytes)
[2026-09-20 01:02:16] [Info] [hammerspace.main] Hammerspace Log: Written | Model: fixture.sluggie | Chunk: 18 | File: 0 | Address: 0x00001020 | Size: 0.00 MB | Modes: {'GPL': 'clone', 'ACT': 'clone', 'TEX': 'clone', 'SKN': 'clone', 'trailing': 'clone'}
[2026-09-20 01:02:16] [Info] [hammerspace.main] Hammerspace Log: Written | Model: fixture.sluggie | Chunk: 18 | File: 0 | Address: 0x00002000 | Size: 0.00 MB | Modes: {'GPL': 'clone', 'ACT': 'clone', 'TEX': 'clone', 'SKN': 'clone', 'trailing': 'clone'}
[2026-09-20 01:02:16] [Warning] [hammerspace.main] [SKN] SK1/SK2 destinations are not cache-line exclusive; source arrays packed sequentially instead of mirroring the position buffer (donor layout rule) — facial poses on skinned vertices may break in-game
[2026-09-20 01:02:16] [Info] [hammerspace.main] [BuildTEX] built 5 texture(s), 5 image payload(s), 0 palette payload(s); section size 832 bytes
[2026-09-20 01:02:16] [Info] [hammerspace.main] [BuildTEX] built 2 texture(s), 2 image payload(s), 0 palette payload(s); section size 160 bytes
[2026-09-20 01:02:16] [Info] [hammerspace.main] [BuildTEX] No textures; returning empty TEX section
[2026-09-20 01:02:16] [Info] [hammerspace.main] [BuildTEX] built 2 texture(s), 2 image payload(s), 0 palette payload(s); section size 160 bytes
[2026-09-20 01:02:16] [Info] [hammerspace.main] [BuildTEX] built 2 texture(s), 2 image payload(s), 2 palette payload(s); section size 256 bytes
[2026-09-20 01:02:16] [Info] [hammerspace.main] [BuildTEX] built 1 texture(s), 1 image payload(s), 0 palette payload(s); section size 96 bytes
[2026-09-20 01:02:16] [Info] [hammerspace.main] [CloneGPL] 832 bytes from block+0x20
[2026-09-20 01:02:16] [Info] [hammerspace.main] [GPL] appended custom submesh 'custom0' as submesh 2 (host bone 1, template builtin:rigid_spec_v1)
[2026-09-20 01:02:16] [Info] [hammerspace.main] [CloneACT] 832 bytes from block+0x360
[2026-09-20 01:02:16] [Info] [hammerspace.main] [ACT] custom submesh 'custom0': bone 1 GeoId -> 2 at ACT+0x50 (section-relative; stable across hammerspace relocation)
[2026-09-20 01:02:16] [Info] [hammerspace.main] [CloneACT] 832 bytes from block+0x360
[2026-09-20 01:02:16] [Info] [hammerspace.main] [CloneTEX] 160 bytes from block+0x6A0
[2026-09-20 01:02:16] [Info] [hammerspace.main] [CloneSKN] 384 bytes from block+0x740
[2026-09-20 01:02:16] [Info] [hammerspace.main] [CloneTrailing] No ptr6/ptr7/ptr8 sections
[2026-09-20 01:02:16] [Info] [hammerspace.main] [CloneHEADER] 0x20 bytes from offset 0x00002000
[2026-09-20 01:02:16] [Info] [hammerspace.main] [CloneGPL] 832 bytes from block+0x20
[2026-09-20 01:02:16] [Info] [hammerspace.main] [GPL] appended custom submesh 'custom0' as submesh 2 (host bone 3, template derived:sm0_ds5)
[2026-09-20 01:02:16] [Info] [hammerspace.main] [CloneACT] 832 bytes from block+0x360
[2026-09-20 01:02:16] [Info] [hammerspace.main] [ACT] custom submesh 'custom0': bone 3 GeoId -> 2 at ACT+0x88 (section-relative; stable across hammerspace relocation)
[2026-09-20 01:02:16] [Info] [hammerspace.main] [CloneACT] 832 bytes from block+0x360
[2026-09-20 01:02:16] [Info] [hammerspace.main] [CloneTEX] 160 bytes from block+0x6A0
[2026-09-20 01:02:16] [Info] [hammerspace.main] [CloneSKN] 384 bytes from block+0x740
[2026-09-20 01:02:16] [Info] [hammerspace.main] [CloneTrailing] No ptr6/ptr7/ptr8 sections
[2026-09-20 01:02:16] [Info] [hammerspace.main] [CloneHEADER] 0x20 bytes from offset 0x00002000
[2026-09-20 01:02:16] [Info] [hammerspace.main] [CloneGPL] 832 bytes from block+0x20
[2026-09-20 01:02:16] [Info] [hammerspace.main] [CloneGPL] 832 bytes from block+0x20
[2026-09-20 01:02:16] [Info] [hammerspace.main] [GPL] appended custom submesh 'custom0' as submesh 2 (host bone 1, template builtin:rigid_spec_v1)
[2026-09-20 01:02:16] [Info] [hammerspace.main] [CloneACT] 832 bytes from block+0x360
[2026-09-20 01:02:16] [Info] [hammerspace.main] [ACT] custom submesh 'custom0': bone 1 GeoId -> 2 at ACT+0x50 (section-relative; stable across hammerspace relocation)
[2026-09-20 01:02:16] [Info] [hammerspace.main] [CloneACT] 832 bytes from block+0x360
[2026-09-20 01:02:16] [Info] [hammerspace.main] [CloneTEX] 160 bytes from block+0x6A0
[2026-09-20 01:02:16] [Info] [hammerspace.main] [CloneSKN] 384 bytes from block+0x740
[2026-09-20 01:02:16] [Info] [hammerspace.main] [CloneTrailing] No ptr6/ptr7/ptr8 sections
[2026-09-20 01:02:16] [Info] [hammerspace.main] [CloneHEADER] 0x20 bytes from offset 0x00002000
[2026-09-20 01:02:16] [Info] [hammerspace.main] [CloneGPL] 832 bytes from block+0x20
[2026-09-20 01:02:16] [Info] [hammerspace.main] [GPL] appended custom submesh 'custom0' as submesh 2 (host bone 2, template rigid:sm1_ds5)
[2026-09-20 01:02:16] [Info] [hammerspace.main] [CloneACT] 832 bytes from block+0x360
[2026-09-20 01:02:16] [Info] [hammerspace.main] [ACT] custom submesh 'custom0': bone 2 GeoId -> 2 at ACT+0x6C (section-relative; stable across hammerspace relocation)
[2026-09-20 01:02:16] [Info] [hammerspace.main] [CloneACT] 832 bytes from block+0x360
[2026-09-20 01:02:16] [Info] [hammerspace.main] [CloneTEX] 160 bytes from block+0x6A0
[2026-09-20 01:02:16] [Info] [hammerspace.main] [CloneSKN] 384 bytes from block+0x740
[2026-09-20 01:02:16] [Info] [hammerspace.main] [CloneTrailing] No ptr6/ptr7/ptr8 sections
[2026-09-20 01:02:16] [Info] [hammerspace.main] [CloneHEADER] 0x20 bytes from offset 0x00002000
[2026-09-20 01:02:16] [Info] [hammerspace.main] [GPL] appended custom submesh 'custom0' as submesh 1 (host bone 5, template builtin:rigid_spec_v1)
[2026-09-20 01:02:33] [Info] [hammerspace.main] [CloneGPL] 832 bytes from block+0x20
[2026-09-20 01:02:33] [Info] [hammerspace.main] [GPL] appended custom submesh 'custom0' as submesh 2 (host bone 1, template builtin:rigid_spec_v1)
[2026-09-20 01:02:33] [Info] [hammerspace.main] [CloneACT] 832 bytes from block+0x360
[2026-09-20 01:02:33] [Info] [hammerspace.main] [ACT] custom submesh 'custom0': bone 1 GeoId -> 2 at ACT+0x50 (section-relative; stable across hammerspace relocation)
[2026-09-20 01:02:33] [Info] [hammerspace.main] [CloneACT] 832 bytes from block+0x360
[2026-09-20 01:02:33] [Info] [hammerspace.main] [CloneTEX] 160 bytes from block+0x6A0
[2026-09-20 01:02:33] [Info] [hammerspace.main] [CloneSKN] 384 bytes from block+0x740
[2026-09-20 01:02:33] [Info] [hammerspace.main] [CloneTrailing] No ptr6/ptr7/ptr8 sections
[2026-09-20 01:02:33] [Info] [hammerspace.main] [CloneHEADER] 0x20 bytes from offset 0x00002000
[2026-09-20 01:02:33] [Info] [hammerspace.main] [CloneGPL] 832 bytes from block+0x20
[2026-09-20 01:02:33] [Info] [hammerspace.main] [GPL] appended custom submesh 'custom0' as submesh 2 (host bone 1, template builtin:rigid_spec_v1)
[2026-09-20 01:02:33] [Info] [hammerspace.main] [CloneACT] 832 bytes from block+0x360
[2026-09-20 01:02:33] [Info] [hammerspace.main] [ACT] custom submesh 'custom0': bone 1 GeoId -> 2 at ACT+0x50 (section-relative; stable across hammerspace relocation)
[2026-09-20 01:02:33] [Info] [hammerspace.main] [CloneACT] 832 bytes from block+0x360
[2026-09-20 01:02:33] [Info] [hammerspace.main] [CloneTEX] 160 bytes from block+0x6A0
[2026-09-20 01:02:33] [Info] [hammerspace.main] [CloneSKN] 384 bytes from block+0x740
[2026-09-20 01:02:33] [Info] [hammerspace.main] [CloneTrailing] No ptr6/ptr7/ptr8 sections
[2026-09-20 01:02:33] [Info] [hammerspace.main] [CloneHEADER] 0x20 bytes from offset 0x00002000
[2026-09-20 01:02:33] [Info] [hammerspace.main] [CloneGPL] 832 bytes from block+0x20
[2026-09-20 01:02:33] [Info] [hammerspace.main] [GPL] appended custom submesh 'custom0' as submesh 2 (host bone 1, template rigid:sm1_ds5)
[2026-09-20 01:02:33] [Info] [hammerspace.main] [CloneACT] 832 bytes from block+0x360
[2026-09-20 01:02:33] [Info] [hammerspace.main] [ACT] custom submesh 'custom0': bone 1 GeoId -> 2 at ACT+0x50 (section-relative; stable across hammerspace relocation)
[2026-09-20 01:02:33] [Info] [hammerspace.main] [CloneACT] 832 bytes from block+0x360
[2026-09-20 01:02:33] [Info] [hammerspace.main] [CloneTEX] 160 bytes from block+0x6A0
[2026-09-20 01:02:33] [Info] [hammerspace.main] [CloneSKN] 384 bytes from block+0x740
[2026-09-20 01:02:33] [Info] [hammerspace.main] [CloneTrailing] No ptr6/ptr7/ptr8 sections
[2026-09-20 01:02:33] [Info] [hammerspace.main] [CloneHEADER] 0x20 bytes from offset 0x00002000
[2026-09-20 01:02:33] [Info] [hammerspace.main] [CloneGPL] 832 bytes from block+0x20
[2026-09-20 01:02:33] [Info] [hammerspace.main] [GPL] appended custom submesh 'custom0' as submesh 2 (host bone 1, template derived:sm0_ds5)
[2026-09-20 01:02:33] [Info] [hammerspace.main] [CloneACT] 832 bytes from block+0x360
[2026-09-20 01:02:33] [Info] [hammerspace.main] [ACT] custom submesh 'custom0': bone 1 GeoId -> 2 at ACT+0x50 (section-relative; stable across hammerspace relocation)
[2026-09-20 01:02:33] [Info] [hammerspace.main] [CloneACT] 832 bytes from block+0x360
[2026-09-20 01:02:33] [Info] [hammerspace.main] [CloneTEX] 160 bytes from block+0x6A0
[2026-09-20 01:02:33] [Info] [hammerspace.main] [CloneSKN] 384 bytes from block+0x740
[2026-09-20 01:02:33] [Info] [hammerspace.main] [CloneTrailing] No ptr6/ptr7/ptr8 sections
[2026-09-20 01:02:33] [Info] [hammerspace.main] [CloneHEADER] 0x20 bytes from offset 0x00002000
[2026-09-20 01:02:33] [Info] [hammerspace.main] [CloneGPL] 832 bytes from block+0x20
[2026-09-20 01:02:33] [Info] [hammerspace.main] [GPL] appended custom submesh 'custom0' as submesh 2 (host bone 1, template builtin:rigid_spec_v1)
[2026-09-20 01:02:33] [Info] [hammerspace.main] [CloneACT] 832 bytes from block+0x360
[2026-09-20 01:02:33] [Info] [hammerspace.main] [ACT] custom submesh 'custom0': bone 1 GeoId -> 2 at ACT+0x50 (section-relative; stable across hammerspace relocation)
[2026-09-20 01:02:33] [Info] [hammerspace.main] [CloneACT] 832 bytes from block+0x360
[2026-09-20 01:02:33] [Info] [hammerspace.main] [CloneTEX] 160 bytes from block+0x6A0
[2026-09-20 01:02:33] [Info] [hammerspace.main] [CloneSKN] 384 bytes from block+0x740
[2026-09-20 01:02:33] [Info] [hammerspace.main] [CloneTrailing] No ptr6/ptr7/ptr8 sections
[2026-09-20 01:02:33] [Info] [hammerspace.main] [CloneHEADER] 0x20 bytes from offset 0x00002000
[2026-09-20 01:02:40] [Info] [hammerspace.main] [CloneGPL] 832 bytes from block+0x20
[2026-09-20 01:02:40] [Info] [hammerspace.main] [GPL] appended custom submesh 'custom0' as submesh 2 (host bone 1, template builtin:rigid_spec_v1)
[2026-09-20 01:02:40] [Info] [hammerspace.main] [CloneACT] 832 bytes from block+0x360
[2026-09-20 01:02:40] [Info] [hammerspace.main] [ACT] custom submesh 'custom0': bone 1 GeoId -> 2 at ACT+0x50 (section-relative; stable across hammerspace relocation)
[2026-09-20 01:02:40] [Info] [hammerspace.main] [CloneACT] 832 bytes from block+0x360
[2026-09-20 01:02:40] [Info] [hammerspace.main] [CloneTEX] 160 bytes from block+0x6A0
[2026-09-20 01:02:40] [Info] [hammerspace.main] [CloneSKN] 384 bytes from block+0x740
[2026-09-20 01:02:40] [Info] [hammerspace.main] [CloneTrailing] No ptr6/ptr7/ptr8 sections
[2026-09-20 01:02:40] [Info] [hammerspace.main] [CloneHEADER] 0x20 bytes from offset 0x00002000
[2026-09-20 01:02:40] [Info] [hammerspace.main] [CloneGPL] 832 bytes from block+0x20
[2026-09-20 01:02:40] [Info] [hammerspace.main] [GPL] appended custom submesh 'custom0' as submesh 2 (host bone 1, template builtin:rigid_spec_v1)
[2026-09-20 01:02:40] [Info] [hammerspace.main] [CloneACT] 832 bytes from block+0x360
[2026-09-20 01:02:40] [Info] [hammerspace.main] [ACT] custom submesh 'custom0': bone 1 GeoId -> 2 at ACT+0x50 (section-relative; stable across hammerspace relocation)
[2026-09-20 01:02:40] [Info] [hammerspace.main] [CloneACT] 832 bytes from block+0x360
[2026-09-20 01:02:40] [Info] [hammerspace.main] [CloneTEX] 160 bytes from block+0x6A0
[2026-09-20 01:02:40] [Info] [hammerspace.main] [CloneSKN] 384 bytes from block+0x740
[2026-09-20 01:02:40] [Info] [hammerspace.main] [CloneTrailing] No ptr6/ptr7/ptr8 sections
[2026-09-20 01:02:40] [Info] [hammerspace.main] [CloneHEADER] 0x20 bytes from offset 0x00002000
[2026-09-20 01:02:40] [Info] [hammerspace.main] [CloneGPL] 832 bytes from block+0x20
[2026-09-20 01:02:40] [Info] [hammerspace.main] [GPL] appended custom submesh 'custom0' as submesh 2 (host bone 1, template rigid:sm1_ds5)
[2026-09-20 01:02:40] [Info] [hammerspace.main] [CloneACT] 832 bytes from block+0x360
[2026-09-20 01:02:40] [Info] [hammerspace.main] [ACT] custom submesh 'custom0': bone 1 GeoId -> 2 at ACT+0x50 (section-relative; stable across hammerspace relocation)
[2026-09-20 01:02:40] [Info] [hammerspace.main] [CloneACT] 832 bytes from block+0x360
[2026-09-20 01:02:40] [Info] [hammerspace.main] [CloneTEX] 160 bytes from block+0x6A0
[2026-09-20 01:02:40] [Info] [hammerspace.main] [CloneSKN] 384 bytes from block+0x740
[2026-09-20 01:02:40] [Info] [hammerspace.main] [CloneTrailing] No ptr6/ptr7/ptr8 sections
[2026-09-20 01:02:40] [Info] [hammerspace.main] [CloneHEADER] 0x20 bytes from offset 0x00002000
[2026-09-20 01:02:40] [Info] [hammerspace.main] [CloneGPL] 832 bytes from block+0x20
[2026-09-20 01:02:40] [Info] [hammerspace.main] [GPL] appended custom submesh 'custom0' as submesh 2 (host bone 1, template derived:sm0_ds5)
[2026-09-20 01:02:40] [Info] [hammerspace.main] [CloneACT] 832 bytes from block+0x360
[2026-09-20 01:02:40] [Info] [hammerspace.main] [ACT] custom submesh 'custom0': bone 1 GeoId -> 2 at ACT+0x50 (section-relative; stable across hammerspace relocation)
[2026-09-20 01:02:40] [Info] [hammerspace.main] [CloneACT] 832 bytes from block+0x360
[2026-09-20 01:02:40] [Info] [hammerspace.main] [CloneTEX] 160 bytes from block+0x6A0
[2026-09-20 01:02:40] [Info] [hammerspace.main] [CloneSKN] 384 bytes from block+0x740
[2026-09-20 01:02:40] [Info] [hammerspace.main] [CloneTrailing] No ptr6/ptr7/ptr8 sections
[2026-09-20 01:02:40] [Info] [hammerspace.main] [CloneHEADER] 0x20 bytes from offset 0x00002000
[2026-09-20 01:02:40] [Info] [hammerspace.main] [CloneGPL] 832 bytes from block+0x20
[2026-09-20 01:02:40] [Info] [hammerspace.main] [GPL] appended custom submesh 'custom0' as submesh 2 (host bone 1, template builtin:rigid_spec_v1)
[2026-09-20 01:02:40] [Info] [hammerspace.main] [CloneACT] 832 bytes from block+0x360
[2026-09-20 01:02:40] [Info] [hammerspace.main] [ACT] custom submesh 'custom0': bone 1 GeoId -> 2 at ACT+0x50 (section-relative; stable across hammerspace relocation)
[2026-09-20 01:02:40] [Info] [hammerspace.main] [CloneACT] 832 bytes from block+0x360
[2026-09-20 01:02:40] [Info] [hammerspace.main] [CloneTEX] 160 bytes from block+0x6A0
[2026-09-20 01:02:40] [Info] [hammerspace.main] [CloneSKN] 384 bytes from block+0x740
[2026-09-20 01:02:40] [Info] [hammerspace.main] [CloneTrailing] No ptr6/ptr7/ptr8 sections
[2026-09-20 01:02:40] [Info] [hammerspace.main] [CloneHEADER] 0x20 bytes from offset 0x00002000
[2026-09-20 01:03:24] [Info] [hammerspace.main] [CloneACT] 832 bytes from block+0x360
[2026-09-20 01:03:24] [Info] [hammerspace.main] [ACT] bone 1 GeoId -> 2 at ACT+0x50 (GeoIdEdited retarget; section-relative, stable across hammerspace relocation)
[2026-09-20 01:03:24] [Info] [hammerspace.main] [CloneACT] 832 bytes from block+0x360
[2026-09-20 01:03:24] [Info] [hammerspace.main] [CloneTEX] 160 bytes from block+0x6A0
[2026-09-20 01:03:24] [Info] [hammerspace.main] [CloneSKN] 384 bytes from block+0x740
[2026-09-20 01:03:24] [Info] [hammerspace.main] [CloneTrailing] No ptr6/ptr7/ptr8 sections
[2026-09-20 01:03:24] [Info] [hammerspace.main] [CloneHEADER] 0x20 bytes from offset 0x00002000
[2026-09-20 01:03:24] [Info] [build_add_submesh_fixture] [ACT] bone 1 GeoId already reads submesh 2 at ACT+0x50 (applied by BuildModelBlock via GeoIdEdited)
[2026-09-20 01:03:24] [Info] [hammerspace.main] [CloneACT] 832 bytes from block+0x360
[2026-09-20 01:03:24] [Info] [hammerspace.main] [ACT] bone 1 GeoId -> 2 at ACT+0x50 (GeoIdEdited retarget; section-relative, stable across hammerspace relocation)
[2026-09-20 01:03:24] [Info] [hammerspace.main] [CloneACT] 832 bytes from block+0x360
[2026-09-20 01:03:24] [Info] [hammerspace.main] [CloneTEX] 160 bytes from block+0x6A0
[2026-09-20 01:03:24] [Info] [hammerspace.main] [CloneSKN] 384 bytes from block+0x740
[2026-09-20 01:03:24] [Info] [hammerspace.main] [CloneTrailing] No ptr6/ptr7/ptr8 sections
[2026-09-20 01:03:24] [Info] [hammerspace.main] [CloneHEADER] 0x20 bytes from offset 0x00002000
[2026-09-20 01:03:24] [Info] [build_add_submesh_fixture] [ACT] bone 1 GeoId already reads submesh 2 at ACT+0x50 (applied by BuildModelBlock via GeoIdEdited)
[2026-09-20 01:03:24] [Info] [hammerspace.main] [CloneACT] 832 bytes from block+0x360
[2026-09-20 01:03:24] [Info] [hammerspace.main] [ACT] bone 1 GeoId -> 2 at ACT+0x50 (GeoIdEdited retarget; section-relative, stable across hammerspace relocation)
[2026-09-20 01:03:24] [Info] [hammerspace.main] [CloneACT] 832 bytes from block+0x360
[2026-09-20 01:03:24] [Info] [hammerspace.main] [CloneTEX] 160 bytes from block+0x6A0
[2026-09-20 01:03:24] [Info] [hammerspace.main] [CloneSKN] 384 bytes from block+0x740
[2026-09-20 01:03:24] [Info] [hammerspace.main] [CloneTrailing] No ptr6/ptr7/ptr8 sections
[2026-09-20 01:03:24] [Info] [hammerspace.main] [CloneHEADER] 0x20 bytes from offset 0x00002000
[2026-09-20 01:03:24] [Info] [build_add_submesh_fixture] [ACT] bone 1 GeoId already reads submesh 2 at ACT+0x50 (applied by BuildModelBlock via GeoIdEdited)
[2026-09-20 01:03:24] [Info] [hammerspace.main] [CloneACT] 832 bytes from block+0x360
[2026-09-20 01:03:24] [Info] [hammerspace.main] [ACT] bone 1 GeoId -> 2 at ACT+0x50 (GeoIdEdited retarget; section-relative, stable across hammerspace relocation)
[2026-09-20 01:03:24] [Info] [hammerspace.main] [CloneACT] 832 bytes from block+0x360
[2026-09-20 01:03:24] [Info] [hammerspace.main] [CloneTEX] 160 bytes from block+0x6A0
[2026-09-20 01:03:24] [Info] [hammerspace.main] [CloneSKN] 384 bytes from block+0x740
[2026-09-20 01:03:24] [Info] [hammerspace.main] [CloneTrailing] No ptr6/ptr7/ptr8 sections
[2026-09-20 01:03:24] [Info] [hammerspace.main] [CloneHEADER] 0x20 bytes from offset 0x00002000
[2026-09-20 01:03:24] [Info] [build_add_submesh_fixture] [ACT] bone 1 GeoId already reads submesh 2 at ACT+0x50 (applied by BuildModelBlock via GeoIdEdited)
[2026-09-20 01:03:29] [Info] [hammerspace.main] [CloneACT] 832 bytes from block+0x360
[2026-09-20 01:03:29] [Info] [hammerspace.main] [ACT] bone 1 GeoId -> 2 at ACT+0x50 (GeoIdEdited retarget; section-relative, stable across hammerspace relocation)
[2026-09-20 01:03:29] [Info] [hammerspace.main] [CloneACT] 832 bytes from block+0x360
[2026-09-20 01:03:29] [Info] [hammerspace.main] [CloneTEX] 160 bytes from block+0x6A0
[2026-09-20 01:03:29] [Info] [hammerspace.main] [CloneSKN] 384 bytes from block+0x740
[2026-09-20 01:03:29] [Info] [hammerspace.main] [CloneTrailing] No ptr6/ptr7/ptr8 sections
[2026-09-20 01:03:29] [Info] [hammerspace.main] [CloneHEADER] 0x20 bytes from offset 0x00002000
[2026-09-20 01:03:29] [Info] [build_add_submesh_fixture] [ACT] bone 1 GeoId already reads submesh 2 at ACT+0x50 (applied by BuildModelBlock via GeoIdEdited)
[2026-09-20 01:03:29] [Info] [hammerspace.main] [CloneACT] 832 bytes from block+0x360
[2026-09-20 01:03:29] [Info] [hammerspace.main] [ACT] bone 1 GeoId -> 2 at ACT+0x50 (GeoIdEdited retarget; section-relative, stable across hammerspace relocation)
[2026-09-20 01:03:29] [Info] [hammerspace.main] [CloneACT] 832 bytes from block+0x360
[2026-09-20 01:03:29] [Info] [hammerspace.main] [CloneTEX] 160 bytes from block+0x6A0
[2026-09-20 01:03:29] [Info] [hammerspace.main] [CloneSKN] 384 bytes from block+0x740
[2026-09-20 01:03:29] [Info] [hammerspace.main] [CloneTrailing] No ptr6/ptr7/ptr8 sections
[2026-09-20 01:03:29] [Info] [hammerspace.main] [CloneHEADER] 0x20 bytes from offset 0x00002000
[2026-09-20 01:03:29] [Info] [build_add_submesh_fixture] [ACT] bone 1 GeoId already reads submesh 2 at ACT+0x50 (applied by BuildModelBlock via GeoIdEdited)
[2026-09-20 01:03:29] [Info] [hammerspace.main] [CloneACT] 832 bytes from block+0x360
[2026-09-20 01:03:29] [Info] [hammerspace.main] [ACT] bone 1 GeoId -> 2 at ACT+0x50 (GeoIdEdited retarget; section-relative, stable across hammerspace relocation)
[2026-09-20 01:03:29] [Info] [hammerspace.main] [CloneACT] 832 bytes from block+0x360
[2026-09-20 01:03:29] [Info] [hammerspace.main] [CloneTEX] 160 bytes from block+0x6A0
[2026-09-20 01:03:29] [Info] [hammerspace.main] [CloneSKN] 384 bytes from block+0x740
[2026-09-20 01:03:29] [Info] [hammerspace.main] [CloneTrailing] No ptr6/ptr7/ptr8 sections
[2026-09-20 01:03:29] [Info] [hammerspace.main] [CloneHEADER] 0x20 bytes from offset 0x00002000
[2026-09-20 01:03:29] [Info] [build_add_submesh_fixture] [ACT] bone 1 GeoId already reads submesh 2 at ACT+0x50 (applied by BuildModelBlock via GeoIdEdited)
[2026-09-20 01:03:29] [Info] [hammerspace.main] [CloneACT] 832 bytes from block+0x360
[2026-09-20 01:03:29] [Info] [hammerspace.main] [ACT] bone 1 GeoId -> 2 at ACT+0x50 (GeoIdEdited retarget; section-relative, stable across hammerspace relocation)
[2026-09-20 01:03:29] [Info] [hammerspace.main] [CloneACT] 832 bytes from block+0x360
[2026-09-20 01:03:29] [Info] [hammerspace.main] [CloneTEX] 160 bytes from block+0x6A0
[2026-09-20 01:03:29] [Info] [hammerspace.main] [CloneSKN] 384 bytes from block+0x740
[2026-09-20 01:03:29] [Info] [hammerspace.main] [CloneTrailing] No ptr6/ptr7/ptr8 sections
[2026-09-20 01:03:29] [Info] [hammerspace.main] [CloneHEADER] 0x20 bytes from offset 0x00002000
[2026-09-20 01:03:29] [Info] [build_add_submesh_fixture] [ACT] bone 1 GeoId already reads submesh 2 at ACT+0x50 (applied by BuildModelBlock via GeoIdEdited)
[2026-09-20 01:04:12] [Info] [hammerspace.main] [CloneACT] 832 bytes from block+0x360
[2026-09-20 01:04:12] [Info] [hammerspace.main] [ACT] bone 2 GeoId -> 2 at ACT+0x6C (GeoIdEdited retarget; section-relative, stable across hammerspace relocation)
[2026-09-20 01:04:12] [Info] [hammerspace.main] [ACT] bone 4 GeoId -> 3 at ACT+0xA4 (GeoIdEdited retarget; section-relative, stable across hammerspace relocation)
[2026-09-20 01:04:12] [Info] [hammerspace.main] [CloneACT] 832 bytes from block+0x360
[2026-09-20 01:04:12] [Info] [hammerspace.main] [CloneTEX] 160 bytes from block+0x6A0
[2026-09-20 01:04:12] [Info] [hammerspace.main] [CloneSKN] 384 bytes from block+0x740
[2026-09-20 01:04:12] [Info] [hammerspace.main] [CloneTrailing] No ptr6/ptr7/ptr8 sections
[2026-09-20 01:04:12] [Info] [hammerspace.main] [CloneHEADER] 0x20 bytes from offset 0x00002000
[2026-09-20 01:04:12] [Info] [build_add_submesh_fixture] [ACT] bone 2 GeoId already reads submesh 2 at ACT+0x6C (applied by BuildModelBlock via GeoIdEdited)
[2026-09-20 01:04:12] [Info] [build_add_submesh_fixture] [ACT] bone 4 GeoId already reads submesh 3 at ACT+0xA4 (applied by BuildModelBlock via GeoIdEdited)
[2026-09-20 01:04:12] [Info] [hammerspace.main] [CloneACT] 832 bytes from block+0x360
[2026-09-20 01:04:12] [Info] [hammerspace.main] [ACT] bone 2 GeoId -> 2 at ACT+0x6C (GeoIdEdited retarget; section-relative, stable across hammerspace relocation)
[2026-09-20 01:04:12] [Info] [hammerspace.main] [CloneACT] 832 bytes from block+0x360
[2026-09-20 01:04:12] [Info] [hammerspace.main] [CloneTEX] 160 bytes from block+0x6A0
[2026-09-20 01:04:12] [Info] [hammerspace.main] [CloneSKN] 384 bytes from block+0x740
[2026-09-20 01:04:12] [Info] [hammerspace.main] [CloneTrailing] No ptr6/ptr7/ptr8 sections
[2026-09-20 01:04:12] [Info] [hammerspace.main] [CloneHEADER] 0x20 bytes from offset 0x00002000
[2026-09-20 01:04:12] [Info] [build_add_submesh_fixture] [ACT] bone 2 GeoId already reads submesh 2 at ACT+0x6C (applied by BuildModelBlock via GeoIdEdited)
[2026-09-20 01:04:12] [Info] [hammerspace.main] [CloneACT] 832 bytes from block+0x360
[2026-09-20 01:04:12] [Info] [hammerspace.main] [ACT] bone 2 GeoId -> 2 at ACT+0x6C (GeoIdEdited retarget; section-relative, stable across hammerspace relocation)
[2026-09-20 01:04:12] [Info] [hammerspace.main] [ACT] bone 4 GeoId -> 3 at ACT+0xA4 (GeoIdEdited retarget; section-relative, stable across hammerspace relocation)
[2026-09-20 01:04:12] [Info] [hammerspace.main] [ACT] bone 7 GeoId -> 4 at ACT+0xF8 (GeoIdEdited retarget; section-relative, stable across hammerspace relocation)
[2026-09-20 01:04:12] [Info] [hammerspace.main] [CloneACT] 832 bytes from block+0x360
[2026-09-20 01:04:12] [Info] [hammerspace.main] [CloneTEX] 160 bytes from block+0x6A0
[2026-09-20 01:04:12] [Info] [hammerspace.main] [CloneSKN] 384 bytes from block+0x740
[2026-09-20 01:04:12] [Info] [hammerspace.main] [CloneTrailing] No ptr6/ptr7/ptr8 sections
[2026-09-20 01:04:12] [Info] [hammerspace.main] [CloneHEADER] 0x20 bytes from offset 0x00002000
[2026-09-20 01:04:12] [Info] [build_add_submesh_fixture] [ACT] bone 2 GeoId already reads submesh 2 at ACT+0x6C (applied by BuildModelBlock via GeoIdEdited)
[2026-09-20 01:04:12] [Info] [build_add_submesh_fixture] [ACT] bone 4 GeoId already reads submesh 3 at ACT+0xA4 (applied by BuildModelBlock via GeoIdEdited)
[2026-09-20 01:04:12] [Info] [build_add_submesh_fixture] [ACT] bone 7 GeoId already reads submesh 4 at ACT+0xF8 (applied by BuildModelBlock via GeoIdEdited)
[2026-09-20 01:04:18] [Info] [hammerspace.main] [CloneACT] 832 bytes from block+0x360
[2026-09-20 01:04:18] [Info] [hammerspace.main] [ACT] bone 1 GeoId -> 2 at ACT+0x50 (GeoIdEdited retarget; section-relative, stable across hammerspace relocation)
[2026-09-20 01:04:18] [Info] [hammerspace.main] [CloneACT] 832 bytes from block+0x360
[2026-09-20 01:04:18] [Info] [hammerspace.main] [CloneTEX] 160 bytes from block+0x6A0
[2026-09-20 01:04:18] [Info] [hammerspace.main] [CloneSKN] 384 bytes from block+0x740
[2026-09-20 01:04:18] [Info] [hammerspace.main] [CloneTrailing] No ptr6/ptr7/ptr8 sections
[2026-09-20 01:04:18] [Info] [hammerspace.main] [CloneHEADER] 0x20 bytes from offset 0x00002000
[2026-09-20 01:04:18] [Info] [build_add_submesh_fixture] [ACT] bone 1 GeoId already reads submesh 2 at ACT+0x50 (applied by BuildModelBlock via GeoIdEdited)
[2026-09-20 01:04:18] [Info] [hammerspace.main] [CloneACT] 832 bytes from block+0x360
[2026-09-20 01:04:18] [Info] [hammerspace.main] [ACT] bone 1 GeoId -> 2 at ACT+0x50 (GeoIdEdited retarget; section-relative, stable across hammerspace relocation)
[2026-09-20 01:04:18] [Info] [hammerspace.main] [CloneACT] 832 bytes from block+0x360
[2026-09-20 01:04:18] [Info] [hammerspace.main] [CloneTEX] 160 bytes from block+0x6A0
[2026-09-20 01:04:18] [Info] [hammerspace.main] [CloneSKN] 384 bytes from block+0x740
[2026-09-20 01:04:18] [Info] [hammerspace.main] [CloneTrailing] No ptr6/ptr7/ptr8 sections
[2026-09-20 01:04:18] [Info] [hammerspace.main] [CloneHEADER] 0x20 bytes from offset 0x00002000
[2026-09-20 01:04:18] [Info] [build_add_submesh_fixture] [ACT] bone 1 GeoId already reads submesh 2 at ACT+0x50 (applied by BuildModelBlock via GeoIdEdited)
[2026-09-20 01:04:18] [Info] [hammerspace.main] [CloneACT] 832 bytes from block+0x360
[2026-09-20 01:04:18] [Info] [hammerspace.main] [ACT] bone 1 GeoId -> 2 at ACT+0x50 (GeoIdEdited retarget; section-relative, stable across hammerspace relocation)
[2026-09-20 01:04:18] [Info] [hammerspace.main] [CloneACT] 832 bytes from block+0x360
[2026-09-20 01:04:18] [Info] [hammerspace.main] [CloneTEX] 160 bytes from block+0x6A0
[2026-09-20 01:04:18] [Info] [hammerspace.main] [CloneSKN] 384 bytes from block+0x740
[2026-09-20 01:04:18] [Info] [hammerspace.main] [CloneTrailing] No ptr6/ptr7/ptr8 sections
[2026-09-20 01:04:18] [Info] [hammerspace.main] [CloneHEADER] 0x20 bytes from offset 0x00002000
[2026-09-20 01:04:18] [Info] [build_add_submesh_fixture] [ACT] bone 1 GeoId already reads submesh 2 at ACT+0x50 (applied by BuildModelBlock via GeoIdEdited)
[2026-09-20 01:04:18] [Info] [hammerspace.main] [CloneACT] 832 bytes from block+0x360
[2026-09-20 01:04:18] [Info] [hammerspace.main] [ACT] bone 1 GeoId -> 2 at ACT+0x50 (GeoIdEdited retarget; section-relative, stable across hammerspace relocation)
[2026-09-20 01:04:18] [Info] [hammerspace.main] [CloneACT] 832 bytes from block+0x360
[2026-09-20 01:04:18] [Info] [hammerspace.main] [CloneTEX] 160 bytes from block+0x6A0
[2026-09-20 01:04:18] [Info] [hammerspace.main] [CloneSKN] 384 bytes from block+0x740
[2026-09-20 01:04:18] [Info] [hammerspace.main] [CloneTrailing] No ptr6/ptr7/ptr8 sections
[2026-09-20 01:04:18] [Info] [hammerspace.main] [CloneHEADER] 0x20 bytes from offset 0x00002000
[2026-09-20 01:04:18] [Info] [build_add_submesh_fixture] [ACT] bone 1 GeoId already reads submesh 2 at ACT+0x50 (applied by BuildModelBlock via GeoIdEdited)
[2026-09-20 01:04:20] [Info] [geometry.rebuild] [M3.3] sub0 color: 4 donor entries -> 4 compact; indices rebuilt
[2026-09-20 01:04:20] [Info] [geometry.rebuild] [M3.2] sub0: rebuilt draw states [1]; descriptor upgrades []; triangulated 0 irreducible GX blocks
[2026-09-20 01:04:20] [Info] [geometry.rebuild] [M3.3] sub0 color: 4 donor entries -> 4 compact; indices preserved
[2026-09-20 01:04:20] [Info] [hammerspace.main] [CloneGPL] 832 bytes from block+0x20
[2026-09-20 01:04:20] [Info] [hammerspace.main] [GPL] appended custom submesh 'custom0' as submesh 2 (host bone 1, template builtin:rigid_spec_v1)
[2026-09-20 01:04:20] [Info] [hammerspace.main] [CloneACT] 832 bytes from block+0x360
[2026-09-20 01:04:20] [Info] [hammerspace.main] [ACT] custom submesh 'custom0': bone 1 GeoId -> 2 at ACT+0x50 (section-relative; stable across hammerspace relocation)
[2026-09-20 01:04:20] [Info] [hammerspace.main] [CloneACT] 832 bytes from block+0x360
[2026-09-20 01:04:20] [Info] [hammerspace.main] [CloneTEX] 160 bytes from block+0x6A0
[2026-09-20 01:04:20] [Info] [hammerspace.main] [CloneSKN] 384 bytes from block+0x740
[2026-09-20 01:04:20] [Info] [hammerspace.main] [CloneTrailing] No ptr6/ptr7/ptr8 sections
[2026-09-20 01:04:20] [Info] [hammerspace.main] [CloneHEADER] 0x20 bytes from offset 0x00002000
[2026-09-20 01:04:20] [Info] [hammerspace.main] [CloneGPL] 832 bytes from block+0x20
[2026-09-20 01:04:20] [Info] [hammerspace.main] [GPL] appended custom submesh 'custom0' as submesh 2 (host bone 1, template builtin:rigid_spec_v1)
[2026-09-20 01:04:20] [Info] [hammerspace.main] [CloneACT] 832 bytes from block+0x360
[2026-09-20 01:04:20] [Info] [hammerspace.main] [ACT] custom submesh 'custom0': bone 1 GeoId -> 2 at ACT+0x50 (section-relative; stable across hammerspace relocation)
[2026-09-20 01:04:20] [Info] [hammerspace.main] [CloneACT] 832 bytes from block+0x360
[2026-09-20 01:04:20] [Info] [hammerspace.main] [CloneTEX] 160 bytes from block+0x6A0
[2026-09-20 01:04:20] [Info] [hammerspace.main] [CloneSKN] 384 bytes from block+0x740
[2026-09-20 01:04:20] [Info] [hammerspace.main] [CloneTrailing] No ptr6/ptr7/ptr8 sections
[2026-09-20 01:04:20] [Info] [hammerspace.main] [CloneHEADER] 0x20 bytes from offset 0x00002000
[2026-09-20 01:04:20] [Info] [hammerspace.main] [CloneGPL] 832 bytes from block+0x20
[2026-09-20 01:04:20] [Info] [hammerspace.main] [GPL] appended custom submesh 'custom0' as submesh 2 (host bone 1, template rigid:sm1_ds5)
[2026-09-20 01:04:20] [Info] [hammerspace.main] [CloneACT] 832 bytes from block+0x360
[2026-09-20 01:04:20] [Info] [hammerspace.main] [ACT] custom submesh 'custom0': bone 1 GeoId -> 2 at ACT+0x50 (section-relative; stable across hammerspace relocation)
[2026-09-20 01:04:20] [Info] [hammerspace.main] [CloneACT] 832 bytes from block+0x360
[2026-09-20 01:04:20] [Info] [hammerspace.main] [CloneTEX] 160 bytes from block+0x6A0
[2026-09-20 01:04:20] [Info] [hammerspace.main] [CloneSKN] 384 bytes from block+0x740
[2026-09-20 01:04:20] [Info] [hammerspace.main] [CloneTrailing] No ptr6/ptr7/ptr8 sections
[2026-09-20 01:04:20] [Info] [hammerspace.main] [CloneHEADER] 0x20 bytes from offset 0x00002000
[2026-09-20 01:04:20] [Info] [hammerspace.main] [CloneGPL] 832 bytes from block+0x20
[2026-09-20 01:04:20] [Info] [hammerspace.main] [GPL] appended custom submesh 'custom0' as submesh 2 (host bone 1, template derived:sm0_ds5)
[2026-09-20 01:04:20] [Info] [hammerspace.main] [CloneACT] 832 bytes from block+0x360
[2026-09-20 01:04:20] [Info] [hammerspace.main] [ACT] custom submesh 'custom0': bone 1 GeoId -> 2 at ACT+0x50 (section-relative; stable across hammerspace relocation)
[2026-09-20 01:04:20] [Info] [hammerspace.main] [CloneACT] 832 bytes from block+0x360
[2026-09-20 01:04:20] [Info] [hammerspace.main] [CloneTEX] 160 bytes from block+0x6A0
[2026-09-20 01:04:20] [Info] [hammerspace.main] [CloneSKN] 384 bytes from block+0x740
[2026-09-20 01:04:20] [Info] [hammerspace.main] [CloneTrailing] No ptr6/ptr7/ptr8 sections
[2026-09-20 01:04:20] [Info] [hammerspace.main] [CloneHEADER] 0x20 bytes from offset 0x00002000
[2026-09-20 01:04:20] [Info] [hammerspace.main] [CloneGPL] 832 bytes from block+0x20
[2026-09-20 01:04:20] [Info] [hammerspace.main] [GPL] appended custom submesh 'custom0' as submesh 2 (host bone 1, template builtin:rigid_spec_v1)
[2026-09-20 01:04:20] [Info] [hammerspace.main] [CloneACT] 832 bytes from block+0x360
[2026-09-20 01:04:20] [Info] [hammerspace.main] [ACT] custom submesh 'custom0': bone 1 GeoId -> 2 at ACT+0x50 (section-relative; stable across hammerspace relocation)
[2026-09-20 01:04:20] [Info] [hammerspace.main] [CloneACT] 832 bytes from block+0x360
[2026-09-20 01:04:20] [Info] [hammerspace.main] [CloneTEX] 160 bytes from block+0x6A0
[2026-09-20 01:04:20] [Info] [hammerspace.main] [CloneSKN] 384 bytes from block+0x740
[2026-09-20 01:04:20] [Info] [hammerspace.main] [CloneTrailing] No ptr6/ptr7/ptr8 sections
[2026-09-20 01:04:20] [Info] [hammerspace.main] [CloneHEADER] 0x20 bytes from offset 0x00002000
[2026-09-20 01:04:21] [Info] [dispatcher] Resolved PNG '0.png' → model.sluggie texture 0
[2026-09-20 01:04:21] [Info] [dispatcher] Resolved PNG '0.png' → model.sluggie texture 0
[2026-09-20 01:04:21] [Info] [dispatcher] Found: C:\Users\gerno\AppData\Local\Temp\tmpjgkh92j6\model.sluggie
[2026-09-20 01:04:21] [Info] [dispatcher] Resolved PNG '0.png' → model.sluggie texture 0
[2026-09-20 01:04:21] [Info] [dispatcher] Found: C:\Users\gerno\AppData\Local\Temp\tmpscyk_mqc\model.sluggie
[2026-09-20 01:04:21] [Warning] [act] bone 0 is not relative
[2026-09-20 01:04:21] [Warning] [act] bone 0 is not relative
[2026-09-20 01:04:21] [Warning] [act] bone 0 is not relative
[2026-09-20 01:04:21] [Info] [hammerspace.helper] [1] Current DOL entry: chunk=0, file_index=0, offset=0x00000008 (8), length=0x00000008 (8 bytes)
[2026-09-20 01:04:21] [Info] [hammerspace.helper] [2] Original DOL entry: offset=0x00000008 (8), length=0x00000008 (8 bytes)
[2026-09-20 01:04:21] [Info] [hammerspace.helper] DOL entry was already restored; original model bytes were repaired and verified.
[2026-09-20 01:04:21] [Info] [hammerspace.helper] [1] Current DOL entry: chunk=0, file_index=0, offset=0x00000040 (64), length=0x00000008 (8 bytes)
[2026-09-20 01:04:21] [Info] [hammerspace.helper] [2] Original DOL entry: offset=0x00000008 (8), length=0x00000008 (8 bytes)
[2026-09-20 01:04:21] [Info] [hammerspace.helper] [3] Restored and verified 8 original model bytes at 0x00000008.
[2026-09-20 01:04:21] [Info] [hammerspace.helper] [4] Restoring original DOL entry ...
[2026-09-20 01:04:21] [Info] [hammerspace.helper] [5] Zeroing 8 bytes at 0x00000040 in OUTPUT dt_na.dat ...
[2026-09-20 01:04:21] [Info] [hammerspace.helper]     Zeroed 8 bytes.
[2026-09-20 01:04:21] [Info] [hammerspace.helper] Done. chunk=0, file_index=0 removed from hammerspace.
[2026-09-20 01:04:21] [Info] [hammerspace.main] [ACT] bone 5 GeoId -> 65535 at ACT+0x20 (GeoIdEdited retarget; section-relative, stable across hammerspace relocation)
[2026-09-20 01:04:21] [Info] [hammerspace.main] [ACT] custom submesh 'custom0': bone 5 GeoId -> 2 at ACT+0x20 (section-relative; stable across hammerspace relocation)
[2026-09-20 01:04:21] [Info] [hammerspace.main] [ACT] bone 6 GeoId -> 1 at ACT+0x28 (GeoIdEdited retarget; section-relative, stable across hammerspace relocation)
[2026-09-20 01:04:21] [Info] [hammerspace.main] [ACT] bone 5 GeoId -> 65535 at ACT+0x20 (GeoIdEdited retarget; section-relative, stable across hammerspace relocation)
[2026-09-20 01:04:21] [Info] [hammerspace.main] [ACT] custom submesh 'custom0': bone 5 GeoId -> 1 at ACT+0x20 (section-relative; stable across hammerspace relocation)
[2026-09-20 01:04:21] [Info] [hammerspace.main] [ACT] custom submesh 'custom1': bone 6 GeoId -> 2 at ACT+0x28 (section-relative; stable across hammerspace relocation)
[2026-09-20 01:04:21] [Info] [hammerspace.main] [ACT] custom submesh 'custom0': bone 5 GeoId -> 2 at ACT+0x20 (section-relative; stable across hammerspace relocation)
[2026-09-20 01:04:21] [Error] [hammerspace.main] Bone 1: SRTOffset 0x103F is before the ACT section start (0x1040); the .sluggie's SRTOffset metadata does not match this model's ACT section layout. Re-export the model with the latest SluggiesTools export.py, then export from Blender again.
[2026-09-20 01:04:21] [Info] [hammerspace.main] [ACT] root-bone SRT scale: bone 1 wrote 400000003fc000003f800000 at ACT+0x54 (section-relative; stable across hammerspace relocation)
[2026-09-20 01:04:21] [Info] [hammerspace.main] [Container] DOL entry is an archive: 3 slots, 3 populated; rebuilding slot 1 at +0x60 and carrying the other 2 member(s) along
[2026-09-20 01:04:21] [Info] [hammerspace.main] [Container] archive slot 1 64 -> 192 bytes; 1 later slot(s) shifted by +128; archive 256 -> 384 bytes
[2026-09-20 01:04:21] [Info] [hammerspace.main] [Container] preserving 32-byte DOL entry prefix; inner model starts at +0x20
[2026-09-20 01:04:21] [Info] [hammerspace.main] [Container] DOL entry is an archive: 3 slots, 3 populated; rebuilding slot 1 at +0x60 and carrying the other 2 member(s) along
[2026-09-20 01:04:21] [Info] [hammerspace.main] [Container] archive slot 1 64 -> 192 bytes; 1 later slot(s) shifted by +128; archive 256 -> 384 bytes
[2026-09-20 01:04:21] [Info] [hammerspace.main] [Container] DOL entry is an archive: 3 slots, 3 populated; rebuilding slot 1 at +0x60 and carrying the other 2 member(s) along
[2026-09-20 01:04:21] [Info] [hammerspace.main] [Container] archive slot 1 64 -> 192 bytes; 1 later slot(s) shifted by +128; archive 256 -> 384 bytes
[2026-09-20 01:04:21] [Info] [hammerspace.main] [CloneGPL] 4 bytes from block+0x20
[2026-09-20 01:04:21] [Info] [hammerspace.main] [HDR] +0x18 patched: 0x00000180 → 0x00000100
[2026-09-20 01:04:21] [Info] [hammerspace.main] [HDR] +0x14 patched: 0x00000100 → 0x000000A0
[2026-09-20 01:04:21] [Info] [hammerspace.main] [HDR] +0x18 patched: 0x00000140 → 0x000000E0
[2026-09-20 01:04:21] [Info] [hammerspace.main] [HDR] +0x1C patched: 0x00000180 → 0x00000120
[2026-09-20 01:04:21] [Info] [hammerspace.main] [GPL] patched material state sub0 ds0 at GPL+0x10
[2026-09-20 01:04:21] [Info] [hammerspace.main] [GPL] patched material state sub0 ds1 at GPL+0x20
[2026-09-20 01:04:21] [Info] [hammerspace.main] [GPL] patched position array sub0 at GPL+0x10 (6 bytes)
[2026-09-20 01:04:21] [Info] [hammerspace.main] Model already in hammerspace at 0x00003000; keeping the old route live until replacement commits
[2026-09-20 01:04:21] [Info] [hammerspace.main] Hammerspace Log: Replaced | Model: fixture.sluggie | Old address: 0x00003000 | Old size: 0.00 MB
[2026-09-20 01:04:21] [Info] [hammerspace.main] Hammerspace Log: Written | Model: fixture.sluggie | Chunk: 18 | File: 0 | Address: 0x00004000 | Size: 0.00 MB | Modes: {'GPL': 'clone', 'ACT': 'clone', 'TEX': 'clone', 'SKN': 'clone', 'trailing': 'clone'}
[2026-09-20 01:04:21] [Info] [hammerspace.main] Model already in hammerspace at 0x00003000; keeping the old route live until replacement commits
[2026-09-20 01:04:21] [Info] [hammerspace.main] Model already in hammerspace at 0x00003000; keeping the old route live until replacement commits
[2026-09-20 01:04:21] [Info] [hammerspace.main] Hammerspace Log: Replaced | Model: fixture.sluggie | Old address: 0x00003000 | Old size: 0.00 MB
[2026-09-20 01:04:21] [Info] [hammerspace.main] Hammerspace Log: Written | Model: fixture.sluggie | Chunk: 18 | File: 0 | Address: 0x00004000 | Size: 0.00 MB | Modes: {'GPL': 'clone', 'ACT': 'clone', 'TEX': 'clone', 'SKN': 'clone', 'trailing': 'clone'}
[2026-09-20 01:04:21] [Info] [hammerspace.main] Model already in hammerspace at 0x00003000; keeping the old route live until replacement commits
[2026-09-20 01:04:21] [Info] [hammerspace.main] [GPL] appended UV array sub0 uv0 at GPL+0x80 (8 bytes)
[2026-09-20 01:04:21] [Info] [hammerspace.main] [GPL] appended primitive list sub0 ds0 (32 bytes)
[2026-09-20 01:04:22] [Info] [hammerspace.main] [GPL] patched UV array sub0 uv0 at GPL+0x14 (4 bytes)
[2026-09-20 01:04:22] [Info] [hammerspace.main] Hammerspace Log: Written | Model: fixture.sluggie | Chunk: 18 | File: 0 | Address: 0x00001020 | Size: 0.00 MB | Modes: {'GPL': 'clone', 'ACT': 'clone', 'TEX': 'clone', 'SKN': 'clone', 'trailing': 'clone'}
[2026-09-20 01:04:22] [Info] [hammerspace.main] Hammerspace Log: Written | Model: fixture.sluggie | Chunk: 18 | File: 0 | Address: 0x00002000 | Size: 0.00 MB | Modes: {'GPL': 'clone', 'ACT': 'clone', 'TEX': 'clone', 'SKN': 'clone', 'trailing': 'clone'}
[2026-09-20 01:04:22] [Warning] [hammerspace.main] [SKN] SK1/SK2 destinations are not cache-line exclusive; source arrays packed sequentially instead of mirroring the position buffer (donor layout rule) — facial poses on skinned vertices may break in-game
[2026-09-20 01:04:22] [Info] [hammerspace.main] [BuildTEX] built 5 texture(s), 5 image payload(s), 0 palette payload(s); section size 832 bytes
[2026-09-20 01:04:22] [Info] [hammerspace.main] [BuildTEX] built 2 texture(s), 2 image payload(s), 0 palette payload(s); section size 160 bytes
[2026-09-20 01:04:22] [Info] [hammerspace.main] [BuildTEX] No textures; returning empty TEX section
[2026-09-20 01:04:22] [Info] [hammerspace.main] [BuildTEX] built 2 texture(s), 2 image payload(s), 0 palette payload(s); section size 160 bytes
[2026-09-20 01:04:22] [Info] [hammerspace.main] [BuildTEX] built 2 texture(s), 2 image payload(s), 2 palette payload(s); section size 256 bytes
[2026-09-20 01:04:22] [Info] [hammerspace.main] [BuildTEX] built 1 texture(s), 1 image payload(s), 0 palette payload(s); section size 96 bytes
[2026-09-20 01:04:22] [Info] [hammerspace.main] [CloneGPL] 832 bytes from block+0x20
[2026-09-20 01:04:22] [Info] [hammerspace.main] [GPL] appended custom submesh 'custom0' as submesh 2 (host bone 1, template builtin:rigid_spec_v1)
[2026-09-20 01:04:22] [Info] [hammerspace.main] [CloneACT] 832 bytes from block+0x360
[2026-09-20 01:04:22] [Info] [hammerspace.main] [ACT] custom submesh 'custom0': bone 1 GeoId -> 2 at ACT+0x50 (section-relative; stable across hammerspace relocation)
[2026-09-20 01:04:22] [Info] [hammerspace.main] [CloneACT] 832 bytes from block+0x360
[2026-09-20 01:04:22] [Info] [hammerspace.main] [CloneTEX] 160 bytes from block+0x6A0
[2026-09-20 01:04:22] [Info] [hammerspace.main] [CloneSKN] 384 bytes from block+0x740
[2026-09-20 01:04:22] [Info] [hammerspace.main] [CloneTrailing] No ptr6/ptr7/ptr8 sections
[2026-09-20 01:04:22] [Info] [hammerspace.main] [CloneHEADER] 0x20 bytes from offset 0x00002000
[2026-09-20 01:04:22] [Info] [hammerspace.main] [CloneGPL] 832 bytes from block+0x20
[2026-09-20 01:04:22] [Info] [hammerspace.main] [GPL] appended custom submesh 'custom0' as submesh 2 (host bone 3, template derived:sm0_ds5)
[2026-09-20 01:04:22] [Info] [hammerspace.main] [CloneACT] 832 bytes from block+0x360
[2026-09-20 01:04:22] [Info] [hammerspace.main] [ACT] custom submesh 'custom0': bone 3 GeoId -> 2 at ACT+0x88 (section-relative; stable across hammerspace relocation)
[2026-09-20 01:04:22] [Info] [hammerspace.main] [CloneACT] 832 bytes from block+0x360
[2026-09-20 01:04:22] [Info] [hammerspace.main] [CloneTEX] 160 bytes from block+0x6A0
[2026-09-20 01:04:22] [Info] [hammerspace.main] [CloneSKN] 384 bytes from block+0x740
[2026-09-20 01:04:22] [Info] [hammerspace.main] [CloneTrailing] No ptr6/ptr7/ptr8 sections
[2026-09-20 01:04:22] [Info] [hammerspace.main] [CloneHEADER] 0x20 bytes from offset 0x00002000
[2026-09-20 01:04:22] [Info] [hammerspace.main] [CloneGPL] 832 bytes from block+0x20
[2026-09-20 01:04:22] [Info] [hammerspace.main] [CloneGPL] 832 bytes from block+0x20
[2026-09-20 01:04:22] [Info] [hammerspace.main] [GPL] appended custom submesh 'custom0' as submesh 2 (host bone 1, template builtin:rigid_spec_v1)
[2026-09-20 01:04:22] [Info] [hammerspace.main] [CloneACT] 832 bytes from block+0x360
[2026-09-20 01:04:22] [Info] [hammerspace.main] [ACT] custom submesh 'custom0': bone 1 GeoId -> 2 at ACT+0x50 (section-relative; stable across hammerspace relocation)
[2026-09-20 01:04:22] [Info] [hammerspace.main] [CloneACT] 832 bytes from block+0x360
[2026-09-20 01:04:22] [Info] [hammerspace.main] [CloneTEX] 160 bytes from block+0x6A0
[2026-09-20 01:04:22] [Info] [hammerspace.main] [CloneSKN] 384 bytes from block+0x740
[2026-09-20 01:04:22] [Info] [hammerspace.main] [CloneTrailing] No ptr6/ptr7/ptr8 sections
[2026-09-20 01:04:22] [Info] [hammerspace.main] [CloneHEADER] 0x20 bytes from offset 0x00002000
[2026-09-20 01:04:22] [Info] [hammerspace.main] [CloneGPL] 832 bytes from block+0x20
[2026-09-20 01:04:22] [Info] [hammerspace.main] [GPL] appended custom submesh 'custom0' as submesh 2 (host bone 2, template rigid:sm1_ds5)
[2026-09-20 01:04:22] [Info] [hammerspace.main] [CloneACT] 832 bytes from block+0x360
[2026-09-20 01:04:22] [Info] [hammerspace.main] [ACT] custom submesh 'custom0': bone 2 GeoId -> 2 at ACT+0x6C (section-relative; stable across hammerspace relocation)
[2026-09-20 01:04:22] [Info] [hammerspace.main] [CloneACT] 832 bytes from block+0x360
[2026-09-20 01:04:22] [Info] [hammerspace.main] [CloneTEX] 160 bytes from block+0x6A0
[2026-09-20 01:04:22] [Info] [hammerspace.main] [CloneSKN] 384 bytes from block+0x740
[2026-09-20 01:04:22] [Info] [hammerspace.main] [CloneTrailing] No ptr6/ptr7/ptr8 sections
[2026-09-20 01:04:22] [Info] [hammerspace.main] [CloneHEADER] 0x20 bytes from offset 0x00002000
[2026-09-20 01:04:22] [Info] [hammerspace.main] [GPL] appended custom submesh 'custom0' as submesh 1 (host bone 5, template builtin:rigid_spec_v1)
[2026-09-20 01:04:22] [Info] [geometry.rebuild] [M3.3] sub0: normal buffer compacted to 5 unique normals
[2026-09-20 01:04:22] [Info] [geometry.rebuild] [M3.2] sub0: rebuilt draw states [1]; descriptor upgrades []; triangulated 0 irreducible GX blocks
[2026-09-20 01:04:22] [Info] [geometry.rebuild] [M3.2] sub0 uv0: 6 expanded coords -> 5 compact; indices rebuilt
[2026-09-20 01:04:22] [Info] [geometry.rebuild] [M3.3] sub0: normal buffer compacted to 5 unique normals
[2026-09-20 01:04:22] [Info] [geometry.rebuild] [M3.2] sub0: rebuilt draw states [1]; descriptor upgrades []; triangulated 0 irreducible GX blocks
[2026-09-20 01:04:22] [Info] [geometry.rebuild] [M3.3] sub0: normal buffer compacted to 4 unique normals
[2026-09-20 01:05:41] [Info] [hammerspace.main] [CloneACT] 832 bytes from block+0x360
[2026-09-20 01:05:41] [Info] [hammerspace.main] [ACT] bone 1 GeoId -> 2 at ACT+0x50 (GeoIdEdited retarget; section-relative, stable across hammerspace relocation)
[2026-09-20 01:05:41] [Info] [hammerspace.main] [CloneACT] 832 bytes from block+0x360
[2026-09-20 01:05:41] [Info] [hammerspace.main] [CloneTEX] 160 bytes from block+0x6A0
[2026-09-20 01:05:41] [Info] [hammerspace.main] [CloneSKN] 384 bytes from block+0x740
[2026-09-20 01:05:41] [Info] [hammerspace.main] [CloneTrailing] No ptr6/ptr7/ptr8 sections
[2026-09-20 01:05:41] [Info] [hammerspace.main] [CloneHEADER] 0x20 bytes from offset 0x00002000
[2026-09-20 01:05:41] [Info] [build_add_submesh_fixture] [ACT] bone 1 GeoId already reads submesh 2 at ACT+0x50 (applied by BuildModelBlock via GeoIdEdited)
[2026-09-20 01:05:41] [Info] [hammerspace.main] [CloneACT] 832 bytes from block+0x360
[2026-09-20 01:05:41] [Info] [hammerspace.main] [ACT] bone 1 GeoId -> 2 at ACT+0x50 (GeoIdEdited retarget; section-relative, stable across hammerspace relocation)
[2026-09-20 01:05:41] [Info] [hammerspace.main] [CloneACT] 832 bytes from block+0x360
[2026-09-20 01:05:41] [Info] [hammerspace.main] [CloneTEX] 160 bytes from block+0x6A0
[2026-09-20 01:05:41] [Info] [hammerspace.main] [CloneSKN] 384 bytes from block+0x740
[2026-09-20 01:05:41] [Info] [hammerspace.main] [CloneTrailing] No ptr6/ptr7/ptr8 sections
[2026-09-20 01:05:41] [Info] [hammerspace.main] [CloneHEADER] 0x20 bytes from offset 0x00002000
[2026-09-20 01:05:41] [Info] [build_add_submesh_fixture] [ACT] bone 1 GeoId already reads submesh 2 at ACT+0x50 (applied by BuildModelBlock via GeoIdEdited)
[2026-09-20 01:05:41] [Info] [hammerspace.main] [CloneACT] 832 bytes from block+0x360
[2026-09-20 01:05:41] [Info] [hammerspace.main] [ACT] bone 1 GeoId -> 2 at ACT+0x50 (GeoIdEdited retarget; section-relative, stable across hammerspace relocation)
[2026-09-20 01:05:41] [Info] [hammerspace.main] [CloneACT] 832 bytes from block+0x360
[2026-09-20 01:05:41] [Info] [hammerspace.main] [CloneTEX] 160 bytes from block+0x6A0
[2026-09-20 01:05:41] [Info] [hammerspace.main] [CloneSKN] 384 bytes from block+0x740
[2026-09-20 01:05:41] [Info] [hammerspace.main] [CloneTrailing] No ptr6/ptr7/ptr8 sections
[2026-09-20 01:05:41] [Info] [hammerspace.main] [CloneHEADER] 0x20 bytes from offset 0x00002000
[2026-09-20 01:05:41] [Info] [build_add_submesh_fixture] [ACT] bone 1 GeoId already reads submesh 2 at ACT+0x50 (applied by BuildModelBlock via GeoIdEdited)
[2026-09-20 01:05:41] [Info] [hammerspace.main] [CloneACT] 832 bytes from block+0x360
[2026-09-20 01:05:41] [Info] [hammerspace.main] [ACT] bone 1 GeoId -> 2 at ACT+0x50 (GeoIdEdited retarget; section-relative, stable across hammerspace relocation)
[2026-09-20 01:05:41] [Info] [hammerspace.main] [CloneACT] 832 bytes from block+0x360
[2026-09-20 01:05:41] [Info] [hammerspace.main] [CloneTEX] 160 bytes from block+0x6A0
[2026-09-20 01:05:41] [Info] [hammerspace.main] [CloneSKN] 384 bytes from block+0x740
[2026-09-20 01:05:41] [Info] [hammerspace.main] [CloneTrailing] No ptr6/ptr7/ptr8 sections
[2026-09-20 01:05:41] [Info] [hammerspace.main] [CloneHEADER] 0x20 bytes from offset 0x00002000
[2026-09-20 01:05:41] [Info] [build_add_submesh_fixture] [ACT] bone 1 GeoId already reads submesh 2 at ACT+0x50 (applied by BuildModelBlock via GeoIdEdited)
[2026-09-20 01:05:42] [Info] [geometry.rebuild] [M3.3] sub0 color: 4 donor entries -> 4 compact; indices rebuilt
[2026-09-20 01:05:42] [Info] [geometry.rebuild] [M3.2] sub0: rebuilt draw states [1]; descriptor upgrades []; triangulated 0 irreducible GX blocks
[2026-09-20 01:05:42] [Info] [geometry.rebuild] [M3.3] sub0 color: 4 donor entries -> 4 compact; indices preserved
[2026-09-20 01:05:43] [Info] [hammerspace.main] [CloneGPL] 832 bytes from block+0x20
[2026-09-20 01:05:43] [Info] [hammerspace.main] [GPL] appended custom submesh 'custom0' as submesh 2 (host bone 1, template builtin:rigid_spec_v1)
[2026-09-20 01:05:43] [Info] [hammerspace.main] [CloneACT] 832 bytes from block+0x360
[2026-09-20 01:05:43] [Info] [hammerspace.main] [ACT] custom submesh 'custom0': bone 1 GeoId -> 2 at ACT+0x50 (section-relative; stable across hammerspace relocation)
[2026-09-20 01:05:43] [Info] [hammerspace.main] [CloneACT] 832 bytes from block+0x360
[2026-09-20 01:05:43] [Info] [hammerspace.main] [CloneTEX] 160 bytes from block+0x6A0
[2026-09-20 01:05:43] [Info] [hammerspace.main] [CloneSKN] 384 bytes from block+0x740
[2026-09-20 01:05:43] [Info] [hammerspace.main] [CloneTrailing] No ptr6/ptr7/ptr8 sections
[2026-09-20 01:05:43] [Info] [hammerspace.main] [CloneHEADER] 0x20 bytes from offset 0x00002000
[2026-09-20 01:05:43] [Info] [hammerspace.main] [CloneGPL] 832 bytes from block+0x20
[2026-09-20 01:05:43] [Info] [hammerspace.main] [GPL] appended custom submesh 'custom0' as submesh 2 (host bone 1, template builtin:rigid_spec_v1)
[2026-09-20 01:05:43] [Info] [hammerspace.main] [CloneACT] 832 bytes from block+0x360
[2026-09-20 01:05:43] [Info] [hammerspace.main] [ACT] custom submesh 'custom0': bone 1 GeoId -> 2 at ACT+0x50 (section-relative; stable across hammerspace relocation)
[2026-09-20 01:05:43] [Info] [hammerspace.main] [CloneACT] 832 bytes from block+0x360
[2026-09-20 01:05:43] [Info] [hammerspace.main] [CloneTEX] 160 bytes from block+0x6A0
[2026-09-20 01:05:43] [Info] [hammerspace.main] [CloneSKN] 384 bytes from block+0x740
[2026-09-20 01:05:43] [Info] [hammerspace.main] [CloneTrailing] No ptr6/ptr7/ptr8 sections
[2026-09-20 01:05:43] [Info] [hammerspace.main] [CloneHEADER] 0x20 bytes from offset 0x00002000
[2026-09-20 01:05:43] [Info] [hammerspace.main] [CloneGPL] 832 bytes from block+0x20
[2026-09-20 01:05:43] [Info] [hammerspace.main] [GPL] appended custom submesh 'custom0' as submesh 2 (host bone 1, template rigid:sm1_ds5)
[2026-09-20 01:05:43] [Info] [hammerspace.main] [CloneACT] 832 bytes from block+0x360
[2026-09-20 01:05:43] [Info] [hammerspace.main] [ACT] custom submesh 'custom0': bone 1 GeoId -> 2 at ACT+0x50 (section-relative; stable across hammerspace relocation)
[2026-09-20 01:05:43] [Info] [hammerspace.main] [CloneACT] 832 bytes from block+0x360
[2026-09-20 01:05:43] [Info] [hammerspace.main] [CloneTEX] 160 bytes from block+0x6A0
[2026-09-20 01:05:43] [Info] [hammerspace.main] [CloneSKN] 384 bytes from block+0x740
[2026-09-20 01:05:43] [Info] [hammerspace.main] [CloneTrailing] No ptr6/ptr7/ptr8 sections
[2026-09-20 01:05:43] [Info] [hammerspace.main] [CloneHEADER] 0x20 bytes from offset 0x00002000
[2026-09-20 01:05:43] [Info] [hammerspace.main] [CloneGPL] 832 bytes from block+0x20
[2026-09-20 01:05:43] [Info] [hammerspace.main] [GPL] appended custom submesh 'custom0' as submesh 2 (host bone 1, template derived:sm0_ds5)
[2026-09-20 01:05:43] [Info] [hammerspace.main] [CloneACT] 832 bytes from block+0x360
[2026-09-20 01:05:43] [Info] [hammerspace.main] [ACT] custom submesh 'custom0': bone 1 GeoId -> 2 at ACT+0x50 (section-relative; stable across hammerspace relocation)
[2026-09-20 01:05:43] [Info] [hammerspace.main] [CloneACT] 832 bytes from block+0x360
[2026-09-20 01:05:43] [Info] [hammerspace.main] [CloneTEX] 160 bytes from block+0x6A0
[2026-09-20 01:05:43] [Info] [hammerspace.main] [CloneSKN] 384 bytes from block+0x740
[2026-09-20 01:05:43] [Info] [hammerspace.main] [CloneTrailing] No ptr6/ptr7/ptr8 sections
[2026-09-20 01:05:43] [Info] [hammerspace.main] [CloneHEADER] 0x20 bytes from offset 0x00002000
[2026-09-20 01:05:43] [Info] [hammerspace.main] [CloneGPL] 832 bytes from block+0x20
[2026-09-20 01:05:43] [Info] [hammerspace.main] [GPL] appended custom submesh 'custom0' as submesh 2 (host bone 1, template builtin:rigid_spec_v1)
[2026-09-20 01:05:43] [Info] [hammerspace.main] [CloneACT] 832 bytes from block+0x360
[2026-09-20 01:05:43] [Info] [hammerspace.main] [ACT] custom submesh 'custom0': bone 1 GeoId -> 2 at ACT+0x50 (section-relative; stable across hammerspace relocation)
[2026-09-20 01:05:43] [Info] [hammerspace.main] [CloneACT] 832 bytes from block+0x360
[2026-09-20 01:05:43] [Info] [hammerspace.main] [CloneTEX] 160 bytes from block+0x6A0
[2026-09-20 01:05:43] [Info] [hammerspace.main] [CloneSKN] 384 bytes from block+0x740
[2026-09-20 01:05:43] [Info] [hammerspace.main] [CloneTrailing] No ptr6/ptr7/ptr8 sections
[2026-09-20 01:05:43] [Info] [hammerspace.main] [CloneHEADER] 0x20 bytes from offset 0x00002000
[2026-09-20 01:05:43] [Info] [dispatcher] Resolved PNG '0.png' → model.sluggie texture 0
[2026-09-20 01:05:43] [Info] [dispatcher] Resolved PNG '0.png' → model.sluggie texture 0
[2026-09-20 01:05:43] [Info] [dispatcher] Found: C:\Users\gerno\AppData\Local\Temp\tmp3fpdvsrq\model.sluggie
[2026-09-20 01:05:43] [Info] [dispatcher] Resolved PNG '0.png' → model.sluggie texture 0
[2026-09-20 01:05:43] [Info] [dispatcher] Found: C:\Users\gerno\AppData\Local\Temp\tmpo_mhhvt9\model.sluggie
[2026-09-20 01:05:43] [Warning] [act] bone 0 is not relative
[2026-09-20 01:05:43] [Warning] [act] bone 0 is not relative
[2026-09-20 01:05:43] [Warning] [act] bone 0 is not relative
[2026-09-20 01:05:44] [Info] [hammerspace.helper] [1] Current DOL entry: chunk=0, file_index=0, offset=0x00000008 (8), length=0x00000008 (8 bytes)
[2026-09-20 01:05:44] [Info] [hammerspace.helper] [2] Original DOL entry: offset=0x00000008 (8), length=0x00000008 (8 bytes)
[2026-09-20 01:05:44] [Info] [hammerspace.helper] DOL entry was already restored; original model bytes were repaired and verified.
[2026-09-20 01:05:44] [Info] [hammerspace.helper] [1] Current DOL entry: chunk=0, file_index=0, offset=0x00000040 (64), length=0x00000008 (8 bytes)
[2026-09-20 01:05:44] [Info] [hammerspace.helper] [2] Original DOL entry: offset=0x00000008 (8), length=0x00000008 (8 bytes)
[2026-09-20 01:05:44] [Info] [hammerspace.helper] [3] Restored and verified 8 original model bytes at 0x00000008.
[2026-09-20 01:05:44] [Info] [hammerspace.helper] [4] Restoring original DOL entry ...
[2026-09-20 01:05:44] [Info] [hammerspace.helper] [5] Zeroing 8 bytes at 0x00000040 in OUTPUT dt_na.dat ...
[2026-09-20 01:05:44] [Info] [hammerspace.helper]     Zeroed 8 bytes.
[2026-09-20 01:05:44] [Info] [hammerspace.helper] Done. chunk=0, file_index=0 removed from hammerspace.
[2026-09-20 01:05:44] [Info] [hammerspace.main] [ACT] bone 5 GeoId -> 65535 at ACT+0x20 (GeoIdEdited retarget; section-relative, stable across hammerspace relocation)
[2026-09-20 01:05:44] [Info] [hammerspace.main] [ACT] custom submesh 'custom0': bone 5 GeoId -> 2 at ACT+0x20 (section-relative; stable across hammerspace relocation)
[2026-09-20 01:05:44] [Info] [hammerspace.main] [ACT] bone 6 GeoId -> 1 at ACT+0x28 (GeoIdEdited retarget; section-relative, stable across hammerspace relocation)
[2026-09-20 01:05:44] [Info] [hammerspace.main] [ACT] bone 5 GeoId -> 65535 at ACT+0x20 (GeoIdEdited retarget; section-relative, stable across hammerspace relocation)
[2026-09-20 01:05:44] [Info] [hammerspace.main] [ACT] custom submesh 'custom0': bone 5 GeoId -> 1 at ACT+0x20 (section-relative; stable across hammerspace relocation)
[2026-09-20 01:05:44] [Info] [hammerspace.main] [ACT] custom submesh 'custom1': bone 6 GeoId -> 2 at ACT+0x28 (section-relative; stable across hammerspace relocation)
[2026-09-20 01:05:44] [Info] [hammerspace.main] [ACT] custom submesh 'custom0': bone 5 GeoId -> 2 at ACT+0x20 (section-relative; stable across hammerspace relocation)
[2026-09-20 01:05:44] [Error] [hammerspace.main] Bone 1: SRTOffset 0x103F is before the ACT section start (0x1040); the .sluggie's SRTOffset metadata does not match this model's ACT section layout. Re-export the model with the latest SluggiesTools export.py, then export from Blender again.
[2026-09-20 01:05:44] [Info] [hammerspace.main] [ACT] root-bone SRT scale: bone 1 wrote 400000003fc000003f800000 at ACT+0x54 (section-relative; stable across hammerspace relocation)
[2026-09-20 01:05:44] [Info] [hammerspace.main] [Container] DOL entry is an archive: 3 slots, 3 populated; rebuilding slot 1 at +0x60 and carrying the other 2 member(s) along
[2026-09-20 01:05:44] [Info] [hammerspace.main] [Container] archive slot 1 64 -> 192 bytes; 1 later slot(s) shifted by +128; archive 256 -> 384 bytes
[2026-09-20 01:05:44] [Info] [hammerspace.main] [Container] preserving 32-byte DOL entry prefix; inner model starts at +0x20
[2026-09-20 01:05:44] [Info] [hammerspace.main] [Container] DOL entry is an archive: 3 slots, 3 populated; rebuilding slot 1 at +0x60 and carrying the other 2 member(s) along
[2026-09-20 01:05:44] [Info] [hammerspace.main] [Container] archive slot 1 64 -> 192 bytes; 1 later slot(s) shifted by +128; archive 256 -> 384 bytes
[2026-09-20 01:05:44] [Info] [hammerspace.main] [Container] DOL entry is an archive: 3 slots, 3 populated; rebuilding slot 1 at +0x60 and carrying the other 2 member(s) along
[2026-09-20 01:05:44] [Info] [hammerspace.main] [Container] archive slot 1 64 -> 192 bytes; 1 later slot(s) shifted by +128; archive 256 -> 384 bytes
[2026-09-20 01:05:44] [Info] [hammerspace.main] [CloneGPL] 4 bytes from block+0x20
[2026-09-20 01:05:44] [Info] [hammerspace.main] [HDR] +0x18 patched: 0x00000180 → 0x00000100
[2026-09-20 01:05:44] [Info] [hammerspace.main] [HDR] +0x14 patched: 0x00000100 → 0x000000A0
[2026-09-20 01:05:44] [Info] [hammerspace.main] [HDR] +0x18 patched: 0x00000140 → 0x000000E0
[2026-09-20 01:05:44] [Info] [hammerspace.main] [HDR] +0x1C patched: 0x00000180 → 0x00000120
[2026-09-20 01:05:44] [Info] [hammerspace.main] [GPL] patched material state sub0 ds0 at GPL+0x10
[2026-09-20 01:05:44] [Info] [hammerspace.main] [GPL] patched material state sub0 ds1 at GPL+0x20
[2026-09-20 01:05:44] [Info] [hammerspace.main] [GPL] patched position array sub0 at GPL+0x10 (6 bytes)
[2026-09-20 01:05:44] [Info] [hammerspace.main] Model already in hammerspace at 0x00003000; keeping the old route live until replacement commits
[2026-09-20 01:05:44] [Info] [hammerspace.main] Hammerspace Log: Replaced | Model: fixture.sluggie | Old address: 0x00003000 | Old size: 0.00 MB
[2026-09-20 01:05:44] [Info] [hammerspace.main] Hammerspace Log: Written | Model: fixture.sluggie | Chunk: 18 | File: 0 | Address: 0x00004000 | Size: 0.00 MB | Modes: {'GPL': 'clone', 'ACT': 'clone', 'TEX': 'clone', 'SKN': 'clone', 'trailing': 'clone'}
[2026-09-20 01:05:44] [Info] [hammerspace.main] Model already in hammerspace at 0x00003000; keeping the old route live until replacement commits
[2026-09-20 01:05:44] [Info] [hammerspace.main] Model already in hammerspace at 0x00003000; keeping the old route live until replacement commits
[2026-09-20 01:05:44] [Info] [hammerspace.main] Hammerspace Log: Replaced | Model: fixture.sluggie | Old address: 0x00003000 | Old size: 0.00 MB
[2026-09-20 01:05:44] [Info] [hammerspace.main] Hammerspace Log: Written | Model: fixture.sluggie | Chunk: 18 | File: 0 | Address: 0x00004000 | Size: 0.00 MB | Modes: {'GPL': 'clone', 'ACT': 'clone', 'TEX': 'clone', 'SKN': 'clone', 'trailing': 'clone'}
[2026-09-20 01:05:44] [Info] [hammerspace.main] Model already in hammerspace at 0x00003000; keeping the old route live until replacement commits
[2026-09-20 01:05:44] [Info] [hammerspace.main] [GPL] appended UV array sub0 uv0 at GPL+0x80 (8 bytes)
[2026-09-20 01:05:44] [Info] [hammerspace.main] [GPL] appended primitive list sub0 ds0 (32 bytes)
[2026-09-20 01:05:44] [Info] [hammerspace.main] [GPL] patched UV array sub0 uv0 at GPL+0x14 (4 bytes)
[2026-09-20 01:05:44] [Info] [hammerspace.main] Hammerspace Log: Written | Model: fixture.sluggie | Chunk: 18 | File: 0 | Address: 0x00001020 | Size: 0.00 MB | Modes: {'GPL': 'clone', 'ACT': 'clone', 'TEX': 'clone', 'SKN': 'clone', 'trailing': 'clone'}
[2026-09-20 01:05:44] [Info] [hammerspace.main] Hammerspace Log: Written | Model: fixture.sluggie | Chunk: 18 | File: 0 | Address: 0x00002000 | Size: 0.00 MB | Modes: {'GPL': 'clone', 'ACT': 'clone', 'TEX': 'clone', 'SKN': 'clone', 'trailing': 'clone'}
[2026-09-20 01:05:44] [Warning] [hammerspace.main] [SKN] SK1/SK2 destinations are not cache-line exclusive; source arrays packed sequentially instead of mirroring the position buffer (donor layout rule) — facial poses on skinned vertices may break in-game
[2026-09-20 01:05:44] [Info] [hammerspace.main] [BuildTEX] built 5 texture(s), 5 image payload(s), 0 palette payload(s); section size 832 bytes
[2026-09-20 01:05:44] [Info] [hammerspace.main] [BuildTEX] built 2 texture(s), 2 image payload(s), 0 palette payload(s); section size 160 bytes
[2026-09-20 01:05:44] [Info] [hammerspace.main] [BuildTEX] No textures; returning empty TEX section
[2026-09-20 01:05:44] [Info] [hammerspace.main] [BuildTEX] built 2 texture(s), 2 image payload(s), 0 palette payload(s); section size 160 bytes
[2026-09-20 01:05:44] [Info] [hammerspace.main] [BuildTEX] built 2 texture(s), 2 image payload(s), 2 palette payload(s); section size 256 bytes
[2026-09-20 01:05:44] [Info] [hammerspace.main] [BuildTEX] built 1 texture(s), 1 image payload(s), 0 palette payload(s); section size 96 bytes
[2026-09-20 01:05:44] [Info] [hammerspace.main] [CloneGPL] 832 bytes from block+0x20
[2026-09-20 01:05:44] [Info] [hammerspace.main] [GPL] appended custom submesh 'custom0' as submesh 2 (host bone 1, template builtin:rigid_spec_v1)
[2026-09-20 01:05:44] [Info] [hammerspace.main] [CloneACT] 832 bytes from block+0x360
[2026-09-20 01:05:44] [Info] [hammerspace.main] [ACT] custom submesh 'custom0': bone 1 GeoId -> 2 at ACT+0x50 (section-relative; stable across hammerspace relocation)
[2026-09-20 01:05:44] [Info] [hammerspace.main] [CloneACT] 832 bytes from block+0x360
[2026-09-20 01:05:44] [Info] [hammerspace.main] [CloneTEX] 160 bytes from block+0x6A0
[2026-09-20 01:05:44] [Info] [hammerspace.main] [CloneSKN] 384 bytes from block+0x740
[2026-09-20 01:05:44] [Info] [hammerspace.main] [CloneTrailing] No ptr6/ptr7/ptr8 sections
[2026-09-20 01:05:44] [Info] [hammerspace.main] [CloneHEADER] 0x20 bytes from offset 0x00002000
[2026-09-20 01:05:44] [Info] [hammerspace.main] [CloneGPL] 832 bytes from block+0x20
[2026-09-20 01:05:44] [Info] [hammerspace.main] [GPL] appended custom submesh 'custom0' as submesh 2 (host bone 3, template derived:sm0_ds5)
[2026-09-20 01:05:44] [Info] [hammerspace.main] [CloneACT] 832 bytes from block+0x360
[2026-09-20 01:05:44] [Info] [hammerspace.main] [ACT] custom submesh 'custom0': bone 3 GeoId -> 2 at ACT+0x88 (section-relative; stable across hammerspace relocation)
[2026-09-20 01:05:44] [Info] [hammerspace.main] [CloneACT] 832 bytes from block+0x360
[2026-09-20 01:05:44] [Info] [hammerspace.main] [CloneTEX] 160 bytes from block+0x6A0
[2026-09-20 01:05:44] [Info] [hammerspace.main] [CloneSKN] 384 bytes from block+0x740
[2026-09-20 01:05:44] [Info] [hammerspace.main] [CloneTrailing] No ptr6/ptr7/ptr8 sections
[2026-09-20 01:05:44] [Info] [hammerspace.main] [CloneHEADER] 0x20 bytes from offset 0x00002000
[2026-09-20 01:05:44] [Info] [hammerspace.main] [CloneGPL] 832 bytes from block+0x20
[2026-09-20 01:05:44] [Info] [hammerspace.main] [CloneGPL] 832 bytes from block+0x20
[2026-09-20 01:05:44] [Info] [hammerspace.main] [GPL] appended custom submesh 'custom0' as submesh 2 (host bone 1, template builtin:rigid_spec_v1)
[2026-09-20 01:05:44] [Info] [hammerspace.main] [CloneACT] 832 bytes from block+0x360
[2026-09-20 01:05:44] [Info] [hammerspace.main] [ACT] custom submesh 'custom0': bone 1 GeoId -> 2 at ACT+0x50 (section-relative; stable across hammerspace relocation)
[2026-09-20 01:05:44] [Info] [hammerspace.main] [CloneACT] 832 bytes from block+0x360
[2026-09-20 01:05:44] [Info] [hammerspace.main] [CloneTEX] 160 bytes from block+0x6A0
[2026-09-20 01:05:44] [Info] [hammerspace.main] [CloneSKN] 384 bytes from block+0x740
[2026-09-20 01:05:44] [Info] [hammerspace.main] [CloneTrailing] No ptr6/ptr7/ptr8 sections
[2026-09-20 01:05:44] [Info] [hammerspace.main] [CloneHEADER] 0x20 bytes from offset 0x00002000
[2026-09-20 01:05:44] [Info] [hammerspace.main] [CloneGPL] 832 bytes from block+0x20
[2026-09-20 01:05:44] [Info] [hammerspace.main] [GPL] appended custom submesh 'custom0' as submesh 2 (host bone 2, template rigid:sm1_ds5)
[2026-09-20 01:05:44] [Info] [hammerspace.main] [CloneACT] 832 bytes from block+0x360
[2026-09-20 01:05:44] [Info] [hammerspace.main] [ACT] custom submesh 'custom0': bone 2 GeoId -> 2 at ACT+0x6C (section-relative; stable across hammerspace relocation)
[2026-09-20 01:05:44] [Info] [hammerspace.main] [CloneACT] 832 bytes from block+0x360
[2026-09-20 01:05:44] [Info] [hammerspace.main] [CloneTEX] 160 bytes from block+0x6A0
[2026-09-20 01:05:44] [Info] [hammerspace.main] [CloneSKN] 384 bytes from block+0x740
[2026-09-20 01:05:44] [Info] [hammerspace.main] [CloneTrailing] No ptr6/ptr7/ptr8 sections
[2026-09-20 01:05:44] [Info] [hammerspace.main] [CloneHEADER] 0x20 bytes from offset 0x00002000
[2026-09-20 01:05:44] [Info] [hammerspace.main] [GPL] appended custom submesh 'custom0' as submesh 1 (host bone 5, template builtin:rigid_spec_v1)
[2026-09-20 01:05:44] [Info] [geometry.rebuild] [M3.3] sub0: normal buffer compacted to 5 unique normals
[2026-09-20 01:05:44] [Info] [geometry.rebuild] [M3.2] sub0: rebuilt draw states [1]; descriptor upgrades []; triangulated 0 irreducible GX blocks
[2026-09-20 01:05:44] [Info] [geometry.rebuild] [M3.2] sub0 uv0: 6 expanded coords -> 5 compact; indices rebuilt
[2026-09-20 01:05:44] [Info] [geometry.rebuild] [M3.3] sub0: normal buffer compacted to 5 unique normals
[2026-09-20 01:05:44] [Info] [geometry.rebuild] [M3.2] sub0: rebuilt draw states [1]; descriptor upgrades []; triangulated 0 irreducible GX blocks
[2026-09-20 01:05:44] [Info] [geometry.rebuild] [M3.3] sub0: normal buffer compacted to 4 unique normals
[2026-09-20 01:06:01] [Info] [hammerspace.main] [CloneACT] 832 bytes from block+0x360
[2026-09-20 01:06:01] [Info] [hammerspace.main] [ACT] bone 1 GeoId -> 2 at ACT+0x50 (GeoIdEdited retarget; section-relative, stable across hammerspace relocation)
[2026-09-20 01:06:01] [Info] [hammerspace.main] [CloneACT] 832 bytes from block+0x360
[2026-09-20 01:06:01] [Info] [hammerspace.main] [CloneTEX] 160 bytes from block+0x6A0
[2026-09-20 01:06:01] [Info] [hammerspace.main] [CloneSKN] 384 bytes from block+0x740
[2026-09-20 01:06:01] [Info] [hammerspace.main] [CloneTrailing] No ptr6/ptr7/ptr8 sections
[2026-09-20 01:06:01] [Info] [hammerspace.main] [CloneHEADER] 0x20 bytes from offset 0x00002000
[2026-09-20 01:06:01] [Info] [hammerspace.main] [CloneACT] 832 bytes from block+0x360
[2026-09-20 01:06:01] [Info] [hammerspace.main] [ACT] bone 1 GeoId -> 2 at ACT+0x50 (GeoIdEdited retarget; section-relative, stable across hammerspace relocation)
[2026-09-20 01:06:01] [Info] [hammerspace.main] [CloneACT] 832 bytes from block+0x360
[2026-09-20 01:06:01] [Info] [hammerspace.main] [CloneTEX] 160 bytes from block+0x6A0
[2026-09-20 01:06:01] [Info] [hammerspace.main] [CloneSKN] 384 bytes from block+0x740
[2026-09-20 01:06:01] [Info] [hammerspace.main] [CloneTrailing] No ptr6/ptr7/ptr8 sections
[2026-09-20 01:06:01] [Info] [hammerspace.main] [CloneHEADER] 0x20 bytes from offset 0x00002000
[2026-09-20 01:06:01] [Info] [hammerspace.main] [CloneACT] 832 bytes from block+0x360
[2026-09-20 01:06:01] [Info] [hammerspace.main] [ACT] bone 1 GeoId -> 2 at ACT+0x50 (GeoIdEdited retarget; section-relative, stable across hammerspace relocation)
[2026-09-20 01:06:01] [Info] [hammerspace.main] [CloneACT] 832 bytes from block+0x360
[2026-09-20 01:06:01] [Info] [hammerspace.main] [CloneTEX] 160 bytes from block+0x6A0
[2026-09-20 01:06:01] [Info] [hammerspace.main] [CloneSKN] 384 bytes from block+0x740
[2026-09-20 01:06:01] [Info] [hammerspace.main] [CloneTrailing] No ptr6/ptr7/ptr8 sections
[2026-09-20 01:06:01] [Info] [hammerspace.main] [CloneHEADER] 0x20 bytes from offset 0x00002000
[2026-09-20 01:06:03] [Info] [geometry.rebuild] [M3.3] sub0 color: 4 donor entries -> 4 compact; indices rebuilt
[2026-09-20 01:06:03] [Info] [geometry.rebuild] [M3.2] sub0: rebuilt draw states [1]; descriptor upgrades []; triangulated 0 irreducible GX blocks
[2026-09-20 01:06:03] [Info] [geometry.rebuild] [M3.3] sub0 color: 4 donor entries -> 4 compact; indices preserved
[2026-09-20 01:06:03] [Info] [hammerspace.main] [CloneGPL] 832 bytes from block+0x20
[2026-09-20 01:06:03] [Info] [hammerspace.main] [GPL] appended custom submesh 'custom0' as submesh 2 (host bone 1, template builtin:rigid_spec_v1)
[2026-09-20 01:06:03] [Info] [hammerspace.main] [CloneACT] 832 bytes from block+0x360
[2026-09-20 01:06:03] [Info] [hammerspace.main] [ACT] custom submesh 'custom0': bone 1 GeoId -> 2 at ACT+0x50 (section-relative; stable across hammerspace relocation)
[2026-09-20 01:06:03] [Info] [hammerspace.main] [CloneACT] 832 bytes from block+0x360
[2026-09-20 01:06:03] [Info] [hammerspace.main] [CloneTEX] 160 bytes from block+0x6A0
[2026-09-20 01:06:03] [Info] [hammerspace.main] [CloneSKN] 384 bytes from block+0x740
[2026-09-20 01:06:03] [Info] [hammerspace.main] [CloneTrailing] No ptr6/ptr7/ptr8 sections
[2026-09-20 01:06:03] [Info] [hammerspace.main] [CloneHEADER] 0x20 bytes from offset 0x00002000
[2026-09-20 01:06:03] [Info] [hammerspace.main] [CloneGPL] 832 bytes from block+0x20
[2026-09-20 01:06:03] [Info] [hammerspace.main] [GPL] appended custom submesh 'custom0' as submesh 2 (host bone 1, template builtin:rigid_spec_v1)
[2026-09-20 01:06:03] [Info] [hammerspace.main] [CloneACT] 832 bytes from block+0x360
[2026-09-20 01:06:03] [Info] [hammerspace.main] [ACT] custom submesh 'custom0': bone 1 GeoId -> 2 at ACT+0x50 (section-relative; stable across hammerspace relocation)
[2026-09-20 01:06:03] [Info] [hammerspace.main] [CloneACT] 832 bytes from block+0x360
[2026-09-20 01:06:03] [Info] [hammerspace.main] [CloneTEX] 160 bytes from block+0x6A0
[2026-09-20 01:06:03] [Info] [hammerspace.main] [CloneSKN] 384 bytes from block+0x740
[2026-09-20 01:06:03] [Info] [hammerspace.main] [CloneTrailing] No ptr6/ptr7/ptr8 sections
[2026-09-20 01:06:03] [Info] [hammerspace.main] [CloneHEADER] 0x20 bytes from offset 0x00002000
[2026-09-20 01:06:03] [Info] [hammerspace.main] [CloneGPL] 832 bytes from block+0x20
[2026-09-20 01:06:03] [Info] [hammerspace.main] [GPL] appended custom submesh 'custom0' as submesh 2 (host bone 1, template rigid:sm1_ds5)
[2026-09-20 01:06:03] [Info] [hammerspace.main] [CloneACT] 832 bytes from block+0x360
[2026-09-20 01:06:03] [Info] [hammerspace.main] [ACT] custom submesh 'custom0': bone 1 GeoId -> 2 at ACT+0x50 (section-relative; stable across hammerspace relocation)
[2026-09-20 01:06:03] [Info] [hammerspace.main] [CloneACT] 832 bytes from block+0x360
[2026-09-20 01:06:03] [Info] [hammerspace.main] [CloneTEX] 160 bytes from block+0x6A0
[2026-09-20 01:06:03] [Info] [hammerspace.main] [CloneSKN] 384 bytes from block+0x740
[2026-09-20 01:06:03] [Info] [hammerspace.main] [CloneTrailing] No ptr6/ptr7/ptr8 sections
[2026-09-20 01:06:03] [Info] [hammerspace.main] [CloneHEADER] 0x20 bytes from offset 0x00002000
[2026-09-20 01:06:03] [Info] [hammerspace.main] [CloneGPL] 832 bytes from block+0x20
[2026-09-20 01:06:03] [Info] [hammerspace.main] [GPL] appended custom submesh 'custom0' as submesh 2 (host bone 1, template derived:sm0_ds5)
[2026-09-20 01:06:03] [Info] [hammerspace.main] [CloneACT] 832 bytes from block+0x360
[2026-09-20 01:06:03] [Info] [hammerspace.main] [ACT] custom submesh 'custom0': bone 1 GeoId -> 2 at ACT+0x50 (section-relative; stable across hammerspace relocation)
[2026-09-20 01:06:03] [Info] [hammerspace.main] [CloneACT] 832 bytes from block+0x360
[2026-09-20 01:06:03] [Info] [hammerspace.main] [CloneTEX] 160 bytes from block+0x6A0
[2026-09-20 01:06:03] [Info] [hammerspace.main] [CloneSKN] 384 bytes from block+0x740
[2026-09-20 01:06:03] [Info] [hammerspace.main] [CloneTrailing] No ptr6/ptr7/ptr8 sections
[2026-09-20 01:06:03] [Info] [hammerspace.main] [CloneHEADER] 0x20 bytes from offset 0x00002000
[2026-09-20 01:06:03] [Info] [hammerspace.main] [CloneGPL] 832 bytes from block+0x20
[2026-09-20 01:06:03] [Info] [hammerspace.main] [GPL] appended custom submesh 'custom0' as submesh 2 (host bone 1, template builtin:rigid_spec_v1)
[2026-09-20 01:06:03] [Info] [hammerspace.main] [CloneACT] 832 bytes from block+0x360
[2026-09-20 01:06:03] [Info] [hammerspace.main] [ACT] custom submesh 'custom0': bone 1 GeoId -> 2 at ACT+0x50 (section-relative; stable across hammerspace relocation)
[2026-09-20 01:06:03] [Info] [hammerspace.main] [CloneACT] 832 bytes from block+0x360
[2026-09-20 01:06:03] [Info] [hammerspace.main] [CloneTEX] 160 bytes from block+0x6A0
[2026-09-20 01:06:03] [Info] [hammerspace.main] [CloneSKN] 384 bytes from block+0x740
[2026-09-20 01:06:03] [Info] [hammerspace.main] [CloneTrailing] No ptr6/ptr7/ptr8 sections
[2026-09-20 01:06:03] [Info] [hammerspace.main] [CloneHEADER] 0x20 bytes from offset 0x00002000
[2026-09-20 01:06:04] [Info] [dispatcher] Resolved PNG '0.png' → model.sluggie texture 0
[2026-09-20 01:06:04] [Info] [dispatcher] Resolved PNG '0.png' → model.sluggie texture 0
[2026-09-20 01:06:04] [Info] [dispatcher] Found: C:\Users\gerno\AppData\Local\Temp\tmp9z3_hn6c\model.sluggie
[2026-09-20 01:06:04] [Info] [dispatcher] Resolved PNG '0.png' → model.sluggie texture 0
[2026-09-20 01:06:04] [Info] [dispatcher] Found: C:\Users\gerno\AppData\Local\Temp\tmpt5e2pgtp\model.sluggie
[2026-09-20 01:06:04] [Warning] [act] bone 0 is not relative
[2026-09-20 01:06:04] [Warning] [act] bone 0 is not relative
[2026-09-20 01:06:04] [Warning] [act] bone 0 is not relative
[2026-09-20 01:06:05] [Info] [hammerspace.helper] [1] Current DOL entry: chunk=0, file_index=0, offset=0x00000008 (8), length=0x00000008 (8 bytes)
[2026-09-20 01:06:05] [Info] [hammerspace.helper] [2] Original DOL entry: offset=0x00000008 (8), length=0x00000008 (8 bytes)
[2026-09-20 01:06:05] [Info] [hammerspace.helper] DOL entry was already restored; original model bytes were repaired and verified.
[2026-09-20 01:06:05] [Info] [hammerspace.helper] [1] Current DOL entry: chunk=0, file_index=0, offset=0x00000040 (64), length=0x00000008 (8 bytes)
[2026-09-20 01:06:05] [Info] [hammerspace.helper] [2] Original DOL entry: offset=0x00000008 (8), length=0x00000008 (8 bytes)
[2026-09-20 01:06:05] [Info] [hammerspace.helper] [3] Restored and verified 8 original model bytes at 0x00000008.
[2026-09-20 01:06:05] [Info] [hammerspace.helper] [4] Restoring original DOL entry ...
[2026-09-20 01:06:05] [Info] [hammerspace.helper] [5] Zeroing 8 bytes at 0x00000040 in OUTPUT dt_na.dat ...
[2026-09-20 01:06:05] [Info] [hammerspace.helper]     Zeroed 8 bytes.
[2026-09-20 01:06:05] [Info] [hammerspace.helper] Done. chunk=0, file_index=0 removed from hammerspace.
[2026-09-20 01:06:05] [Info] [hammerspace.main] [ACT] bone 5 GeoId -> 65535 at ACT+0x20 (GeoIdEdited retarget; section-relative, stable across hammerspace relocation)
[2026-09-20 01:06:05] [Info] [hammerspace.main] [ACT] custom submesh 'custom0': bone 5 GeoId -> 2 at ACT+0x20 (section-relative; stable across hammerspace relocation)
[2026-09-20 01:06:05] [Info] [hammerspace.main] [ACT] bone 6 GeoId -> 1 at ACT+0x28 (GeoIdEdited retarget; section-relative, stable across hammerspace relocation)
[2026-09-20 01:06:05] [Info] [hammerspace.main] [ACT] bone 5 GeoId -> 65535 at ACT+0x20 (GeoIdEdited retarget; section-relative, stable across hammerspace relocation)
[2026-09-20 01:06:05] [Info] [hammerspace.main] [ACT] custom submesh 'custom0': bone 5 GeoId -> 1 at ACT+0x20 (section-relative; stable across hammerspace relocation)
[2026-09-20 01:06:05] [Info] [hammerspace.main] [ACT] custom submesh 'custom1': bone 6 GeoId -> 2 at ACT+0x28 (section-relative; stable across hammerspace relocation)
[2026-09-20 01:06:05] [Info] [hammerspace.main] [ACT] custom submesh 'custom0': bone 5 GeoId -> 2 at ACT+0x20 (section-relative; stable across hammerspace relocation)
[2026-09-20 01:06:05] [Error] [hammerspace.main] Bone 1: SRTOffset 0x103F is before the ACT section start (0x1040); the .sluggie's SRTOffset metadata does not match this model's ACT section layout. Re-export the model with the latest SluggiesTools export.py, then export from Blender again.
[2026-09-20 01:06:05] [Info] [hammerspace.main] [ACT] root-bone SRT scale: bone 1 wrote 400000003fc000003f800000 at ACT+0x54 (section-relative; stable across hammerspace relocation)
[2026-09-20 01:06:05] [Info] [hammerspace.main] [Container] DOL entry is an archive: 3 slots, 3 populated; rebuilding slot 1 at +0x60 and carrying the other 2 member(s) along
[2026-09-20 01:06:05] [Info] [hammerspace.main] [Container] archive slot 1 64 -> 192 bytes; 1 later slot(s) shifted by +128; archive 256 -> 384 bytes
[2026-09-20 01:06:05] [Info] [hammerspace.main] [Container] preserving 32-byte DOL entry prefix; inner model starts at +0x20
[2026-09-20 01:06:05] [Info] [hammerspace.main] [Container] DOL entry is an archive: 3 slots, 3 populated; rebuilding slot 1 at +0x60 and carrying the other 2 member(s) along
[2026-09-20 01:06:05] [Info] [hammerspace.main] [Container] archive slot 1 64 -> 192 bytes; 1 later slot(s) shifted by +128; archive 256 -> 384 bytes
[2026-09-20 01:06:05] [Info] [hammerspace.main] [Container] DOL entry is an archive: 3 slots, 3 populated; rebuilding slot 1 at +0x60 and carrying the other 2 member(s) along
[2026-09-20 01:06:05] [Info] [hammerspace.main] [Container] archive slot 1 64 -> 192 bytes; 1 later slot(s) shifted by +128; archive 256 -> 384 bytes
[2026-09-20 01:06:05] [Info] [hammerspace.main] [CloneGPL] 4 bytes from block+0x20
[2026-09-20 01:06:05] [Info] [hammerspace.main] [HDR] +0x18 patched: 0x00000180 → 0x00000100
[2026-09-20 01:06:05] [Info] [hammerspace.main] [HDR] +0x14 patched: 0x00000100 → 0x000000A0
[2026-09-20 01:06:05] [Info] [hammerspace.main] [HDR] +0x18 patched: 0x00000140 → 0x000000E0
[2026-09-20 01:06:05] [Info] [hammerspace.main] [HDR] +0x1C patched: 0x00000180 → 0x00000120
[2026-09-20 01:06:05] [Info] [hammerspace.main] [GPL] patched material state sub0 ds0 at GPL+0x10
[2026-09-20 01:06:05] [Info] [hammerspace.main] [GPL] patched material state sub0 ds1 at GPL+0x20
[2026-09-20 01:06:05] [Info] [hammerspace.main] [GPL] patched position array sub0 at GPL+0x10 (6 bytes)
[2026-09-20 01:06:05] [Info] [hammerspace.main] Model already in hammerspace at 0x00003000; keeping the old route live until replacement commits
[2026-09-20 01:06:05] [Info] [hammerspace.main] Hammerspace Log: Replaced | Model: fixture.sluggie | Old address: 0x00003000 | Old size: 0.00 MB
[2026-09-20 01:06:05] [Info] [hammerspace.main] Hammerspace Log: Written | Model: fixture.sluggie | Chunk: 18 | File: 0 | Address: 0x00004000 | Size: 0.00 MB | Modes: {'GPL': 'clone', 'ACT': 'clone', 'TEX': 'clone', 'SKN': 'clone', 'trailing': 'clone'}
[2026-09-20 01:06:05] [Info] [hammerspace.main] Model already in hammerspace at 0x00003000; keeping the old route live until replacement commits
[2026-09-20 01:06:05] [Info] [hammerspace.main] Model already in hammerspace at 0x00003000; keeping the old route live until replacement commits
[2026-09-20 01:06:05] [Info] [hammerspace.main] Hammerspace Log: Replaced | Model: fixture.sluggie | Old address: 0x00003000 | Old size: 0.00 MB
[2026-09-20 01:06:05] [Info] [hammerspace.main] Hammerspace Log: Written | Model: fixture.sluggie | Chunk: 18 | File: 0 | Address: 0x00004000 | Size: 0.00 MB | Modes: {'GPL': 'clone', 'ACT': 'clone', 'TEX': 'clone', 'SKN': 'clone', 'trailing': 'clone'}
[2026-09-20 01:06:05] [Info] [hammerspace.main] Model already in hammerspace at 0x00003000; keeping the old route live until replacement commits
[2026-09-20 01:06:05] [Info] [hammerspace.main] [GPL] appended UV array sub0 uv0 at GPL+0x80 (8 bytes)
[2026-09-20 01:06:05] [Info] [hammerspace.main] [GPL] appended primitive list sub0 ds0 (32 bytes)
[2026-09-20 01:06:05] [Info] [hammerspace.main] [GPL] patched UV array sub0 uv0 at GPL+0x14 (4 bytes)
[2026-09-20 01:06:05] [Info] [hammerspace.main] Hammerspace Log: Written | Model: fixture.sluggie | Chunk: 18 | File: 0 | Address: 0x00001020 | Size: 0.00 MB | Modes: {'GPL': 'clone', 'ACT': 'clone', 'TEX': 'clone', 'SKN': 'clone', 'trailing': 'clone'}
[2026-09-20 01:06:05] [Info] [hammerspace.main] Hammerspace Log: Written | Model: fixture.sluggie | Chunk: 18 | File: 0 | Address: 0x00002000 | Size: 0.00 MB | Modes: {'GPL': 'clone', 'ACT': 'clone', 'TEX': 'clone', 'SKN': 'clone', 'trailing': 'clone'}
[2026-09-20 01:06:05] [Warning] [hammerspace.main] [SKN] SK1/SK2 destinations are not cache-line exclusive; source arrays packed sequentially instead of mirroring the position buffer (donor layout rule) — facial poses on skinned vertices may break in-game
[2026-09-20 01:06:05] [Info] [hammerspace.main] [BuildTEX] built 5 texture(s), 5 image payload(s), 0 palette payload(s); section size 832 bytes
[2026-09-20 01:06:05] [Info] [hammerspace.main] [BuildTEX] built 2 texture(s), 2 image payload(s), 0 palette payload(s); section size 160 bytes
[2026-09-20 01:06:05] [Info] [hammerspace.main] [BuildTEX] No textures; returning empty TEX section
[2026-09-20 01:06:05] [Info] [hammerspace.main] [BuildTEX] built 2 texture(s), 2 image payload(s), 0 palette payload(s); section size 160 bytes
[2026-09-20 01:06:05] [Info] [hammerspace.main] [BuildTEX] built 2 texture(s), 2 image payload(s), 2 palette payload(s); section size 256 bytes
[2026-09-20 01:06:05] [Info] [hammerspace.main] [BuildTEX] built 1 texture(s), 1 image payload(s), 0 palette payload(s); section size 96 bytes
[2026-09-20 01:06:05] [Info] [hammerspace.main] [CloneGPL] 832 bytes from block+0x20
[2026-09-20 01:06:05] [Info] [hammerspace.main] [GPL] appended custom submesh 'custom0' as submesh 2 (host bone 1, template builtin:rigid_spec_v1)
[2026-09-20 01:06:05] [Info] [hammerspace.main] [CloneACT] 832 bytes from block+0x360
[2026-09-20 01:06:05] [Info] [hammerspace.main] [ACT] custom submesh 'custom0': bone 1 GeoId -> 2 at ACT+0x50 (section-relative; stable across hammerspace relocation)
[2026-09-20 01:06:05] [Info] [hammerspace.main] [CloneACT] 832 bytes from block+0x360
[2026-09-20 01:06:05] [Info] [hammerspace.main] [CloneTEX] 160 bytes from block+0x6A0
[2026-09-20 01:06:05] [Info] [hammerspace.main] [CloneSKN] 384 bytes from block+0x740
[2026-09-20 01:06:05] [Info] [hammerspace.main] [CloneTrailing] No ptr6/ptr7/ptr8 sections
[2026-09-20 01:06:05] [Info] [hammerspace.main] [CloneHEADER] 0x20 bytes from offset 0x00002000
[2026-09-20 01:06:05] [Info] [hammerspace.main] [CloneGPL] 832 bytes from block+0x20
[2026-09-20 01:06:05] [Info] [hammerspace.main] [GPL] appended custom submesh 'custom0' as submesh 2 (host bone 3, template derived:sm0_ds5)
[2026-09-20 01:06:05] [Info] [hammerspace.main] [CloneACT] 832 bytes from block+0x360
[2026-09-20 01:06:05] [Info] [hammerspace.main] [ACT] custom submesh 'custom0': bone 3 GeoId -> 2 at ACT+0x88 (section-relative; stable across hammerspace relocation)
[2026-09-20 01:06:05] [Info] [hammerspace.main] [CloneACT] 832 bytes from block+0x360
[2026-09-20 01:06:05] [Info] [hammerspace.main] [CloneTEX] 160 bytes from block+0x6A0
[2026-09-20 01:06:05] [Info] [hammerspace.main] [CloneSKN] 384 bytes from block+0x740
[2026-09-20 01:06:05] [Info] [hammerspace.main] [CloneTrailing] No ptr6/ptr7/ptr8 sections
[2026-09-20 01:06:05] [Info] [hammerspace.main] [CloneHEADER] 0x20 bytes from offset 0x00002000
[2026-09-20 01:06:05] [Info] [hammerspace.main] [CloneGPL] 832 bytes from block+0x20
[2026-09-20 01:06:05] [Info] [hammerspace.main] [CloneGPL] 832 bytes from block+0x20
[2026-09-20 01:06:05] [Info] [hammerspace.main] [GPL] appended custom submesh 'custom0' as submesh 2 (host bone 1, template builtin:rigid_spec_v1)
[2026-09-20 01:06:05] [Info] [hammerspace.main] [CloneACT] 832 bytes from block+0x360
[2026-09-20 01:06:05] [Info] [hammerspace.main] [ACT] custom submesh 'custom0': bone 1 GeoId -> 2 at ACT+0x50 (section-relative; stable across hammerspace relocation)
[2026-09-20 01:06:05] [Info] [hammerspace.main] [CloneACT] 832 bytes from block+0x360
[2026-09-20 01:06:05] [Info] [hammerspace.main] [CloneTEX] 160 bytes from block+0x6A0
[2026-09-20 01:06:05] [Info] [hammerspace.main] [CloneSKN] 384 bytes from block+0x740
[2026-09-20 01:06:05] [Info] [hammerspace.main] [CloneTrailing] No ptr6/ptr7/ptr8 sections
[2026-09-20 01:06:05] [Info] [hammerspace.main] [CloneHEADER] 0x20 bytes from offset 0x00002000
[2026-09-20 01:06:05] [Info] [hammerspace.main] [CloneGPL] 832 bytes from block+0x20
[2026-09-20 01:06:05] [Info] [hammerspace.main] [GPL] appended custom submesh 'custom0' as submesh 2 (host bone 2, template rigid:sm1_ds5)
[2026-09-20 01:06:05] [Info] [hammerspace.main] [CloneACT] 832 bytes from block+0x360
[2026-09-20 01:06:05] [Info] [hammerspace.main] [ACT] custom submesh 'custom0': bone 2 GeoId -> 2 at ACT+0x6C (section-relative; stable across hammerspace relocation)
[2026-09-20 01:06:05] [Info] [hammerspace.main] [CloneACT] 832 bytes from block+0x360
[2026-09-20 01:06:05] [Info] [hammerspace.main] [CloneTEX] 160 bytes from block+0x6A0
[2026-09-20 01:06:05] [Info] [hammerspace.main] [CloneSKN] 384 bytes from block+0x740
[2026-09-20 01:06:05] [Info] [hammerspace.main] [CloneTrailing] No ptr6/ptr7/ptr8 sections
[2026-09-20 01:06:05] [Info] [hammerspace.main] [CloneHEADER] 0x20 bytes from offset 0x00002000
[2026-09-20 01:06:05] [Info] [hammerspace.main] [GPL] appended custom submesh 'custom0' as submesh 1 (host bone 5, template builtin:rigid_spec_v1)
[2026-09-20 01:06:05] [Info] [geometry.rebuild] [M3.3] sub0: normal buffer compacted to 5 unique normals
[2026-09-20 01:06:05] [Info] [geometry.rebuild] [M3.2] sub0: rebuilt draw states [1]; descriptor upgrades []; triangulated 0 irreducible GX blocks
[2026-09-20 01:06:05] [Info] [geometry.rebuild] [M3.2] sub0 uv0: 6 expanded coords -> 5 compact; indices rebuilt
[2026-09-20 01:06:05] [Info] [geometry.rebuild] [M3.3] sub0: normal buffer compacted to 5 unique normals
[2026-09-20 01:06:05] [Info] [geometry.rebuild] [M3.2] sub0: rebuilt draw states [1]; descriptor upgrades []; triangulated 0 irreducible GX blocks
[2026-09-20 01:06:05] [Info] [geometry.rebuild] [M3.3] sub0: normal buffer compacted to 4 unique normals
[2026-09-20 01:06:08] [Info] [hammerspace.main] [CloneACT] 832 bytes from block+0x360
[2026-09-20 01:06:08] [Info] [hammerspace.main] [ACT] bone 1 GeoId -> 2 at ACT+0x50 (GeoIdEdited retarget; section-relative, stable across hammerspace relocation)
[2026-09-20 01:06:08] [Info] [hammerspace.main] [CloneACT] 832 bytes from block+0x360
[2026-09-20 01:06:08] [Info] [hammerspace.main] [CloneTEX] 160 bytes from block+0x6A0
[2026-09-20 01:06:08] [Info] [hammerspace.main] [CloneSKN] 384 bytes from block+0x740
[2026-09-20 01:06:08] [Info] [hammerspace.main] [CloneTrailing] No ptr6/ptr7/ptr8 sections
[2026-09-20 01:06:08] [Info] [hammerspace.main] [CloneHEADER] 0x20 bytes from offset 0x00002000
[2026-09-20 01:06:08] [Info] [build_add_submesh_fixture] [ACT] bone 1 GeoId already reads submesh 2 at ACT+0x50 (applied by BuildModelBlock via GeoIdEdited)
[2026-09-20 01:06:08] [Info] [hammerspace.main] [CloneACT] 832 bytes from block+0x360
[2026-09-20 01:06:08] [Info] [hammerspace.main] [ACT] bone 1 GeoId -> 2 at ACT+0x50 (GeoIdEdited retarget; section-relative, stable across hammerspace relocation)
[2026-09-20 01:06:08] [Info] [hammerspace.main] [CloneACT] 832 bytes from block+0x360
[2026-09-20 01:06:08] [Info] [hammerspace.main] [CloneTEX] 160 bytes from block+0x6A0
[2026-09-20 01:06:08] [Info] [hammerspace.main] [CloneSKN] 384 bytes from block+0x740
[2026-09-20 01:06:08] [Info] [hammerspace.main] [CloneTrailing] No ptr6/ptr7/ptr8 sections
[2026-09-20 01:06:08] [Info] [hammerspace.main] [CloneHEADER] 0x20 bytes from offset 0x00002000
[2026-09-20 01:06:08] [Info] [build_add_submesh_fixture] [ACT] bone 1 GeoId already reads submesh 2 at ACT+0x50 (applied by BuildModelBlock via GeoIdEdited)
[2026-09-20 01:06:08] [Info] [hammerspace.main] [CloneACT] 832 bytes from block+0x360
[2026-09-20 01:06:08] [Info] [hammerspace.main] [ACT] bone 1 GeoId -> 2 at ACT+0x50 (GeoIdEdited retarget; section-relative, stable across hammerspace relocation)
[2026-09-20 01:06:08] [Info] [hammerspace.main] [CloneACT] 832 bytes from block+0x360
[2026-09-20 01:06:08] [Info] [hammerspace.main] [CloneTEX] 160 bytes from block+0x6A0
[2026-09-20 01:06:08] [Info] [hammerspace.main] [CloneSKN] 384 bytes from block+0x740
[2026-09-20 01:06:08] [Info] [hammerspace.main] [CloneTrailing] No ptr6/ptr7/ptr8 sections
[2026-09-20 01:06:08] [Info] [hammerspace.main] [CloneHEADER] 0x20 bytes from offset 0x00002000
[2026-09-20 01:06:08] [Info] [build_add_submesh_fixture] [ACT] bone 1 GeoId already reads submesh 2 at ACT+0x50 (applied by BuildModelBlock via GeoIdEdited)
[2026-09-20 01:06:08] [Info] [hammerspace.main] [CloneACT] 832 bytes from block+0x360
[2026-09-20 01:06:08] [Info] [hammerspace.main] [ACT] bone 1 GeoId -> 2 at ACT+0x50 (GeoIdEdited retarget; section-relative, stable across hammerspace relocation)
[2026-09-20 01:06:08] [Info] [hammerspace.main] [CloneACT] 832 bytes from block+0x360
[2026-09-20 01:06:08] [Info] [hammerspace.main] [CloneTEX] 160 bytes from block+0x6A0
[2026-09-20 01:06:08] [Info] [hammerspace.main] [CloneSKN] 384 bytes from block+0x740
[2026-09-20 01:06:08] [Info] [hammerspace.main] [CloneTrailing] No ptr6/ptr7/ptr8 sections
[2026-09-20 01:06:08] [Info] [hammerspace.main] [CloneHEADER] 0x20 bytes from offset 0x00002000
[2026-09-20 01:06:08] [Info] [build_add_submesh_fixture] [ACT] bone 1 GeoId already reads submesh 2 at ACT+0x50 (applied by BuildModelBlock via GeoIdEdited)
[2026-09-20 01:06:11] [Info] [geometry.rebuild] [M3.3] sub0 color: 4 donor entries -> 4 compact; indices rebuilt
[2026-09-20 01:06:11] [Info] [geometry.rebuild] [M3.2] sub0: rebuilt draw states [1]; descriptor upgrades []; triangulated 0 irreducible GX blocks
[2026-09-20 01:06:11] [Info] [geometry.rebuild] [M3.3] sub0 color: 4 donor entries -> 4 compact; indices preserved
[2026-09-20 01:06:12] [Info] [hammerspace.main] [CloneGPL] 832 bytes from block+0x20
[2026-09-20 01:06:12] [Info] [hammerspace.main] [GPL] appended custom submesh 'custom0' as submesh 2 (host bone 1, template builtin:rigid_spec_v1)
[2026-09-20 01:06:12] [Info] [hammerspace.main] [CloneACT] 832 bytes from block+0x360
[2026-09-20 01:06:12] [Info] [hammerspace.main] [ACT] custom submesh 'custom0': bone 1 GeoId -> 2 at ACT+0x50 (section-relative; stable across hammerspace relocation)
[2026-09-20 01:06:12] [Info] [hammerspace.main] [CloneACT] 832 bytes from block+0x360
[2026-09-20 01:06:12] [Info] [hammerspace.main] [CloneTEX] 160 bytes from block+0x6A0
[2026-09-20 01:06:12] [Info] [hammerspace.main] [CloneSKN] 384 bytes from block+0x740
[2026-09-20 01:06:12] [Info] [hammerspace.main] [CloneTrailing] No ptr6/ptr7/ptr8 sections
[2026-09-20 01:06:12] [Info] [hammerspace.main] [CloneHEADER] 0x20 bytes from offset 0x00002000
[2026-09-20 01:06:12] [Info] [hammerspace.main] [CloneGPL] 832 bytes from block+0x20
[2026-09-20 01:06:12] [Info] [hammerspace.main] [GPL] appended custom submesh 'custom0' as submesh 2 (host bone 1, template builtin:rigid_spec_v1)
[2026-09-20 01:06:12] [Info] [hammerspace.main] [CloneACT] 832 bytes from block+0x360
[2026-09-20 01:06:12] [Info] [hammerspace.main] [ACT] custom submesh 'custom0': bone 1 GeoId -> 2 at ACT+0x50 (section-relative; stable across hammerspace relocation)
[2026-09-20 01:06:12] [Info] [hammerspace.main] [CloneACT] 832 bytes from block+0x360
[2026-09-20 01:06:12] [Info] [hammerspace.main] [CloneTEX] 160 bytes from block+0x6A0
[2026-09-20 01:06:12] [Info] [hammerspace.main] [CloneSKN] 384 bytes from block+0x740
[2026-09-20 01:06:12] [Info] [hammerspace.main] [CloneTrailing] No ptr6/ptr7/ptr8 sections
[2026-09-20 01:06:12] [Info] [hammerspace.main] [CloneHEADER] 0x20 bytes from offset 0x00002000
[2026-09-20 01:06:12] [Info] [hammerspace.main] [CloneGPL] 832 bytes from block+0x20
[2026-09-20 01:06:12] [Info] [hammerspace.main] [GPL] appended custom submesh 'custom0' as submesh 2 (host bone 1, template rigid:sm1_ds5)
[2026-09-20 01:06:12] [Info] [hammerspace.main] [CloneACT] 832 bytes from block+0x360
[2026-09-20 01:06:12] [Info] [hammerspace.main] [ACT] custom submesh 'custom0': bone 1 GeoId -> 2 at ACT+0x50 (section-relative; stable across hammerspace relocation)
[2026-09-20 01:06:12] [Info] [hammerspace.main] [CloneACT] 832 bytes from block+0x360
[2026-09-20 01:06:12] [Info] [hammerspace.main] [CloneTEX] 160 bytes from block+0x6A0
[2026-09-20 01:06:12] [Info] [hammerspace.main] [CloneSKN] 384 bytes from block+0x740
[2026-09-20 01:06:12] [Info] [hammerspace.main] [CloneTrailing] No ptr6/ptr7/ptr8 sections
[2026-09-20 01:06:12] [Info] [hammerspace.main] [CloneHEADER] 0x20 bytes from offset 0x00002000
[2026-09-20 01:06:12] [Info] [hammerspace.main] [CloneGPL] 832 bytes from block+0x20
[2026-09-20 01:06:12] [Info] [hammerspace.main] [GPL] appended custom submesh 'custom0' as submesh 2 (host bone 1, template derived:sm0_ds5)
[2026-09-20 01:06:12] [Info] [hammerspace.main] [CloneACT] 832 bytes from block+0x360
[2026-09-20 01:06:12] [Info] [hammerspace.main] [ACT] custom submesh 'custom0': bone 1 GeoId -> 2 at ACT+0x50 (section-relative; stable across hammerspace relocation)
[2026-09-20 01:06:12] [Info] [hammerspace.main] [CloneACT] 832 bytes from block+0x360
[2026-09-20 01:06:12] [Info] [hammerspace.main] [CloneTEX] 160 bytes from block+0x6A0
[2026-09-20 01:06:12] [Info] [hammerspace.main] [CloneSKN] 384 bytes from block+0x740
[2026-09-20 01:06:12] [Info] [hammerspace.main] [CloneTrailing] No ptr6/ptr7/ptr8 sections
[2026-09-20 01:06:12] [Info] [hammerspace.main] [CloneHEADER] 0x20 bytes from offset 0x00002000
[2026-09-20 01:06:12] [Info] [hammerspace.main] [CloneGPL] 832 bytes from block+0x20
[2026-09-20 01:06:12] [Info] [hammerspace.main] [GPL] appended custom submesh 'custom0' as submesh 2 (host bone 1, template builtin:rigid_spec_v1)
[2026-09-20 01:06:12] [Info] [hammerspace.main] [CloneACT] 832 bytes from block+0x360
[2026-09-20 01:06:12] [Info] [hammerspace.main] [ACT] custom submesh 'custom0': bone 1 GeoId -> 2 at ACT+0x50 (section-relative; stable across hammerspace relocation)
[2026-09-20 01:06:12] [Info] [hammerspace.main] [CloneACT] 832 bytes from block+0x360
[2026-09-20 01:06:12] [Info] [hammerspace.main] [CloneTEX] 160 bytes from block+0x6A0
[2026-09-20 01:06:12] [Info] [hammerspace.main] [CloneSKN] 384 bytes from block+0x740
[2026-09-20 01:06:12] [Info] [hammerspace.main] [CloneTrailing] No ptr6/ptr7/ptr8 sections
[2026-09-20 01:06:12] [Info] [hammerspace.main] [CloneHEADER] 0x20 bytes from offset 0x00002000
[2026-09-20 01:06:13] [Info] [dispatcher] Resolved PNG '0.png' → model.sluggie texture 0
[2026-09-20 01:06:13] [Info] [dispatcher] Resolved PNG '0.png' → model.sluggie texture 0
[2026-09-20 01:06:13] [Info] [dispatcher] Found: C:\Users\gerno\AppData\Local\Temp\tmpmnsuxupq\model.sluggie
[2026-09-20 01:06:13] [Info] [dispatcher] Resolved PNG '0.png' → model.sluggie texture 0
[2026-09-20 01:06:13] [Info] [dispatcher] Found: C:\Users\gerno\AppData\Local\Temp\tmp5kizlrig\model.sluggie
[2026-09-20 01:06:13] [Warning] [act] bone 0 is not relative
[2026-09-20 01:06:13] [Warning] [act] bone 0 is not relative
[2026-09-20 01:06:13] [Warning] [act] bone 0 is not relative
[2026-09-20 01:06:14] [Info] [hammerspace.helper] [1] Current DOL entry: chunk=0, file_index=0, offset=0x00000008 (8), length=0x00000008 (8 bytes)
[2026-09-20 01:06:14] [Info] [hammerspace.helper] [2] Original DOL entry: offset=0x00000008 (8), length=0x00000008 (8 bytes)
[2026-09-20 01:06:14] [Info] [hammerspace.helper] DOL entry was already restored; original model bytes were repaired and verified.
[2026-09-20 01:06:14] [Info] [hammerspace.helper] [1] Current DOL entry: chunk=0, file_index=0, offset=0x00000040 (64), length=0x00000008 (8 bytes)
[2026-09-20 01:06:14] [Info] [hammerspace.helper] [2] Original DOL entry: offset=0x00000008 (8), length=0x00000008 (8 bytes)
[2026-09-20 01:06:14] [Info] [hammerspace.helper] [3] Restored and verified 8 original model bytes at 0x00000008.
[2026-09-20 01:06:14] [Info] [hammerspace.helper] [4] Restoring original DOL entry ...
[2026-09-20 01:06:14] [Info] [hammerspace.helper] [5] Zeroing 8 bytes at 0x00000040 in OUTPUT dt_na.dat ...
[2026-09-20 01:06:14] [Info] [hammerspace.helper]     Zeroed 8 bytes.
[2026-09-20 01:06:14] [Info] [hammerspace.helper] Done. chunk=0, file_index=0 removed from hammerspace.
[2026-09-20 01:06:14] [Info] [hammerspace.main] [ACT] bone 5 GeoId -> 65535 at ACT+0x20 (GeoIdEdited retarget; section-relative, stable across hammerspace relocation)
[2026-09-20 01:06:14] [Info] [hammerspace.main] [ACT] custom submesh 'custom0': bone 5 GeoId -> 2 at ACT+0x20 (section-relative; stable across hammerspace relocation)
[2026-09-20 01:06:14] [Info] [hammerspace.main] [ACT] bone 6 GeoId -> 1 at ACT+0x28 (GeoIdEdited retarget; section-relative, stable across hammerspace relocation)
[2026-09-20 01:06:14] [Info] [hammerspace.main] [ACT] bone 5 GeoId -> 65535 at ACT+0x20 (GeoIdEdited retarget; section-relative, stable across hammerspace relocation)
[2026-09-20 01:06:14] [Info] [hammerspace.main] [ACT] custom submesh 'custom0': bone 5 GeoId -> 1 at ACT+0x20 (section-relative; stable across hammerspace relocation)
[2026-09-20 01:06:14] [Info] [hammerspace.main] [ACT] custom submesh 'custom1': bone 6 GeoId -> 2 at ACT+0x28 (section-relative; stable across hammerspace relocation)
[2026-09-20 01:06:14] [Info] [hammerspace.main] [ACT] custom submesh 'custom0': bone 5 GeoId -> 2 at ACT+0x20 (section-relative; stable across hammerspace relocation)
[2026-09-20 01:06:14] [Error] [hammerspace.main] Bone 1: SRTOffset 0x103F is before the ACT section start (0x1040); the .sluggie's SRTOffset metadata does not match this model's ACT section layout. Re-export the model with the latest SluggiesTools export.py, then export from Blender again.
[2026-09-20 01:06:14] [Info] [hammerspace.main] [ACT] root-bone SRT scale: bone 1 wrote 400000003fc000003f800000 at ACT+0x54 (section-relative; stable across hammerspace relocation)
[2026-09-20 01:06:14] [Info] [hammerspace.main] [Container] DOL entry is an archive: 3 slots, 3 populated; rebuilding slot 1 at +0x60 and carrying the other 2 member(s) along
[2026-09-20 01:06:14] [Info] [hammerspace.main] [Container] archive slot 1 64 -> 192 bytes; 1 later slot(s) shifted by +128; archive 256 -> 384 bytes
[2026-09-20 01:06:14] [Info] [hammerspace.main] [Container] preserving 32-byte DOL entry prefix; inner model starts at +0x20
[2026-09-20 01:06:14] [Info] [hammerspace.main] [Container] DOL entry is an archive: 3 slots, 3 populated; rebuilding slot 1 at +0x60 and carrying the other 2 member(s) along
[2026-09-20 01:06:14] [Info] [hammerspace.main] [Container] archive slot 1 64 -> 192 bytes; 1 later slot(s) shifted by +128; archive 256 -> 384 bytes
[2026-09-20 01:06:14] [Info] [hammerspace.main] [Container] DOL entry is an archive: 3 slots, 3 populated; rebuilding slot 1 at +0x60 and carrying the other 2 member(s) along
[2026-09-20 01:06:14] [Info] [hammerspace.main] [Container] archive slot 1 64 -> 192 bytes; 1 later slot(s) shifted by +128; archive 256 -> 384 bytes
[2026-09-20 01:06:14] [Info] [hammerspace.main] [CloneGPL] 4 bytes from block+0x20
[2026-09-20 01:06:14] [Info] [hammerspace.main] [HDR] +0x18 patched: 0x00000180 → 0x00000100
[2026-09-20 01:06:14] [Info] [hammerspace.main] [HDR] +0x14 patched: 0x00000100 → 0x000000A0
[2026-09-20 01:06:14] [Info] [hammerspace.main] [HDR] +0x18 patched: 0x00000140 → 0x000000E0
[2026-09-20 01:06:14] [Info] [hammerspace.main] [HDR] +0x1C patched: 0x00000180 → 0x00000120
[2026-09-20 01:06:14] [Info] [hammerspace.main] [GPL] patched material state sub0 ds0 at GPL+0x10
[2026-09-20 01:06:14] [Info] [hammerspace.main] [GPL] patched material state sub0 ds1 at GPL+0x20
[2026-09-20 01:06:14] [Info] [hammerspace.main] [GPL] patched position array sub0 at GPL+0x10 (6 bytes)
[2026-09-20 01:06:14] [Info] [hammerspace.main] Model already in hammerspace at 0x00003000; keeping the old route live until replacement commits
[2026-09-20 01:06:14] [Info] [hammerspace.main] Hammerspace Log: Replaced | Model: fixture.sluggie | Old address: 0x00003000 | Old size: 0.00 MB
[2026-09-20 01:06:14] [Info] [hammerspace.main] Hammerspace Log: Written | Model: fixture.sluggie | Chunk: 18 | File: 0 | Address: 0x00004000 | Size: 0.00 MB | Modes: {'GPL': 'clone', 'ACT': 'clone', 'TEX': 'clone', 'SKN': 'clone', 'trailing': 'clone'}
[2026-09-20 01:06:14] [Info] [hammerspace.main] Model already in hammerspace at 0x00003000; keeping the old route live until replacement commits
[2026-09-20 01:06:14] [Info] [hammerspace.main] Model already in hammerspace at 0x00003000; keeping the old route live until replacement commits
[2026-09-20 01:06:14] [Info] [hammerspace.main] Hammerspace Log: Replaced | Model: fixture.sluggie | Old address: 0x00003000 | Old size: 0.00 MB
[2026-09-20 01:06:14] [Info] [hammerspace.main] Hammerspace Log: Written | Model: fixture.sluggie | Chunk: 18 | File: 0 | Address: 0x00004000 | Size: 0.00 MB | Modes: {'GPL': 'clone', 'ACT': 'clone', 'TEX': 'clone', 'SKN': 'clone', 'trailing': 'clone'}
[2026-09-20 01:06:14] [Info] [hammerspace.main] Model already in hammerspace at 0x00003000; keeping the old route live until replacement commits
[2026-09-20 01:06:14] [Info] [hammerspace.main] [GPL] appended UV array sub0 uv0 at GPL+0x80 (8 bytes)
[2026-09-20 01:06:14] [Info] [hammerspace.main] [GPL] appended primitive list sub0 ds0 (32 bytes)
[2026-09-20 01:06:14] [Info] [hammerspace.main] [GPL] patched UV array sub0 uv0 at GPL+0x14 (4 bytes)
[2026-09-20 01:06:14] [Info] [hammerspace.main] Hammerspace Log: Written | Model: fixture.sluggie | Chunk: 18 | File: 0 | Address: 0x00001020 | Size: 0.00 MB | Modes: {'GPL': 'clone', 'ACT': 'clone', 'TEX': 'clone', 'SKN': 'clone', 'trailing': 'clone'}
[2026-09-20 01:06:14] [Info] [hammerspace.main] Hammerspace Log: Written | Model: fixture.sluggie | Chunk: 18 | File: 0 | Address: 0x00002000 | Size: 0.00 MB | Modes: {'GPL': 'clone', 'ACT': 'clone', 'TEX': 'clone', 'SKN': 'clone', 'trailing': 'clone'}
[2026-09-20 01:06:14] [Warning] [hammerspace.main] [SKN] SK1/SK2 destinations are not cache-line exclusive; source arrays packed sequentially instead of mirroring the position buffer (donor layout rule) — facial poses on skinned vertices may break in-game
[2026-09-20 01:06:14] [Info] [hammerspace.main] [BuildTEX] built 5 texture(s), 5 image payload(s), 0 palette payload(s); section size 832 bytes
[2026-09-20 01:06:14] [Info] [hammerspace.main] [BuildTEX] built 2 texture(s), 2 image payload(s), 0 palette payload(s); section size 160 bytes
[2026-09-20 01:06:14] [Info] [hammerspace.main] [BuildTEX] No textures; returning empty TEX section
[2026-09-20 01:06:14] [Info] [hammerspace.main] [BuildTEX] built 2 texture(s), 2 image payload(s), 0 palette payload(s); section size 160 bytes
[2026-09-20 01:06:14] [Info] [hammerspace.main] [BuildTEX] built 2 texture(s), 2 image payload(s), 2 palette payload(s); section size 256 bytes
[2026-09-20 01:06:14] [Info] [hammerspace.main] [BuildTEX] built 1 texture(s), 1 image payload(s), 0 palette payload(s); section size 96 bytes
[2026-09-20 01:06:14] [Info] [hammerspace.main] [CloneGPL] 832 bytes from block+0x20
[2026-09-20 01:06:14] [Info] [hammerspace.main] [GPL] appended custom submesh 'custom0' as submesh 2 (host bone 1, template builtin:rigid_spec_v1)
[2026-09-20 01:06:14] [Info] [hammerspace.main] [CloneACT] 832 bytes from block+0x360
[2026-09-20 01:06:14] [Info] [hammerspace.main] [ACT] custom submesh 'custom0': bone 1 GeoId -> 2 at ACT+0x50 (section-relative; stable across hammerspace relocation)
[2026-09-20 01:06:14] [Info] [hammerspace.main] [CloneACT] 832 bytes from block+0x360
[2026-09-20 01:06:14] [Info] [hammerspace.main] [CloneTEX] 160 bytes from block+0x6A0
[2026-09-20 01:06:14] [Info] [hammerspace.main] [CloneSKN] 384 bytes from block+0x740
[2026-09-20 01:06:14] [Info] [hammerspace.main] [CloneTrailing] No ptr6/ptr7/ptr8 sections
[2026-09-20 01:06:14] [Info] [hammerspace.main] [CloneHEADER] 0x20 bytes from offset 0x00002000
[2026-09-20 01:06:14] [Info] [hammerspace.main] [CloneGPL] 832 bytes from block+0x20
[2026-09-20 01:06:14] [Info] [hammerspace.main] [GPL] appended custom submesh 'custom0' as submesh 2 (host bone 3, template derived:sm0_ds5)
[2026-09-20 01:06:14] [Info] [hammerspace.main] [CloneACT] 832 bytes from block+0x360
[2026-09-20 01:06:14] [Info] [hammerspace.main] [ACT] custom submesh 'custom0': bone 3 GeoId -> 2 at ACT+0x88 (section-relative; stable across hammerspace relocation)
[2026-09-20 01:06:14] [Info] [hammerspace.main] [CloneACT] 832 bytes from block+0x360
[2026-09-20 01:06:14] [Info] [hammerspace.main] [CloneTEX] 160 bytes from block+0x6A0
[2026-09-20 01:06:14] [Info] [hammerspace.main] [CloneSKN] 384 bytes from block+0x740
[2026-09-20 01:06:14] [Info] [hammerspace.main] [CloneTrailing] No ptr6/ptr7/ptr8 sections
[2026-09-20 01:06:14] [Info] [hammerspace.main] [CloneHEADER] 0x20 bytes from offset 0x00002000
[2026-09-20 01:06:14] [Info] [hammerspace.main] [CloneGPL] 832 bytes from block+0x20
[2026-09-20 01:06:14] [Info] [hammerspace.main] [CloneGPL] 832 bytes from block+0x20
[2026-09-20 01:06:14] [Info] [hammerspace.main] [GPL] appended custom submesh 'custom0' as submesh 2 (host bone 1, template builtin:rigid_spec_v1)
[2026-09-20 01:06:14] [Info] [hammerspace.main] [CloneACT] 832 bytes from block+0x360
[2026-09-20 01:06:14] [Info] [hammerspace.main] [ACT] custom submesh 'custom0': bone 1 GeoId -> 2 at ACT+0x50 (section-relative; stable across hammerspace relocation)
[2026-09-20 01:06:14] [Info] [hammerspace.main] [CloneACT] 832 bytes from block+0x360
[2026-09-20 01:06:14] [Info] [hammerspace.main] [CloneTEX] 160 bytes from block+0x6A0
[2026-09-20 01:06:14] [Info] [hammerspace.main] [CloneSKN] 384 bytes from block+0x740
[2026-09-20 01:06:14] [Info] [hammerspace.main] [CloneTrailing] No ptr6/ptr7/ptr8 sections
[2026-09-20 01:06:14] [Info] [hammerspace.main] [CloneHEADER] 0x20 bytes from offset 0x00002000
[2026-09-20 01:06:14] [Info] [hammerspace.main] [CloneGPL] 832 bytes from block+0x20
[2026-09-20 01:06:14] [Info] [hammerspace.main] [GPL] appended custom submesh 'custom0' as submesh 2 (host bone 2, template rigid:sm1_ds5)
[2026-09-20 01:06:14] [Info] [hammerspace.main] [CloneACT] 832 bytes from block+0x360
[2026-09-20 01:06:14] [Info] [hammerspace.main] [ACT] custom submesh 'custom0': bone 2 GeoId -> 2 at ACT+0x6C (section-relative; stable across hammerspace relocation)
[2026-09-20 01:06:14] [Info] [hammerspace.main] [CloneACT] 832 bytes from block+0x360
[2026-09-20 01:06:14] [Info] [hammerspace.main] [CloneTEX] 160 bytes from block+0x6A0
[2026-09-20 01:06:14] [Info] [hammerspace.main] [CloneSKN] 384 bytes from block+0x740
[2026-09-20 01:06:14] [Info] [hammerspace.main] [CloneTrailing] No ptr6/ptr7/ptr8 sections
[2026-09-20 01:06:14] [Info] [hammerspace.main] [CloneHEADER] 0x20 bytes from offset 0x00002000
[2026-09-20 01:06:14] [Info] [hammerspace.main] [GPL] appended custom submesh 'custom0' as submesh 1 (host bone 5, template builtin:rigid_spec_v1)
[2026-09-20 01:06:14] [Info] [geometry.rebuild] [M3.3] sub0: normal buffer compacted to 5 unique normals
[2026-09-20 01:06:14] [Info] [geometry.rebuild] [M3.2] sub0: rebuilt draw states [1]; descriptor upgrades []; triangulated 0 irreducible GX blocks
[2026-09-20 01:06:14] [Info] [geometry.rebuild] [M3.2] sub0 uv0: 6 expanded coords -> 5 compact; indices rebuilt
[2026-09-20 01:06:14] [Info] [geometry.rebuild] [M3.3] sub0: normal buffer compacted to 5 unique normals
[2026-09-20 01:06:14] [Info] [geometry.rebuild] [M3.2] sub0: rebuilt draw states [1]; descriptor upgrades []; triangulated 0 irreducible GX blocks
[2026-09-20 01:06:14] [Info] [geometry.rebuild] [M3.3] sub0: normal buffer compacted to 4 unique normals
[2026-09-20 01:13:45] [Info] [hammerspace.main] [CloneACT] 832 bytes from block+0x360
[2026-09-20 01:13:45] [Info] [hammerspace.main] [ACT] bone 2 GeoId -> 2 at ACT+0x6C (GeoIdEdited retarget; section-relative, stable across hammerspace relocation)
[2026-09-20 01:13:45] [Info] [hammerspace.main] [ACT] bone 4 GeoId -> 3 at ACT+0xA4 (GeoIdEdited retarget; section-relative, stable across hammerspace relocation)
[2026-09-20 01:13:45] [Info] [hammerspace.main] [CloneACT] 832 bytes from block+0x360
[2026-09-20 01:13:45] [Info] [hammerspace.main] [CloneTEX] 160 bytes from block+0x6A0
[2026-09-20 01:13:45] [Info] [hammerspace.main] [CloneSKN] 384 bytes from block+0x740
[2026-09-20 01:13:45] [Info] [hammerspace.main] [CloneTrailing] No ptr6/ptr7/ptr8 sections
[2026-09-20 01:13:45] [Info] [hammerspace.main] [CloneHEADER] 0x20 bytes from offset 0x00002000
[2026-09-20 01:13:45] [Info] [build_add_submesh_fixture] [ACT] bone 2 GeoId already reads submesh 2 at ACT+0x6C (applied by BuildModelBlock via GeoIdEdited)
[2026-09-20 01:13:45] [Info] [build_add_submesh_fixture] [ACT] bone 4 GeoId already reads submesh 3 at ACT+0xA4 (applied by BuildModelBlock via GeoIdEdited)
[2026-09-20 01:13:45] [Info] [hammerspace.main] [CloneACT] 832 bytes from block+0x360
[2026-09-20 01:13:45] [Info] [hammerspace.main] [ACT] bone 2 GeoId -> 2 at ACT+0x6C (GeoIdEdited retarget; section-relative, stable across hammerspace relocation)
[2026-09-20 01:13:45] [Info] [hammerspace.main] [CloneACT] 832 bytes from block+0x360
[2026-09-20 01:13:45] [Info] [hammerspace.main] [CloneTEX] 160 bytes from block+0x6A0
[2026-09-20 01:13:45] [Info] [hammerspace.main] [CloneSKN] 384 bytes from block+0x740
[2026-09-20 01:13:45] [Info] [hammerspace.main] [CloneTrailing] No ptr6/ptr7/ptr8 sections
[2026-09-20 01:13:45] [Info] [hammerspace.main] [CloneHEADER] 0x20 bytes from offset 0x00002000
[2026-09-20 01:13:45] [Info] [build_add_submesh_fixture] [ACT] bone 2 GeoId already reads submesh 2 at ACT+0x6C (applied by BuildModelBlock via GeoIdEdited)
[2026-09-20 01:13:45] [Info] [hammerspace.main] [CloneACT] 832 bytes from block+0x360
[2026-09-20 01:13:45] [Info] [hammerspace.main] [ACT] bone 2 GeoId -> 2 at ACT+0x6C (GeoIdEdited retarget; section-relative, stable across hammerspace relocation)
[2026-09-20 01:13:45] [Info] [hammerspace.main] [ACT] bone 4 GeoId -> 3 at ACT+0xA4 (GeoIdEdited retarget; section-relative, stable across hammerspace relocation)
[2026-09-20 01:13:45] [Info] [hammerspace.main] [ACT] bone 7 GeoId -> 4 at ACT+0xF8 (GeoIdEdited retarget; section-relative, stable across hammerspace relocation)
[2026-09-20 01:13:45] [Info] [hammerspace.main] [CloneACT] 832 bytes from block+0x360
[2026-09-20 01:13:45] [Info] [hammerspace.main] [CloneTEX] 160 bytes from block+0x6A0
[2026-09-20 01:13:45] [Info] [hammerspace.main] [CloneSKN] 384 bytes from block+0x740
[2026-09-20 01:13:45] [Info] [hammerspace.main] [CloneTrailing] No ptr6/ptr7/ptr8 sections
[2026-09-20 01:13:45] [Info] [hammerspace.main] [CloneHEADER] 0x20 bytes from offset 0x00002000
[2026-09-20 01:13:45] [Info] [build_add_submesh_fixture] [ACT] bone 2 GeoId already reads submesh 2 at ACT+0x6C (applied by BuildModelBlock via GeoIdEdited)
[2026-09-20 01:13:45] [Info] [build_add_submesh_fixture] [ACT] bone 4 GeoId already reads submesh 3 at ACT+0xA4 (applied by BuildModelBlock via GeoIdEdited)
[2026-09-20 01:13:45] [Info] [build_add_submesh_fixture] [ACT] bone 7 GeoId already reads submesh 4 at ACT+0xF8 (applied by BuildModelBlock via GeoIdEdited)
[2026-09-20 01:13:59] [Info] [hammerspace.main] [CloneACT] 832 bytes from block+0x360
[2026-09-20 01:13:59] [Info] [hammerspace.main] [ACT] bone 2 GeoId -> 2 at ACT+0x6C (GeoIdEdited retarget; section-relative, stable across hammerspace relocation)
[2026-09-20 01:13:59] [Info] [hammerspace.main] [ACT] bone 4 GeoId -> 3 at ACT+0xA4 (GeoIdEdited retarget; section-relative, stable across hammerspace relocation)
[2026-09-20 01:13:59] [Info] [hammerspace.main] [CloneACT] 832 bytes from block+0x360
[2026-09-20 01:13:59] [Info] [hammerspace.main] [CloneTEX] 160 bytes from block+0x6A0
[2026-09-20 01:13:59] [Info] [hammerspace.main] [CloneSKN] 384 bytes from block+0x740
[2026-09-20 01:13:59] [Info] [hammerspace.main] [CloneTrailing] No ptr6/ptr7/ptr8 sections
[2026-09-20 01:13:59] [Info] [hammerspace.main] [CloneHEADER] 0x20 bytes from offset 0x00002000
[2026-09-20 01:13:59] [Info] [build_add_submesh_fixture] [ACT] bone 2 GeoId already reads submesh 2 at ACT+0x6C (applied by BuildModelBlock via GeoIdEdited)
[2026-09-20 01:13:59] [Info] [build_add_submesh_fixture] [ACT] bone 4 GeoId already reads submesh 3 at ACT+0xA4 (applied by BuildModelBlock via GeoIdEdited)
[2026-09-20 01:13:59] [Info] [hammerspace.main] [CloneACT] 832 bytes from block+0x360
[2026-09-20 01:13:59] [Info] [hammerspace.main] [ACT] bone 2 GeoId -> 2 at ACT+0x6C (GeoIdEdited retarget; section-relative, stable across hammerspace relocation)
[2026-09-20 01:13:59] [Info] [hammerspace.main] [CloneACT] 832 bytes from block+0x360
[2026-09-20 01:13:59] [Info] [hammerspace.main] [CloneTEX] 160 bytes from block+0x6A0
[2026-09-20 01:13:59] [Info] [hammerspace.main] [CloneSKN] 384 bytes from block+0x740
[2026-09-20 01:13:59] [Info] [hammerspace.main] [CloneTrailing] No ptr6/ptr7/ptr8 sections
[2026-09-20 01:13:59] [Info] [hammerspace.main] [CloneHEADER] 0x20 bytes from offset 0x00002000
[2026-09-20 01:13:59] [Info] [build_add_submesh_fixture] [ACT] bone 2 GeoId already reads submesh 2 at ACT+0x6C (applied by BuildModelBlock via GeoIdEdited)
[2026-09-20 01:13:59] [Info] [hammerspace.main] [CloneACT] 832 bytes from block+0x360
[2026-09-20 01:13:59] [Info] [hammerspace.main] [ACT] bone 2 GeoId -> 2 at ACT+0x6C (GeoIdEdited retarget; section-relative, stable across hammerspace relocation)
[2026-09-20 01:13:59] [Info] [hammerspace.main] [ACT] bone 4 GeoId -> 3 at ACT+0xA4 (GeoIdEdited retarget; section-relative, stable across hammerspace relocation)
[2026-09-20 01:13:59] [Info] [hammerspace.main] [ACT] bone 7 GeoId -> 4 at ACT+0xF8 (GeoIdEdited retarget; section-relative, stable across hammerspace relocation)
[2026-09-20 01:13:59] [Info] [hammerspace.main] [CloneACT] 832 bytes from block+0x360
[2026-09-20 01:13:59] [Info] [hammerspace.main] [CloneTEX] 160 bytes from block+0x6A0
[2026-09-20 01:13:59] [Info] [hammerspace.main] [CloneSKN] 384 bytes from block+0x740
[2026-09-20 01:13:59] [Info] [hammerspace.main] [CloneTrailing] No ptr6/ptr7/ptr8 sections
[2026-09-20 01:13:59] [Info] [hammerspace.main] [CloneHEADER] 0x20 bytes from offset 0x00002000
[2026-09-20 01:13:59] [Info] [build_add_submesh_fixture] [ACT] bone 2 GeoId already reads submesh 2 at ACT+0x6C (applied by BuildModelBlock via GeoIdEdited)
[2026-09-20 01:13:59] [Info] [build_add_submesh_fixture] [ACT] bone 4 GeoId already reads submesh 3 at ACT+0xA4 (applied by BuildModelBlock via GeoIdEdited)
[2026-09-20 01:13:59] [Info] [build_add_submesh_fixture] [ACT] bone 7 GeoId already reads submesh 4 at ACT+0xF8 (applied by BuildModelBlock via GeoIdEdited)
[2026-09-20 01:14:28] [Info] [dispatcher] Command (StartTools.bat): start.py --patch 649999360_sta08_boss_gesso.gpl.sluggie
[2026-09-20 01:14:28] [Info] [dispatcher] Batch menu selection: 5 - Patch model(s)
[2026-09-20 01:14:28] [Info] [dispatcher] Batch model file input: '649999360_sta08_boss_gesso.gpl.sluggie'
[2026-09-20 01:14:28] [Info] [dispatcher] Found: E:\Sluggies\Sluggies-dat-tools\2_Output_Models\136 Scoreboards Items and Obstacles\649999296\649999360_sta08_boss_gesso.gpl\649999360_sta08_boss_gesso.gpl.sluggie
[2026-09-20 01:14:28] [Info] [hammerspace.main] [Container] DOL entry is an archive: 13 slots, 10 populated; rebuilding slot 3 at +0x40 and carrying the other 9 member(s) along
[2026-09-20 01:14:28] [Info] [texture_helper] texture 3 (MarinaLight.png): PNG dimensions 1024x1024 differ from descriptor 256x256; using 1024x1024 for encoding
[2026-09-20 01:14:28] [Info] [hammerspace.main] [CloneGPL] 14,048 bytes from block+0x20
[2026-09-20 01:14:28] [Info] [hammerspace.main] [GPL] patched position array sub0 at GPL+0x40 (3,276 bytes)
[2026-09-20 01:14:28] [Info] [hammerspace.main] [GPL] appended custom submesh 'custom0' as submesh 1 (host bone 1, template derived:sm0_ds5)
[2026-09-20 01:14:28] [Info] [hammerspace.main] [CloneACT] 992 bytes from block+0x3700
[2026-09-20 01:14:28] [Info] [hammerspace.main] [ACT] custom submesh 'custom0': bone 1 GeoId -> 1 at ACT+0x50 (section-relative; stable across hammerspace relocation)
[2026-09-20 01:14:28] [Info] [hammerspace.main] [CloneACT] 992 bytes from block+0x3700
[2026-09-20 01:14:28] [Info] [hammerspace.main] [BuildTEX] built 4 texture(s), 4 image payload(s), 0 palette payload(s); section size 575,648 bytes
[2026-09-20 01:14:28] [Info] [hammerspace.main] [CloneHEADER] 0x20 bytes from offset 0x26BE3400
[2026-09-20 01:14:28] [Info] [hammerspace.main] [HDR] +0x14 patched: 0x00011400 → 0x000E5BE0
[2026-09-20 01:14:28] [Info] [hammerspace.main] [Container] archive slot 3 72,480 -> 942,848 bytes; 9 later slot(s) shifted by +870,368; archive 688,736 -> 1,559,104 bytes
[2026-09-20 01:14:28] [Info] [hammerspace.main] Build validation report:
    {
      "valid": true,
      "errors": [],
      "warnings": [],
      "section_modes": {
        "GPL": "build",
        "ACT": "clone",
        "TEX": "build",
        "SKN": "build",
        "trailing": "clone"
      },
      "section_sizes": {
        "GPL": 360096,
        "ACT": 992,
        "TEX": 575648,
        "SKN": 4256,
        "trailing": 1824
      },
      "section_pointers": {
        "GPL": 32,
        "ACT": 360128,
        "TEX": 361120,
        "SKN": 936768
      },
      "assembled_size": 1559104,
      "original_size": 688736,
      "size_delta": 870368,
      "validator_facts": {
        "section_pointers": {
          "GPL": 32,
          "ACT": 360128,
          "TEX": 361120,
          "SKN": 936768,
          "ptr6": 941024,
          "ptr7": 0,
          "ptr8": 0
        },
        "section_ranges": {
          "GPL": {
            "start": 32,
            "end": 360128
          },
          "ACT": {
            "start": 360128,
            "end": 361120
          },
          "TEX": {
            "start": 361120,
            "end": 936768
          },
          "SKN": {
            "start": 936768,
            "end": 941024
          },
          "ptr6": {
            "start": 941024,
            "end": 942848
          }
        },
        "section_sizes": {
          "GPL": 360096,
          "ACT": 992,
          "TEX": 575648,
          "SKN": 4256,
          "ptr6": 1824
        },
        "alignment": {
          "checked": 26,
          "failed": 0
        },
        "gpl_texture_references": [
          {
            "submesh": 0,
            "display_state": 0,
            "texture_index": 0
          },
          {
            "submesh": 0,
            "display_state": 1,
            "texture_index": 1
          },
          {
            "submesh": 0,
            "display_state": 6,
            "texture_index": 2
          },
          {
            "submesh": 1,
            "display_state": 0,
            "texture_index": 3
          },
          {
            "submesh": 1,
            "display_state": 1,
            "texture_index": 1
          }
        ],
        "primitive_lists_validated": 53,
        "gpl_submesh_layout": [
          {
            "position_count": 273,
            "position_comp_count": 6,
            "position_quantize_info": 56,
            "normal_count": 273,
            "normal_comp_count": 6,
            "normal_quantize_info": 56
          },
          {
            "position_count": 4824,
            "position_comp_count": 3,
            "position_quantize_info": 58,
            "normal_count": 4739,
            "normal_comp_count": 3,
            "normal_quantize_info": 62
          }
        ],
        "tex_texture_count": 4,
        "tex_clut_count": 0,
        "act_bone_count": 12,
        "act_geo_id_owners": {
          "1": [
            1
          ]
        },
        "act_shared_geo_ids": [],
        "skinned_position_offsets": [
          128
        ],
        "primitive_offsets": [
          6720,
          12896,
          112256
        ],
        "scratch_write_ends": [
          1176,
          2196,
          2784,
          2844,
          2916,
          3276,
          2880
        ],
        "skn_stride": 12
      },
      "root_scale_applied": false,
      "archive_file_count": 13,
      "archive_populated_slots": 10,
      "archive_member_slot": 3,
      "archive_member_offset": 64,
      "archive_member_original_size": 72480,
      "archive_member_new_size": 942848,
      "archive_member_padding": 0,
      "archive_slots_shifted": 9,
      "archive_suffix_size": 616192,
      "archive_original_size": 688736,
      "archive_new_size": 1559104,
      "archive_size_delta": 870368,
      "container_prefix_size": 64,
      "inner_assembled_size": 942848,
      "inner_original_size": 72480
    }
[2026-09-20 01:14:28] [Info] [hammerspace.helper] Expanding OUTPUT dt_na.dat by 1,559,232 bytes (current: 738,753,376 → target: 740,312,608) ...
[2026-09-20 01:14:28] [Info] [hammerspace.helper] Expansion complete. New size: 740,312,608 bytes
[2026-09-20 01:14:29] [Info] [hammerspace.helper] Patched DOL entry: chunk=136, file_index=18, offset=0x2C087AE0, length=0x17CA40
[2026-09-20 01:14:29] [Info] [hammerspace.helper] Patched DOL entry: chunk=131, file_index=138, offset=0x2C087AE0, length=0x17CA40
[2026-09-20 01:14:29] [Info] [hammerspace.helper] Patched DOL entry: chunk=132, file_index=131, offset=0x2C087AE0, length=0x17CA40
[2026-09-20 01:14:29] [Info] [hammerspace.helper] Patched DOL entry: chunk=133, file_index=30, offset=0x2C087AE0, length=0x17CA40
[2026-09-20 01:14:29] [Info] [hammerspace.helper] Patched DOL entry: chunk=134, file_index=21, offset=0x2C087AE0, length=0x17CA40
[2026-09-20 01:14:29] [Info] [hammerspace.helper] Patched DOL entry: chunk=135, file_index=19, offset=0x2C087AE0, length=0x17CA40
[2026-09-20 01:14:29] [Info] [hammerspace.helper] Patched FST: dt_na.dat size 0x2C087B60 -> 0x2C204620 (740,312,608 bytes)
[2026-09-20 01:14:29] [Info] [hammerspace.helper] Zeroing original model data: 0x26BE33C0, 688,736 bytes ...
[2026-09-20 01:14:29] [Info] [hammerspace.helper]     Zeroed 688,736 bytes at original location.
[2026-09-20 01:14:29] [Info] [hammerspace.helper] [Debug] Original block    → E:\Sluggies\Sluggies-dat-tools\3_Output_Dat\SluggDebugg\649999360_sta08_boss_gesso.gpl.sluggie_Original.SluggDebugg
[2026-09-20 01:14:29] [Info] [hammerspace.helper] [Debug] Hammerspace block → E:\Sluggies\Sluggies-dat-tools\3_Output_Dat\SluggDebugg\649999360_sta08_boss_gesso.gpl.sluggie_Hammerspace.SluggDebugg
[2026-09-20 01:14:29] [Info] [hammerspace.main] Hammerspace Log: Written | Model: 649999360_sta08_boss_gesso.gpl.sluggie | Chunk: 136 | File: 18 | Address: 0x2C087AE0 | Size: 1.49 MB | Modes: {'GPL': 'build', 'ACT': 'clone', 'TEX': 'build', 'SKN': 'build', 'trailing': 'clone'}
[2026-09-20 01:14:29] [Info] [dispatcher] Command completed
[2026-09-20 01:14:30] [Info] [hammerspace.main] [CloneACT] 832 bytes from block+0x360
[2026-09-20 01:14:30] [Info] [hammerspace.main] [ACT] bone 1 GeoId -> 2 at ACT+0x50 (GeoIdEdited retarget; section-relative, stable across hammerspace relocation)
[2026-09-20 01:14:30] [Info] [hammerspace.main] [CloneACT] 832 bytes from block+0x360
[2026-09-20 01:14:30] [Info] [hammerspace.main] [CloneTEX] 160 bytes from block+0x6A0
[2026-09-20 01:14:30] [Info] [hammerspace.main] [CloneSKN] 384 bytes from block+0x740
[2026-09-20 01:14:30] [Info] [hammerspace.main] [CloneTrailing] No ptr6/ptr7/ptr8 sections
[2026-09-20 01:14:30] [Info] [hammerspace.main] [CloneHEADER] 0x20 bytes from offset 0x00002000
[2026-09-20 01:14:30] [Info] [build_add_submesh_fixture] [ACT] bone 1 GeoId already reads submesh 2 at ACT+0x50 (applied by BuildModelBlock via GeoIdEdited)
[2026-09-20 01:14:30] [Info] [hammerspace.main] [CloneACT] 832 bytes from block+0x360
[2026-09-20 01:14:30] [Info] [hammerspace.main] [ACT] bone 1 GeoId -> 2 at ACT+0x50 (GeoIdEdited retarget; section-relative, stable across hammerspace relocation)
[2026-09-20 01:14:30] [Info] [hammerspace.main] [CloneACT] 832 bytes from block+0x360
[2026-09-20 01:14:30] [Info] [hammerspace.main] [CloneTEX] 160 bytes from block+0x6A0
[2026-09-20 01:14:30] [Info] [hammerspace.main] [CloneSKN] 384 bytes from block+0x740
[2026-09-20 01:14:30] [Info] [hammerspace.main] [CloneTrailing] No ptr6/ptr7/ptr8 sections
[2026-09-20 01:14:30] [Info] [hammerspace.main] [CloneHEADER] 0x20 bytes from offset 0x00002000
[2026-09-20 01:14:30] [Info] [build_add_submesh_fixture] [ACT] bone 1 GeoId already reads submesh 2 at ACT+0x50 (applied by BuildModelBlock via GeoIdEdited)
[2026-09-20 01:14:30] [Info] [hammerspace.main] [CloneACT] 832 bytes from block+0x360
[2026-09-20 01:14:30] [Info] [hammerspace.main] [ACT] bone 1 GeoId -> 2 at ACT+0x50 (GeoIdEdited retarget; section-relative, stable across hammerspace relocation)
[2026-09-20 01:14:30] [Info] [hammerspace.main] [CloneACT] 832 bytes from block+0x360
[2026-09-20 01:14:30] [Info] [hammerspace.main] [CloneTEX] 160 bytes from block+0x6A0
[2026-09-20 01:14:30] [Info] [hammerspace.main] [CloneSKN] 384 bytes from block+0x740
[2026-09-20 01:14:30] [Info] [hammerspace.main] [CloneTrailing] No ptr6/ptr7/ptr8 sections
[2026-09-20 01:14:30] [Info] [hammerspace.main] [CloneHEADER] 0x20 bytes from offset 0x00002000
[2026-09-20 01:14:30] [Info] [build_add_submesh_fixture] [ACT] bone 1 GeoId already reads submesh 2 at ACT+0x50 (applied by BuildModelBlock via GeoIdEdited)
[2026-09-20 01:14:30] [Info] [hammerspace.main] [CloneACT] 832 bytes from block+0x360
[2026-09-20 01:14:30] [Info] [hammerspace.main] [ACT] bone 1 GeoId -> 2 at ACT+0x50 (GeoIdEdited retarget; section-relative, stable across hammerspace relocation)
[2026-09-20 01:14:30] [Info] [hammerspace.main] [CloneACT] 832 bytes from block+0x360
[2026-09-20 01:14:30] [Info] [hammerspace.main] [CloneTEX] 160 bytes from block+0x6A0
[2026-09-20 01:14:30] [Info] [hammerspace.main] [CloneSKN] 384 bytes from block+0x740
[2026-09-20 01:14:30] [Info] [hammerspace.main] [CloneTrailing] No ptr6/ptr7/ptr8 sections
[2026-09-20 01:14:30] [Info] [hammerspace.main] [CloneHEADER] 0x20 bytes from offset 0x00002000
[2026-09-20 01:14:30] [Info] [build_add_submesh_fixture] [ACT] bone 1 GeoId already reads submesh 2 at ACT+0x50 (applied by BuildModelBlock via GeoIdEdited)
[2026-09-20 01:14:31] [Info] [geometry.rebuild] [M3.3] sub0 color: 4 donor entries -> 4 compact; indices rebuilt
[2026-09-20 01:14:31] [Info] [geometry.rebuild] [M3.2] sub0: rebuilt draw states [1]; descriptor upgrades []; triangulated 0 irreducible GX blocks
[2026-09-20 01:14:31] [Info] [geometry.rebuild] [M3.3] sub0 color: 4 donor entries -> 4 compact; indices preserved
[2026-09-20 01:14:32] [Info] [hammerspace.main] [CloneGPL] 832 bytes from block+0x20
[2026-09-20 01:14:32] [Info] [hammerspace.main] [GPL] appended custom submesh 'custom0' as submesh 2 (host bone 1, template builtin:rigid_spec_v1)
[2026-09-20 01:14:32] [Info] [hammerspace.main] [CloneACT] 832 bytes from block+0x360
[2026-09-20 01:14:32] [Info] [hammerspace.main] [ACT] custom submesh 'custom0': bone 1 GeoId -> 2 at ACT+0x50 (section-relative; stable across hammerspace relocation)
[2026-09-20 01:14:32] [Info] [hammerspace.main] [CloneACT] 832 bytes from block+0x360
[2026-09-20 01:14:32] [Info] [hammerspace.main] [CloneTEX] 160 bytes from block+0x6A0
[2026-09-20 01:14:32] [Info] [hammerspace.main] [CloneSKN] 384 bytes from block+0x740
[2026-09-20 01:14:32] [Info] [hammerspace.main] [CloneTrailing] No ptr6/ptr7/ptr8 sections
[2026-09-20 01:14:32] [Info] [hammerspace.main] [CloneHEADER] 0x20 bytes from offset 0x00002000
[2026-09-20 01:14:32] [Info] [hammerspace.main] [CloneGPL] 832 bytes from block+0x20
[2026-09-20 01:14:32] [Info] [hammerspace.main] [GPL] appended custom submesh 'custom0' as submesh 2 (host bone 1, template builtin:rigid_spec_v1)
[2026-09-20 01:14:32] [Info] [hammerspace.main] [CloneACT] 832 bytes from block+0x360
[2026-09-20 01:14:32] [Info] [hammerspace.main] [ACT] custom submesh 'custom0': bone 1 GeoId -> 2 at ACT+0x50 (section-relative; stable across hammerspace relocation)
[2026-09-20 01:14:32] [Info] [hammerspace.main] [CloneACT] 832 bytes from block+0x360
[2026-09-20 01:14:32] [Info] [hammerspace.main] [CloneTEX] 160 bytes from block+0x6A0
[2026-09-20 01:14:32] [Info] [hammerspace.main] [CloneSKN] 384 bytes from block+0x740
[2026-09-20 01:14:32] [Info] [hammerspace.main] [CloneTrailing] No ptr6/ptr7/ptr8 sections
[2026-09-20 01:14:32] [Info] [hammerspace.main] [CloneHEADER] 0x20 bytes from offset 0x00002000
[2026-09-20 01:14:32] [Info] [hammerspace.main] [CloneGPL] 832 bytes from block+0x20
[2026-09-20 01:14:32] [Info] [hammerspace.main] [GPL] appended custom submesh 'custom0' as submesh 2 (host bone 1, template rigid:sm1_ds5)
[2026-09-20 01:14:32] [Info] [hammerspace.main] [CloneACT] 832 bytes from block+0x360
[2026-09-20 01:14:32] [Info] [hammerspace.main] [ACT] custom submesh 'custom0': bone 1 GeoId -> 2 at ACT+0x50 (section-relative; stable across hammerspace relocation)
[2026-09-20 01:14:32] [Info] [hammerspace.main] [CloneACT] 832 bytes from block+0x360
[2026-09-20 01:14:32] [Info] [hammerspace.main] [CloneTEX] 160 bytes from block+0x6A0
[2026-09-20 01:14:32] [Info] [hammerspace.main] [CloneSKN] 384 bytes from block+0x740
[2026-09-20 01:14:32] [Info] [hammerspace.main] [CloneTrailing] No ptr6/ptr7/ptr8 sections
[2026-09-20 01:14:32] [Info] [hammerspace.main] [CloneHEADER] 0x20 bytes from offset 0x00002000
[2026-09-20 01:14:32] [Info] [hammerspace.main] [CloneGPL] 832 bytes from block+0x20
[2026-09-20 01:14:32] [Info] [hammerspace.main] [GPL] appended custom submesh 'custom0' as submesh 2 (host bone 1, template derived:sm0_ds5)
[2026-09-20 01:14:32] [Info] [hammerspace.main] [CloneACT] 832 bytes from block+0x360
[2026-09-20 01:14:32] [Info] [hammerspace.main] [ACT] custom submesh 'custom0': bone 1 GeoId -> 2 at ACT+0x50 (section-relative; stable across hammerspace relocation)
[2026-09-20 01:14:32] [Info] [hammerspace.main] [CloneACT] 832 bytes from block+0x360
[2026-09-20 01:14:32] [Info] [hammerspace.main] [CloneTEX] 160 bytes from block+0x6A0
[2026-09-20 01:14:32] [Info] [hammerspace.main] [CloneSKN] 384 bytes from block+0x740
[2026-09-20 01:14:32] [Info] [hammerspace.main] [CloneTrailing] No ptr6/ptr7/ptr8 sections
[2026-09-20 01:14:32] [Info] [hammerspace.main] [CloneHEADER] 0x20 bytes from offset 0x00002000
[2026-09-20 01:14:32] [Info] [hammerspace.main] [CloneGPL] 832 bytes from block+0x20
[2026-09-20 01:14:32] [Info] [hammerspace.main] [GPL] appended custom submesh 'custom0' as submesh 2 (host bone 1, template builtin:rigid_spec_v1)
[2026-09-20 01:14:32] [Info] [hammerspace.main] [CloneACT] 832 bytes from block+0x360
[2026-09-20 01:14:32] [Info] [hammerspace.main] [ACT] custom submesh 'custom0': bone 1 GeoId -> 2 at ACT+0x50 (section-relative; stable across hammerspace relocation)
[2026-09-20 01:14:32] [Info] [hammerspace.main] [CloneACT] 832 bytes from block+0x360
[2026-09-20 01:14:32] [Info] [hammerspace.main] [CloneTEX] 160 bytes from block+0x6A0
[2026-09-20 01:14:32] [Info] [hammerspace.main] [CloneSKN] 384 bytes from block+0x740
[2026-09-20 01:14:32] [Info] [hammerspace.main] [CloneTrailing] No ptr6/ptr7/ptr8 sections
[2026-09-20 01:14:32] [Info] [hammerspace.main] [CloneHEADER] 0x20 bytes from offset 0x00002000
[2026-09-20 01:14:32] [Info] [dispatcher] Resolved PNG '0.png' → model.sluggie texture 0
[2026-09-20 01:14:32] [Info] [dispatcher] Resolved PNG '0.png' → model.sluggie texture 0
[2026-09-20 01:14:32] [Info] [dispatcher] Found: C:\Users\gerno\AppData\Local\Temp\tmpjq8sf8up\model.sluggie
[2026-09-20 01:14:32] [Info] [dispatcher] Resolved PNG '0.png' → model.sluggie texture 0
[2026-09-20 01:14:32] [Info] [dispatcher] Found: C:\Users\gerno\AppData\Local\Temp\tmpznjnh30h\model.sluggie
[2026-09-20 01:14:32] [Warning] [act] bone 0 is not relative
[2026-09-20 01:14:32] [Warning] [act] bone 0 is not relative
[2026-09-20 01:14:32] [Warning] [act] bone 0 is not relative
[2026-09-20 01:14:33] [Info] [hammerspace.helper] [1] Current DOL entry: chunk=0, file_index=0, offset=0x00000008 (8), length=0x00000008 (8 bytes)
[2026-09-20 01:14:33] [Info] [hammerspace.helper] [2] Original DOL entry: offset=0x00000008 (8), length=0x00000008 (8 bytes)
[2026-09-20 01:14:33] [Info] [hammerspace.helper] DOL entry was already restored; original model bytes were repaired and verified.
[2026-09-20 01:14:33] [Info] [hammerspace.helper] [1] Current DOL entry: chunk=0, file_index=0, offset=0x00000040 (64), length=0x00000008 (8 bytes)
[2026-09-20 01:14:33] [Info] [hammerspace.helper] [2] Original DOL entry: offset=0x00000008 (8), length=0x00000008 (8 bytes)
[2026-09-20 01:14:33] [Info] [hammerspace.helper] [3] Restored and verified 8 original model bytes at 0x00000008.
[2026-09-20 01:14:33] [Info] [hammerspace.helper] [4] Restoring original DOL entry ...
[2026-09-20 01:14:33] [Info] [hammerspace.helper] [5] Zeroing 8 bytes at 0x00000040 in OUTPUT dt_na.dat ...
[2026-09-20 01:14:33] [Info] [hammerspace.helper]     Zeroed 8 bytes.
[2026-09-20 01:14:33] [Info] [hammerspace.helper] Done. chunk=0, file_index=0 removed from hammerspace.
[2026-09-20 01:14:33] [Info] [hammerspace.main] [ACT] bone 5 GeoId -> 65535 at ACT+0x20 (GeoIdEdited retarget; section-relative, stable across hammerspace relocation)
[2026-09-20 01:14:33] [Info] [hammerspace.main] [ACT] custom submesh 'custom0': bone 5 GeoId -> 2 at ACT+0x20 (section-relative; stable across hammerspace relocation)
[2026-09-20 01:14:33] [Info] [hammerspace.main] [ACT] bone 6 GeoId -> 1 at ACT+0x28 (GeoIdEdited retarget; section-relative, stable across hammerspace relocation)
[2026-09-20 01:14:33] [Info] [hammerspace.main] [ACT] bone 5 GeoId -> 65535 at ACT+0x20 (GeoIdEdited retarget; section-relative, stable across hammerspace relocation)
[2026-09-20 01:14:33] [Info] [hammerspace.main] [ACT] custom submesh 'custom0': bone 5 GeoId -> 1 at ACT+0x20 (section-relative; stable across hammerspace relocation)
[2026-09-20 01:14:33] [Info] [hammerspace.main] [ACT] custom submesh 'custom1': bone 6 GeoId -> 2 at ACT+0x28 (section-relative; stable across hammerspace relocation)
[2026-09-20 01:14:33] [Info] [hammerspace.main] [ACT] custom submesh 'custom0': bone 5 GeoId -> 2 at ACT+0x20 (section-relative; stable across hammerspace relocation)
[2026-09-20 01:14:33] [Error] [hammerspace.main] Bone 1: SRTOffset 0x103F is before the ACT section start (0x1040); the .sluggie's SRTOffset metadata does not match this model's ACT section layout. Re-export the model with the latest SluggiesTools export.py, then export from Blender again.
[2026-09-20 01:14:33] [Info] [hammerspace.main] [ACT] root-bone SRT scale: bone 1 wrote 400000003fc000003f800000 at ACT+0x54 (section-relative; stable across hammerspace relocation)
[2026-09-20 01:14:33] [Info] [hammerspace.main] [Container] DOL entry is an archive: 3 slots, 3 populated; rebuilding slot 1 at +0x60 and carrying the other 2 member(s) along
[2026-09-20 01:14:33] [Info] [hammerspace.main] [Container] archive slot 1 64 -> 192 bytes; 1 later slot(s) shifted by +128; archive 256 -> 384 bytes
[2026-09-20 01:14:33] [Info] [hammerspace.main] [Container] preserving 32-byte DOL entry prefix; inner model starts at +0x20
[2026-09-20 01:14:33] [Info] [hammerspace.main] [Container] DOL entry is an archive: 3 slots, 3 populated; rebuilding slot 1 at +0x60 and carrying the other 2 member(s) along
[2026-09-20 01:14:33] [Info] [hammerspace.main] [Container] archive slot 1 64 -> 192 bytes; 1 later slot(s) shifted by +128; archive 256 -> 384 bytes
[2026-09-20 01:14:33] [Info] [hammerspace.main] [Container] DOL entry is an archive: 3 slots, 3 populated; rebuilding slot 1 at +0x60 and carrying the other 2 member(s) along
[2026-09-20 01:14:33] [Info] [hammerspace.main] [Container] archive slot 1 64 -> 192 bytes; 1 later slot(s) shifted by +128; archive 256 -> 384 bytes
[2026-09-20 01:14:33] [Info] [hammerspace.main] [CloneGPL] 4 bytes from block+0x20
[2026-09-20 01:14:33] [Info] [hammerspace.main] [HDR] +0x18 patched: 0x00000180 → 0x00000100
[2026-09-20 01:14:33] [Info] [hammerspace.main] [HDR] +0x14 patched: 0x00000100 → 0x000000A0
[2026-09-20 01:14:33] [Info] [hammerspace.main] [HDR] +0x18 patched: 0x00000140 → 0x000000E0
[2026-09-20 01:14:33] [Info] [hammerspace.main] [HDR] +0x1C patched: 0x00000180 → 0x00000120
[2026-09-20 01:14:33] [Info] [hammerspace.main] [GPL] patched material state sub0 ds0 at GPL+0x10
[2026-09-20 01:14:33] [Info] [hammerspace.main] [GPL] patched material state sub0 ds1 at GPL+0x20
[2026-09-20 01:14:33] [Info] [hammerspace.main] [GPL] patched position array sub0 at GPL+0x10 (6 bytes)
[2026-09-20 01:14:33] [Info] [hammerspace.main] Model already in hammerspace at 0x00003000; keeping the old route live until replacement commits
[2026-09-20 01:14:33] [Info] [hammerspace.main] Hammerspace Log: Replaced | Model: fixture.sluggie | Old address: 0x00003000 | Old size: 0.00 MB
[2026-09-20 01:14:33] [Info] [hammerspace.main] Hammerspace Log: Written | Model: fixture.sluggie | Chunk: 18 | File: 0 | Address: 0x00004000 | Size: 0.00 MB | Modes: {'GPL': 'clone', 'ACT': 'clone', 'TEX': 'clone', 'SKN': 'clone', 'trailing': 'clone'}
[2026-09-20 01:14:33] [Info] [hammerspace.main] Model already in hammerspace at 0x00003000; keeping the old route live until replacement commits
[2026-09-20 01:14:33] [Info] [hammerspace.main] Model already in hammerspace at 0x00003000; keeping the old route live until replacement commits
[2026-09-20 01:14:33] [Info] [hammerspace.main] Hammerspace Log: Replaced | Model: fixture.sluggie | Old address: 0x00003000 | Old size: 0.00 MB
[2026-09-20 01:14:33] [Info] [hammerspace.main] Hammerspace Log: Written | Model: fixture.sluggie | Chunk: 18 | File: 0 | Address: 0x00004000 | Size: 0.00 MB | Modes: {'GPL': 'clone', 'ACT': 'clone', 'TEX': 'clone', 'SKN': 'clone', 'trailing': 'clone'}
[2026-09-20 01:14:33] [Info] [hammerspace.main] Model already in hammerspace at 0x00003000; keeping the old route live until replacement commits
[2026-09-20 01:14:33] [Info] [hammerspace.main] [GPL] appended UV array sub0 uv0 at GPL+0x80 (8 bytes)
[2026-09-20 01:14:33] [Info] [hammerspace.main] [GPL] appended primitive list sub0 ds0 (32 bytes)
[2026-09-20 01:14:33] [Info] [hammerspace.main] [GPL] patched UV array sub0 uv0 at GPL+0x14 (4 bytes)
[2026-09-20 01:14:33] [Info] [hammerspace.main] Hammerspace Log: Written | Model: fixture.sluggie | Chunk: 18 | File: 0 | Address: 0x00001020 | Size: 0.00 MB | Modes: {'GPL': 'clone', 'ACT': 'clone', 'TEX': 'clone', 'SKN': 'clone', 'trailing': 'clone'}
[2026-09-20 01:14:33] [Info] [hammerspace.main] Hammerspace Log: Written | Model: fixture.sluggie | Chunk: 18 | File: 0 | Address: 0x00002000 | Size: 0.00 MB | Modes: {'GPL': 'clone', 'ACT': 'clone', 'TEX': 'clone', 'SKN': 'clone', 'trailing': 'clone'}
[2026-09-20 01:14:33] [Warning] [hammerspace.main] [SKN] SK1/SK2 destinations are not cache-line exclusive; source arrays packed sequentially instead of mirroring the position buffer (donor layout rule) — facial poses on skinned vertices may break in-game
[2026-09-20 01:14:33] [Info] [hammerspace.main] [BuildTEX] built 5 texture(s), 5 image payload(s), 0 palette payload(s); section size 832 bytes
[2026-09-20 01:14:33] [Info] [hammerspace.main] [BuildTEX] built 2 texture(s), 2 image payload(s), 0 palette payload(s); section size 160 bytes
[2026-09-20 01:14:33] [Info] [hammerspace.main] [BuildTEX] No textures; returning empty TEX section
[2026-09-20 01:14:33] [Info] [hammerspace.main] [BuildTEX] built 2 texture(s), 2 image payload(s), 0 palette payload(s); section size 160 bytes
[2026-09-20 01:14:33] [Info] [hammerspace.main] [BuildTEX] built 2 texture(s), 2 image payload(s), 2 palette payload(s); section size 256 bytes
[2026-09-20 01:14:33] [Info] [hammerspace.main] [BuildTEX] built 1 texture(s), 1 image payload(s), 0 palette payload(s); section size 96 bytes
[2026-09-20 01:14:33] [Info] [hammerspace.main] [CloneGPL] 832 bytes from block+0x20
[2026-09-20 01:14:33] [Info] [hammerspace.main] [GPL] appended custom submesh 'custom0' as submesh 2 (host bone 1, template builtin:rigid_spec_v1)
[2026-09-20 01:14:33] [Info] [hammerspace.main] [CloneACT] 832 bytes from block+0x360
[2026-09-20 01:14:33] [Info] [hammerspace.main] [ACT] custom submesh 'custom0': bone 1 GeoId -> 2 at ACT+0x50 (section-relative; stable across hammerspace relocation)
[2026-09-20 01:14:33] [Info] [hammerspace.main] [CloneACT] 832 bytes from block+0x360
[2026-09-20 01:14:33] [Info] [hammerspace.main] [CloneTEX] 160 bytes from block+0x6A0
[2026-09-20 01:14:33] [Info] [hammerspace.main] [CloneSKN] 384 bytes from block+0x740
[2026-09-20 01:14:33] [Info] [hammerspace.main] [CloneTrailing] No ptr6/ptr7/ptr8 sections
[2026-09-20 01:14:33] [Info] [hammerspace.main] [CloneHEADER] 0x20 bytes from offset 0x00002000
[2026-09-20 01:14:33] [Info] [hammerspace.main] [CloneGPL] 832 bytes from block+0x20
[2026-09-20 01:14:33] [Info] [hammerspace.main] [GPL] appended custom submesh 'custom0' as submesh 2 (host bone 3, template derived:sm0_ds5)
[2026-09-20 01:14:33] [Info] [hammerspace.main] [CloneACT] 832 bytes from block+0x360
[2026-09-20 01:14:33] [Info] [hammerspace.main] [ACT] custom submesh 'custom0': bone 3 GeoId -> 2 at ACT+0x88 (section-relative; stable across hammerspace relocation)
[2026-09-20 01:14:33] [Info] [hammerspace.main] [CloneACT] 832 bytes from block+0x360
[2026-09-20 01:14:33] [Info] [hammerspace.main] [CloneTEX] 160 bytes from block+0x6A0
[2026-09-20 01:14:33] [Info] [hammerspace.main] [CloneSKN] 384 bytes from block+0x740
[2026-09-20 01:14:33] [Info] [hammerspace.main] [CloneTrailing] No ptr6/ptr7/ptr8 sections
[2026-09-20 01:14:33] [Info] [hammerspace.main] [CloneHEADER] 0x20 bytes from offset 0x00002000
[2026-09-20 01:14:33] [Info] [hammerspace.main] [CloneGPL] 832 bytes from block+0x20
[2026-09-20 01:14:33] [Info] [hammerspace.main] [CloneGPL] 832 bytes from block+0x20
[2026-09-20 01:14:33] [Info] [hammerspace.main] [GPL] appended custom submesh 'custom0' as submesh 2 (host bone 1, template builtin:rigid_spec_v1)
[2026-09-20 01:14:33] [Info] [hammerspace.main] [CloneACT] 832 bytes from block+0x360
[2026-09-20 01:14:33] [Info] [hammerspace.main] [ACT] custom submesh 'custom0': bone 1 GeoId -> 2 at ACT+0x50 (section-relative; stable across hammerspace relocation)
[2026-09-20 01:14:33] [Info] [hammerspace.main] [CloneACT] 832 bytes from block+0x360
[2026-09-20 01:14:33] [Info] [hammerspace.main] [CloneTEX] 160 bytes from block+0x6A0
[2026-09-20 01:14:33] [Info] [hammerspace.main] [CloneSKN] 384 bytes from block+0x740
[2026-09-20 01:14:33] [Info] [hammerspace.main] [CloneTrailing] No ptr6/ptr7/ptr8 sections
[2026-09-20 01:14:33] [Info] [hammerspace.main] [CloneHEADER] 0x20 bytes from offset 0x00002000
[2026-09-20 01:14:33] [Info] [hammerspace.main] [CloneGPL] 832 bytes from block+0x20
[2026-09-20 01:14:33] [Info] [hammerspace.main] [GPL] appended custom submesh 'custom0' as submesh 2 (host bone 2, template rigid:sm1_ds5)
[2026-09-20 01:14:33] [Info] [hammerspace.main] [CloneACT] 832 bytes from block+0x360
[2026-09-20 01:14:33] [Info] [hammerspace.main] [ACT] custom submesh 'custom0': bone 2 GeoId -> 2 at ACT+0x6C (section-relative; stable across hammerspace relocation)
[2026-09-20 01:14:33] [Info] [hammerspace.main] [CloneACT] 832 bytes from block+0x360
[2026-09-20 01:14:33] [Info] [hammerspace.main] [CloneTEX] 160 bytes from block+0x6A0
[2026-09-20 01:14:33] [Info] [hammerspace.main] [CloneSKN] 384 bytes from block+0x740
[2026-09-20 01:14:33] [Info] [hammerspace.main] [CloneTrailing] No ptr6/ptr7/ptr8 sections
[2026-09-20 01:14:33] [Info] [hammerspace.main] [CloneHEADER] 0x20 bytes from offset 0x00002000
[2026-09-20 01:14:33] [Info] [hammerspace.main] [GPL] appended custom submesh 'custom0' as submesh 1 (host bone 5, template builtin:rigid_spec_v1)
[2026-09-20 01:14:33] [Info] [geometry.rebuild] [M3.3] sub0: normal buffer compacted to 5 unique normals
[2026-09-20 01:14:33] [Info] [geometry.rebuild] [M3.2] sub0: rebuilt draw states [1]; descriptor upgrades []; triangulated 0 irreducible GX blocks
[2026-09-20 01:14:33] [Info] [geometry.rebuild] [M3.2] sub0 uv0: 6 expanded coords -> 5 compact; indices rebuilt
[2026-09-20 01:14:33] [Info] [geometry.rebuild] [M3.3] sub0: normal buffer compacted to 5 unique normals
[2026-09-20 01:14:33] [Info] [geometry.rebuild] [M3.2] sub0: rebuilt draw states [1]; descriptor upgrades []; triangulated 0 irreducible GX blocks
[2026-09-20 01:14:33] [Info] [geometry.rebuild] [M3.3] sub0: normal buffer compacted to 4 unique normals
[2026-09-20 01:14:40] [Info] [hammerspace.main] [CloneACT] 832 bytes from block+0x360
[2026-09-20 01:14:40] [Info] [hammerspace.main] [ACT] bone 1 GeoId -> 2 at ACT+0x50 (GeoIdEdited retarget; section-relative, stable across hammerspace relocation)
[2026-09-20 01:14:40] [Info] [hammerspace.main] [CloneACT] 832 bytes from block+0x360
[2026-09-20 01:14:40] [Info] [hammerspace.main] [CloneTEX] 160 bytes from block+0x6A0
[2026-09-20 01:14:40] [Info] [hammerspace.main] [CloneSKN] 384 bytes from block+0x740
[2026-09-20 01:14:40] [Info] [hammerspace.main] [CloneTrailing] No ptr6/ptr7/ptr8 sections
[2026-09-20 01:14:40] [Info] [hammerspace.main] [CloneHEADER] 0x20 bytes from offset 0x00002000
[2026-09-20 01:14:40] [Info] [build_add_submesh_fixture] [ACT] bone 1 GeoId already reads submesh 2 at ACT+0x50 (applied by BuildModelBlock via GeoIdEdited)
[2026-09-20 01:14:40] [Info] [hammerspace.main] [CloneACT] 832 bytes from block+0x360
[2026-09-20 01:14:40] [Info] [hammerspace.main] [ACT] bone 1 GeoId -> 2 at ACT+0x50 (GeoIdEdited retarget; section-relative, stable across hammerspace relocation)
[2026-09-20 01:14:40] [Info] [hammerspace.main] [CloneACT] 832 bytes from block+0x360
[2026-09-20 01:14:40] [Info] [hammerspace.main] [CloneTEX] 160 bytes from block+0x6A0
[2026-09-20 01:14:40] [Info] [hammerspace.main] [CloneSKN] 384 bytes from block+0x740
[2026-09-20 01:14:40] [Info] [hammerspace.main] [CloneTrailing] No ptr6/ptr7/ptr8 sections
[2026-09-20 01:14:40] [Info] [hammerspace.main] [CloneHEADER] 0x20 bytes from offset 0x00002000
[2026-09-20 01:14:40] [Info] [build_add_submesh_fixture] [ACT] bone 1 GeoId already reads submesh 2 at ACT+0x50 (applied by BuildModelBlock via GeoIdEdited)
[2026-09-20 01:14:40] [Info] [hammerspace.main] [CloneACT] 832 bytes from block+0x360
[2026-09-20 01:14:40] [Info] [hammerspace.main] [ACT] bone 1 GeoId -> 2 at ACT+0x50 (GeoIdEdited retarget; section-relative, stable across hammerspace relocation)
[2026-09-20 01:14:40] [Info] [hammerspace.main] [CloneACT] 832 bytes from block+0x360
[2026-09-20 01:14:40] [Info] [hammerspace.main] [CloneTEX] 160 bytes from block+0x6A0
[2026-09-20 01:14:40] [Info] [hammerspace.main] [CloneSKN] 384 bytes from block+0x740
[2026-09-20 01:14:40] [Info] [hammerspace.main] [CloneTrailing] No ptr6/ptr7/ptr8 sections
[2026-09-20 01:14:40] [Info] [hammerspace.main] [CloneHEADER] 0x20 bytes from offset 0x00002000
[2026-09-20 01:14:40] [Info] [build_add_submesh_fixture] [ACT] bone 1 GeoId already reads submesh 2 at ACT+0x50 (applied by BuildModelBlock via GeoIdEdited)
[2026-09-20 01:14:40] [Info] [hammerspace.main] [CloneACT] 832 bytes from block+0x360
[2026-09-20 01:14:40] [Info] [hammerspace.main] [ACT] bone 1 GeoId -> 2 at ACT+0x50 (GeoIdEdited retarget; section-relative, stable across hammerspace relocation)
[2026-09-20 01:14:40] [Info] [hammerspace.main] [CloneACT] 832 bytes from block+0x360
[2026-09-20 01:14:40] [Info] [hammerspace.main] [CloneTEX] 160 bytes from block+0x6A0
[2026-09-20 01:14:40] [Info] [hammerspace.main] [CloneSKN] 384 bytes from block+0x740
[2026-09-20 01:14:40] [Info] [hammerspace.main] [CloneTrailing] No ptr6/ptr7/ptr8 sections
[2026-09-20 01:14:40] [Info] [hammerspace.main] [CloneHEADER] 0x20 bytes from offset 0x00002000
[2026-09-20 01:14:40] [Info] [build_add_submesh_fixture] [ACT] bone 1 GeoId already reads submesh 2 at ACT+0x50 (applied by BuildModelBlock via GeoIdEdited)
[2026-09-20 01:14:42] [Info] [geometry.rebuild] [M3.3] sub0 color: 4 donor entries -> 4 compact; indices rebuilt
[2026-09-20 01:14:42] [Info] [geometry.rebuild] [M3.2] sub0: rebuilt draw states [1]; descriptor upgrades []; triangulated 0 irreducible GX blocks
[2026-09-20 01:14:42] [Info] [geometry.rebuild] [M3.3] sub0 color: 4 donor entries -> 4 compact; indices preserved
[2026-09-20 01:14:42] [Info] [hammerspace.main] [CloneGPL] 832 bytes from block+0x20
[2026-09-20 01:14:42] [Info] [hammerspace.main] [GPL] appended custom submesh 'custom0' as submesh 2 (host bone 1, template builtin:rigid_spec_v1)
[2026-09-20 01:14:42] [Info] [hammerspace.main] [CloneACT] 832 bytes from block+0x360
[2026-09-20 01:14:42] [Info] [hammerspace.main] [ACT] custom submesh 'custom0': bone 1 GeoId -> 2 at ACT+0x50 (section-relative; stable across hammerspace relocation)
[2026-09-20 01:14:42] [Info] [hammerspace.main] [CloneACT] 832 bytes from block+0x360
[2026-09-20 01:14:42] [Info] [hammerspace.main] [CloneTEX] 160 bytes from block+0x6A0
[2026-09-20 01:14:42] [Info] [hammerspace.main] [CloneSKN] 384 bytes from block+0x740
[2026-09-20 01:14:42] [Info] [hammerspace.main] [CloneTrailing] No ptr6/ptr7/ptr8 sections
[2026-09-20 01:14:42] [Info] [hammerspace.main] [CloneHEADER] 0x20 bytes from offset 0x00002000
[2026-09-20 01:14:42] [Info] [hammerspace.main] [CloneGPL] 832 bytes from block+0x20
[2026-09-20 01:14:42] [Info] [hammerspace.main] [GPL] appended custom submesh 'custom0' as submesh 2 (host bone 1, template builtin:rigid_spec_v1)
[2026-09-20 01:14:42] [Info] [hammerspace.main] [CloneACT] 832 bytes from block+0x360
[2026-09-20 01:14:42] [Info] [hammerspace.main] [ACT] custom submesh 'custom0': bone 1 GeoId -> 2 at ACT+0x50 (section-relative; stable across hammerspace relocation)
[2026-09-20 01:14:42] [Info] [hammerspace.main] [CloneACT] 832 bytes from block+0x360
[2026-09-20 01:14:42] [Info] [hammerspace.main] [CloneTEX] 160 bytes from block+0x6A0
[2026-09-20 01:14:42] [Info] [hammerspace.main] [CloneSKN] 384 bytes from block+0x740
[2026-09-20 01:14:42] [Info] [hammerspace.main] [CloneTrailing] No ptr6/ptr7/ptr8 sections
[2026-09-20 01:14:42] [Info] [hammerspace.main] [CloneHEADER] 0x20 bytes from offset 0x00002000
[2026-09-20 01:14:42] [Info] [hammerspace.main] [CloneGPL] 832 bytes from block+0x20
[2026-09-20 01:14:42] [Info] [hammerspace.main] [GPL] appended custom submesh 'custom0' as submesh 2 (host bone 1, template rigid:sm1_ds5)
[2026-09-20 01:14:42] [Info] [hammerspace.main] [CloneACT] 832 bytes from block+0x360
[2026-09-20 01:14:42] [Info] [hammerspace.main] [ACT] custom submesh 'custom0': bone 1 GeoId -> 2 at ACT+0x50 (section-relative; stable across hammerspace relocation)
[2026-09-20 01:14:42] [Info] [hammerspace.main] [CloneACT] 832 bytes from block+0x360
[2026-09-20 01:14:42] [Info] [hammerspace.main] [CloneTEX] 160 bytes from block+0x6A0
[2026-09-20 01:14:42] [Info] [hammerspace.main] [CloneSKN] 384 bytes from block+0x740
[2026-09-20 01:14:42] [Info] [hammerspace.main] [CloneTrailing] No ptr6/ptr7/ptr8 sections
[2026-09-20 01:14:42] [Info] [hammerspace.main] [CloneHEADER] 0x20 bytes from offset 0x00002000
[2026-09-20 01:14:42] [Info] [hammerspace.main] [CloneGPL] 832 bytes from block+0x20
[2026-09-20 01:14:42] [Info] [hammerspace.main] [GPL] appended custom submesh 'custom0' as submesh 2 (host bone 1, template derived:sm0_ds5)
[2026-09-20 01:14:42] [Info] [hammerspace.main] [CloneACT] 832 bytes from block+0x360
[2026-09-20 01:14:42] [Info] [hammerspace.main] [ACT] custom submesh 'custom0': bone 1 GeoId -> 2 at ACT+0x50 (section-relative; stable across hammerspace relocation)
[2026-09-20 01:14:42] [Info] [hammerspace.main] [CloneACT] 832 bytes from block+0x360
[2026-09-20 01:14:42] [Info] [hammerspace.main] [CloneTEX] 160 bytes from block+0x6A0
[2026-09-20 01:14:42] [Info] [hammerspace.main] [CloneSKN] 384 bytes from block+0x740
[2026-09-20 01:14:42] [Info] [hammerspace.main] [CloneTrailing] No ptr6/ptr7/ptr8 sections
[2026-09-20 01:14:42] [Info] [hammerspace.main] [CloneHEADER] 0x20 bytes from offset 0x00002000
[2026-09-20 01:14:42] [Info] [hammerspace.main] [CloneGPL] 832 bytes from block+0x20
[2026-09-20 01:14:42] [Info] [hammerspace.main] [GPL] appended custom submesh 'custom0' as submesh 2 (host bone 1, template builtin:rigid_spec_v1)
[2026-09-20 01:14:42] [Info] [hammerspace.main] [CloneACT] 832 bytes from block+0x360
[2026-09-20 01:14:42] [Info] [hammerspace.main] [ACT] custom submesh 'custom0': bone 1 GeoId -> 2 at ACT+0x50 (section-relative; stable across hammerspace relocation)
[2026-09-20 01:14:42] [Info] [hammerspace.main] [CloneACT] 832 bytes from block+0x360
[2026-09-20 01:14:42] [Info] [hammerspace.main] [CloneTEX] 160 bytes from block+0x6A0
[2026-09-20 01:14:42] [Info] [hammerspace.main] [CloneSKN] 384 bytes from block+0x740
[2026-09-20 01:14:42] [Info] [hammerspace.main] [CloneTrailing] No ptr6/ptr7/ptr8 sections
[2026-09-20 01:14:42] [Info] [hammerspace.main] [CloneHEADER] 0x20 bytes from offset 0x00002000
[2026-09-20 01:14:43] [Info] [dispatcher] Resolved PNG '0.png' → model.sluggie texture 0
[2026-09-20 01:14:43] [Info] [dispatcher] Resolved PNG '0.png' → model.sluggie texture 0
[2026-09-20 01:14:43] [Info] [dispatcher] Found: C:\Users\gerno\AppData\Local\Temp\tmp9zdazjrp\model.sluggie
[2026-09-20 01:14:43] [Info] [dispatcher] Resolved PNG '0.png' → model.sluggie texture 0
[2026-09-20 01:14:43] [Info] [dispatcher] Found: C:\Users\gerno\AppData\Local\Temp\tmpwkkzj21k\model.sluggie
[2026-09-20 01:14:43] [Warning] [act] bone 0 is not relative
[2026-09-20 01:14:43] [Warning] [act] bone 0 is not relative
[2026-09-20 01:14:43] [Warning] [act] bone 0 is not relative
[2026-09-20 01:14:44] [Info] [hammerspace.helper] [1] Current DOL entry: chunk=0, file_index=0, offset=0x00000008 (8), length=0x00000008 (8 bytes)
[2026-09-20 01:14:44] [Info] [hammerspace.helper] [2] Original DOL entry: offset=0x00000008 (8), length=0x00000008 (8 bytes)
[2026-09-20 01:14:44] [Info] [hammerspace.helper] DOL entry was already restored; original model bytes were repaired and verified.
[2026-09-20 01:14:44] [Info] [hammerspace.helper] [1] Current DOL entry: chunk=0, file_index=0, offset=0x00000040 (64), length=0x00000008 (8 bytes)
[2026-09-20 01:14:44] [Info] [hammerspace.helper] [2] Original DOL entry: offset=0x00000008 (8), length=0x00000008 (8 bytes)
[2026-09-20 01:14:44] [Info] [hammerspace.helper] [3] Restored and verified 8 original model bytes at 0x00000008.
[2026-09-20 01:14:44] [Info] [hammerspace.helper] [4] Restoring original DOL entry ...
[2026-09-20 01:14:44] [Info] [hammerspace.helper] [5] Zeroing 8 bytes at 0x00000040 in OUTPUT dt_na.dat ...
[2026-09-20 01:14:44] [Info] [hammerspace.helper]     Zeroed 8 bytes.
[2026-09-20 01:14:44] [Info] [hammerspace.helper] Done. chunk=0, file_index=0 removed from hammerspace.
[2026-09-20 01:14:44] [Info] [hammerspace.main] [ACT] bone 5 GeoId -> 65535 at ACT+0x20 (GeoIdEdited retarget; section-relative, stable across hammerspace relocation)
[2026-09-20 01:14:44] [Info] [hammerspace.main] [ACT] custom submesh 'custom0': bone 5 GeoId -> 2 at ACT+0x20 (section-relative; stable across hammerspace relocation)
[2026-09-20 01:14:44] [Info] [hammerspace.main] [ACT] bone 6 GeoId -> 1 at ACT+0x28 (GeoIdEdited retarget; section-relative, stable across hammerspace relocation)
[2026-09-20 01:14:44] [Info] [hammerspace.main] [ACT] bone 5 GeoId -> 65535 at ACT+0x20 (GeoIdEdited retarget; section-relative, stable across hammerspace relocation)
[2026-09-20 01:14:44] [Info] [hammerspace.main] [ACT] custom submesh 'custom0': bone 5 GeoId -> 1 at ACT+0x20 (section-relative; stable across hammerspace relocation)
[2026-09-20 01:14:44] [Info] [hammerspace.main] [ACT] custom submesh 'custom1': bone 6 GeoId -> 2 at ACT+0x28 (section-relative; stable across hammerspace relocation)
[2026-09-20 01:14:44] [Info] [hammerspace.main] [ACT] custom submesh 'custom0': bone 5 GeoId -> 2 at ACT+0x20 (section-relative; stable across hammerspace relocation)
[2026-09-20 01:14:44] [Error] [hammerspace.main] Bone 1: SRTOffset 0x103F is before the ACT section start (0x1040); the .sluggie's SRTOffset metadata does not match this model's ACT section layout. Re-export the model with the latest SluggiesTools export.py, then export from Blender again.
[2026-09-20 01:14:44] [Info] [hammerspace.main] [ACT] root-bone SRT scale: bone 1 wrote 400000003fc000003f800000 at ACT+0x54 (section-relative; stable across hammerspace relocation)
[2026-09-20 01:14:44] [Info] [hammerspace.main] [Container] DOL entry is an archive: 3 slots, 3 populated; rebuilding slot 1 at +0x60 and carrying the other 2 member(s) along
[2026-09-20 01:14:44] [Info] [hammerspace.main] [Container] archive slot 1 64 -> 192 bytes; 1 later slot(s) shifted by +128; archive 256 -> 384 bytes
[2026-09-20 01:14:44] [Info] [hammerspace.main] [Container] preserving 32-byte DOL entry prefix; inner model starts at +0x20
[2026-09-20 01:14:44] [Info] [hammerspace.main] [Container] DOL entry is an archive: 3 slots, 3 populated; rebuilding slot 1 at +0x60 and carrying the other 2 member(s) along
[2026-09-20 01:14:44] [Info] [hammerspace.main] [Container] archive slot 1 64 -> 192 bytes; 1 later slot(s) shifted by +128; archive 256 -> 384 bytes
[2026-09-20 01:14:44] [Info] [hammerspace.main] [Container] DOL entry is an archive: 3 slots, 3 populated; rebuilding slot 1 at +0x60 and carrying the other 2 member(s) along
[2026-09-20 01:14:44] [Info] [hammerspace.main] [Container] archive slot 1 64 -> 192 bytes; 1 later slot(s) shifted by +128; archive 256 -> 384 bytes
[2026-09-20 01:14:44] [Info] [hammerspace.main] [CloneGPL] 4 bytes from block+0x20
[2026-09-20 01:14:44] [Info] [hammerspace.main] [HDR] +0x18 patched: 0x00000180 → 0x00000100
[2026-09-20 01:14:44] [Info] [hammerspace.main] [HDR] +0x14 patched: 0x00000100 → 0x000000A0
[2026-09-20 01:14:44] [Info] [hammerspace.main] [HDR] +0x18 patched: 0x00000140 → 0x000000E0
[2026-09-20 01:14:44] [Info] [hammerspace.main] [HDR] +0x1C patched: 0x00000180 → 0x00000120
[2026-09-20 01:14:44] [Info] [hammerspace.main] [GPL] patched material state sub0 ds0 at GPL+0x10
[2026-09-20 01:14:44] [Info] [hammerspace.main] [GPL] patched material state sub0 ds1 at GPL+0x20
[2026-09-20 01:14:44] [Info] [hammerspace.main] [GPL] patched position array sub0 at GPL+0x10 (6 bytes)
[2026-09-20 01:14:44] [Info] [hammerspace.main] Model already in hammerspace at 0x00003000; keeping the old route live until replacement commits
[2026-09-20 01:14:44] [Info] [hammerspace.main] Hammerspace Log: Replaced | Model: fixture.sluggie | Old address: 0x00003000 | Old size: 0.00 MB
[2026-09-20 01:14:44] [Info] [hammerspace.main] Hammerspace Log: Written | Model: fixture.sluggie | Chunk: 18 | File: 0 | Address: 0x00004000 | Size: 0.00 MB | Modes: {'GPL': 'clone', 'ACT': 'clone', 'TEX': 'clone', 'SKN': 'clone', 'trailing': 'clone'}
[2026-09-20 01:14:44] [Info] [hammerspace.main] Model already in hammerspace at 0x00003000; keeping the old route live until replacement commits
[2026-09-20 01:14:44] [Info] [hammerspace.main] Model already in hammerspace at 0x00003000; keeping the old route live until replacement commits
[2026-09-20 01:14:44] [Info] [hammerspace.main] Hammerspace Log: Replaced | Model: fixture.sluggie | Old address: 0x00003000 | Old size: 0.00 MB
[2026-09-20 01:14:44] [Info] [hammerspace.main] Hammerspace Log: Written | Model: fixture.sluggie | Chunk: 18 | File: 0 | Address: 0x00004000 | Size: 0.00 MB | Modes: {'GPL': 'clone', 'ACT': 'clone', 'TEX': 'clone', 'SKN': 'clone', 'trailing': 'clone'}
[2026-09-20 01:14:44] [Info] [hammerspace.main] Model already in hammerspace at 0x00003000; keeping the old route live until replacement commits
[2026-09-20 01:14:44] [Info] [hammerspace.main] [GPL] appended UV array sub0 uv0 at GPL+0x80 (8 bytes)
[2026-09-20 01:14:44] [Info] [hammerspace.main] [GPL] appended primitive list sub0 ds0 (32 bytes)
[2026-09-20 01:14:44] [Info] [hammerspace.main] [GPL] patched UV array sub0 uv0 at GPL+0x14 (4 bytes)
[2026-09-20 01:14:44] [Info] [hammerspace.main] Hammerspace Log: Written | Model: fixture.sluggie | Chunk: 18 | File: 0 | Address: 0x00001020 | Size: 0.00 MB | Modes: {'GPL': 'clone', 'ACT': 'clone', 'TEX': 'clone', 'SKN': 'clone', 'trailing': 'clone'}
[2026-09-20 01:14:44] [Info] [hammerspace.main] Hammerspace Log: Written | Model: fixture.sluggie | Chunk: 18 | File: 0 | Address: 0x00002000 | Size: 0.00 MB | Modes: {'GPL': 'clone', 'ACT': 'clone', 'TEX': 'clone', 'SKN': 'clone', 'trailing': 'clone'}
[2026-09-20 01:14:44] [Warning] [hammerspace.main] [SKN] SK1/SK2 destinations are not cache-line exclusive; source arrays packed sequentially instead of mirroring the position buffer (donor layout rule) — facial poses on skinned vertices may break in-game
[2026-09-20 01:14:44] [Info] [hammerspace.main] [BuildTEX] built 5 texture(s), 5 image payload(s), 0 palette payload(s); section size 832 bytes
[2026-09-20 01:14:44] [Info] [hammerspace.main] [BuildTEX] built 2 texture(s), 2 image payload(s), 0 palette payload(s); section size 160 bytes
[2026-09-20 01:14:44] [Info] [hammerspace.main] [BuildTEX] No textures; returning empty TEX section
[2026-09-20 01:14:44] [Info] [hammerspace.main] [BuildTEX] built 2 texture(s), 2 image payload(s), 0 palette payload(s); section size 160 bytes
[2026-09-20 01:14:44] [Info] [hammerspace.main] [BuildTEX] built 2 texture(s), 2 image payload(s), 2 palette payload(s); section size 256 bytes
[2026-09-20 01:14:44] [Info] [hammerspace.main] [BuildTEX] built 1 texture(s), 1 image payload(s), 0 palette payload(s); section size 96 bytes
[2026-09-20 01:14:44] [Info] [hammerspace.main] [CloneGPL] 832 bytes from block+0x20
[2026-09-20 01:14:44] [Info] [hammerspace.main] [GPL] appended custom submesh 'custom0' as submesh 2 (host bone 1, template builtin:rigid_spec_v1)
[2026-09-20 01:14:44] [Info] [hammerspace.main] [CloneACT] 832 bytes from block+0x360
[2026-09-20 01:14:44] [Info] [hammerspace.main] [ACT] custom submesh 'custom0': bone 1 GeoId -> 2 at ACT+0x50 (section-relative; stable across hammerspace relocation)
[2026-09-20 01:14:44] [Info] [hammerspace.main] [CloneACT] 832 bytes from block+0x360
[2026-09-20 01:14:44] [Info] [hammerspace.main] [CloneTEX] 160 bytes from block+0x6A0
[2026-09-20 01:14:44] [Info] [hammerspace.main] [CloneSKN] 384 bytes from block+0x740
[2026-09-20 01:14:44] [Info] [hammerspace.main] [CloneTrailing] No ptr6/ptr7/ptr8 sections
[2026-09-20 01:14:44] [Info] [hammerspace.main] [CloneHEADER] 0x20 bytes from offset 0x00002000
[2026-09-20 01:14:44] [Info] [hammerspace.main] [CloneGPL] 832 bytes from block+0x20
[2026-09-20 01:14:44] [Info] [hammerspace.main] [GPL] appended custom submesh 'custom0' as submesh 2 (host bone 3, template derived:sm0_ds5)
[2026-09-20 01:14:44] [Info] [hammerspace.main] [CloneACT] 832 bytes from block+0x360
[2026-09-20 01:14:44] [Info] [hammerspace.main] [ACT] custom submesh 'custom0': bone 3 GeoId -> 2 at ACT+0x88 (section-relative; stable across hammerspace relocation)
[2026-09-20 01:14:44] [Info] [hammerspace.main] [CloneACT] 832 bytes from block+0x360
[2026-09-20 01:14:44] [Info] [hammerspace.main] [CloneTEX] 160 bytes from block+0x6A0
[2026-09-20 01:14:44] [Info] [hammerspace.main] [CloneSKN] 384 bytes from block+0x740
[2026-09-20 01:14:44] [Info] [hammerspace.main] [CloneTrailing] No ptr6/ptr7/ptr8 sections
[2026-09-20 01:14:44] [Info] [hammerspace.main] [CloneHEADER] 0x20 bytes from offset 0x00002000
[2026-09-20 01:14:44] [Info] [hammerspace.main] [CloneGPL] 832 bytes from block+0x20
[2026-09-20 01:14:44] [Info] [hammerspace.main] [CloneGPL] 832 bytes from block+0x20
[2026-09-20 01:14:44] [Info] [hammerspace.main] [GPL] appended custom submesh 'custom0' as submesh 2 (host bone 1, template builtin:rigid_spec_v1)
[2026-09-20 01:14:44] [Info] [hammerspace.main] [CloneACT] 832 bytes from block+0x360
[2026-09-20 01:14:44] [Info] [hammerspace.main] [ACT] custom submesh 'custom0': bone 1 GeoId -> 2 at ACT+0x50 (section-relative; stable across hammerspace relocation)
[2026-09-20 01:14:44] [Info] [hammerspace.main] [CloneACT] 832 bytes from block+0x360
[2026-09-20 01:14:44] [Info] [hammerspace.main] [CloneTEX] 160 bytes from block+0x6A0
[2026-09-20 01:14:44] [Info] [hammerspace.main] [CloneSKN] 384 bytes from block+0x740
[2026-09-20 01:14:44] [Info] [hammerspace.main] [CloneTrailing] No ptr6/ptr7/ptr8 sections
[2026-09-20 01:14:44] [Info] [hammerspace.main] [CloneHEADER] 0x20 bytes from offset 0x00002000
[2026-09-20 01:14:44] [Info] [hammerspace.main] [CloneGPL] 832 bytes from block+0x20
[2026-09-20 01:14:44] [Info] [hammerspace.main] [GPL] appended custom submesh 'custom0' as submesh 2 (host bone 2, template rigid:sm1_ds5)
[2026-09-20 01:14:44] [Info] [hammerspace.main] [CloneACT] 832 bytes from block+0x360
[2026-09-20 01:14:44] [Info] [hammerspace.main] [ACT] custom submesh 'custom0': bone 2 GeoId -> 2 at ACT+0x6C (section-relative; stable across hammerspace relocation)
[2026-09-20 01:14:44] [Info] [hammerspace.main] [CloneACT] 832 bytes from block+0x360
[2026-09-20 01:14:44] [Info] [hammerspace.main] [CloneTEX] 160 bytes from block+0x6A0
[2026-09-20 01:14:44] [Info] [hammerspace.main] [CloneSKN] 384 bytes from block+0x740
[2026-09-20 01:14:44] [Info] [hammerspace.main] [CloneTrailing] No ptr6/ptr7/ptr8 sections
[2026-09-20 01:14:44] [Info] [hammerspace.main] [CloneHEADER] 0x20 bytes from offset 0x00002000
[2026-09-20 01:14:44] [Info] [hammerspace.main] [GPL] appended custom submesh 'custom0' as submesh 1 (host bone 5, template builtin:rigid_spec_v1)
[2026-09-20 01:14:44] [Info] [geometry.rebuild] [M3.3] sub0: normal buffer compacted to 5 unique normals
[2026-09-20 01:14:44] [Info] [geometry.rebuild] [M3.2] sub0: rebuilt draw states [1]; descriptor upgrades []; triangulated 0 irreducible GX blocks
[2026-09-20 01:14:44] [Info] [geometry.rebuild] [M3.2] sub0 uv0: 6 expanded coords -> 5 compact; indices rebuilt
[2026-09-20 01:14:44] [Info] [geometry.rebuild] [M3.3] sub0: normal buffer compacted to 5 unique normals
[2026-09-20 01:14:44] [Info] [geometry.rebuild] [M3.2] sub0: rebuilt draw states [1]; descriptor upgrades []; triangulated 0 irreducible GX blocks
[2026-09-20 01:14:44] [Info] [geometry.rebuild] [M3.3] sub0: normal buffer compacted to 4 unique normals
[2026-09-20 01:14:50] [Info] [hammerspace.main] [CloneACT] 832 bytes from block+0x360
[2026-09-20 01:14:50] [Info] [hammerspace.main] [ACT] bone 1 GeoId -> 2 at ACT+0x50 (GeoIdEdited retarget; section-relative, stable across hammerspace relocation)
[2026-09-20 01:14:50] [Info] [hammerspace.main] [CloneACT] 832 bytes from block+0x360
[2026-09-20 01:14:50] [Info] [hammerspace.main] [CloneTEX] 160 bytes from block+0x6A0
[2026-09-20 01:14:50] [Info] [hammerspace.main] [CloneSKN] 384 bytes from block+0x740
[2026-09-20 01:14:50] [Info] [hammerspace.main] [CloneTrailing] No ptr6/ptr7/ptr8 sections
[2026-09-20 01:14:50] [Info] [hammerspace.main] [CloneHEADER] 0x20 bytes from offset 0x00002000
[2026-09-20 01:14:50] [Info] [build_add_submesh_fixture] [ACT] bone 1 GeoId already reads submesh 2 at ACT+0x50 (applied by BuildModelBlock via GeoIdEdited)
[2026-09-20 01:14:50] [Info] [hammerspace.main] [CloneACT] 832 bytes from block+0x360
[2026-09-20 01:14:50] [Info] [hammerspace.main] [ACT] bone 1 GeoId -> 2 at ACT+0x50 (GeoIdEdited retarget; section-relative, stable across hammerspace relocation)
[2026-09-20 01:14:50] [Info] [hammerspace.main] [CloneACT] 832 bytes from block+0x360
[2026-09-20 01:14:50] [Info] [hammerspace.main] [CloneTEX] 160 bytes from block+0x6A0
[2026-09-20 01:14:50] [Info] [hammerspace.main] [CloneSKN] 384 bytes from block+0x740
[2026-09-20 01:14:50] [Info] [hammerspace.main] [CloneTrailing] No ptr6/ptr7/ptr8 sections
[2026-09-20 01:14:50] [Info] [hammerspace.main] [CloneHEADER] 0x20 bytes from offset 0x00002000
[2026-09-20 01:14:50] [Info] [build_add_submesh_fixture] [ACT] bone 1 GeoId already reads submesh 2 at ACT+0x50 (applied by BuildModelBlock via GeoIdEdited)
[2026-09-20 01:14:50] [Info] [hammerspace.main] [CloneACT] 832 bytes from block+0x360
[2026-09-20 01:14:50] [Info] [hammerspace.main] [ACT] bone 1 GeoId -> 2 at ACT+0x50 (GeoIdEdited retarget; section-relative, stable across hammerspace relocation)
[2026-09-20 01:14:50] [Info] [hammerspace.main] [CloneACT] 832 bytes from block+0x360
[2026-09-20 01:14:50] [Info] [hammerspace.main] [CloneTEX] 160 bytes from block+0x6A0
[2026-09-20 01:14:50] [Info] [hammerspace.main] [CloneSKN] 384 bytes from block+0x740
[2026-09-20 01:14:50] [Info] [hammerspace.main] [CloneTrailing] No ptr6/ptr7/ptr8 sections
[2026-09-20 01:14:50] [Info] [hammerspace.main] [CloneHEADER] 0x20 bytes from offset 0x00002000
[2026-09-20 01:14:50] [Info] [build_add_submesh_fixture] [ACT] bone 1 GeoId already reads submesh 2 at ACT+0x50 (applied by BuildModelBlock via GeoIdEdited)
[2026-09-20 01:14:50] [Info] [hammerspace.main] [CloneACT] 832 bytes from block+0x360
[2026-09-20 01:14:50] [Info] [hammerspace.main] [ACT] bone 1 GeoId -> 2 at ACT+0x50 (GeoIdEdited retarget; section-relative, stable across hammerspace relocation)
[2026-09-20 01:14:50] [Info] [hammerspace.main] [CloneACT] 832 bytes from block+0x360
[2026-09-20 01:14:50] [Info] [hammerspace.main] [CloneTEX] 160 bytes from block+0x6A0
[2026-09-20 01:14:50] [Info] [hammerspace.main] [CloneSKN] 384 bytes from block+0x740
[2026-09-20 01:14:50] [Info] [hammerspace.main] [CloneTrailing] No ptr6/ptr7/ptr8 sections
[2026-09-20 01:14:50] [Info] [hammerspace.main] [CloneHEADER] 0x20 bytes from offset 0x00002000
[2026-09-20 01:14:50] [Info] [build_add_submesh_fixture] [ACT] bone 1 GeoId already reads submesh 2 at ACT+0x50 (applied by BuildModelBlock via GeoIdEdited)
[2026-09-20 01:14:52] [Info] [geometry.rebuild] [M3.3] sub0 color: 4 donor entries -> 4 compact; indices rebuilt
[2026-09-20 01:14:52] [Info] [geometry.rebuild] [M3.2] sub0: rebuilt draw states [1]; descriptor upgrades []; triangulated 0 irreducible GX blocks
[2026-09-20 01:14:52] [Info] [geometry.rebuild] [M3.3] sub0 color: 4 donor entries -> 4 compact; indices preserved
[2026-09-20 01:14:52] [Info] [hammerspace.main] [CloneGPL] 832 bytes from block+0x20
[2026-09-20 01:14:52] [Info] [hammerspace.main] [GPL] appended custom submesh 'custom0' as submesh 2 (host bone 1, template builtin:rigid_spec_v1)
[2026-09-20 01:14:52] [Info] [hammerspace.main] [CloneACT] 832 bytes from block+0x360
[2026-09-20 01:14:52] [Info] [hammerspace.main] [ACT] custom submesh 'custom0': bone 1 GeoId -> 2 at ACT+0x50 (section-relative; stable across hammerspace relocation)
[2026-09-20 01:14:52] [Info] [hammerspace.main] [CloneACT] 832 bytes from block+0x360
[2026-09-20 01:14:52] [Info] [hammerspace.main] [CloneTEX] 160 bytes from block+0x6A0
[2026-09-20 01:14:52] [Info] [hammerspace.main] [CloneSKN] 384 bytes from block+0x740
[2026-09-20 01:14:52] [Info] [hammerspace.main] [CloneTrailing] No ptr6/ptr7/ptr8 sections
[2026-09-20 01:14:52] [Info] [hammerspace.main] [CloneHEADER] 0x20 bytes from offset 0x00002000
[2026-09-20 01:14:52] [Info] [hammerspace.main] [CloneGPL] 832 bytes from block+0x20
[2026-09-20 01:14:52] [Info] [hammerspace.main] [GPL] appended custom submesh 'custom0' as submesh 2 (host bone 1, template builtin:rigid_spec_v1)
[2026-09-20 01:14:52] [Info] [hammerspace.main] [CloneACT] 832 bytes from block+0x360
[2026-09-20 01:14:52] [Info] [hammerspace.main] [ACT] custom submesh 'custom0': bone 1 GeoId -> 2 at ACT+0x50 (section-relative; stable across hammerspace relocation)
[2026-09-20 01:14:52] [Info] [hammerspace.main] [CloneACT] 832 bytes from block+0x360
[2026-09-20 01:14:52] [Info] [hammerspace.main] [CloneTEX] 160 bytes from block+0x6A0
[2026-09-20 01:14:52] [Info] [hammerspace.main] [CloneSKN] 384 bytes from block+0x740
[2026-09-20 01:14:52] [Info] [hammerspace.main] [CloneTrailing] No ptr6/ptr7/ptr8 sections
[2026-09-20 01:14:52] [Info] [hammerspace.main] [CloneHEADER] 0x20 bytes from offset 0x00002000
[2026-09-20 01:14:52] [Info] [hammerspace.main] [CloneGPL] 832 bytes from block+0x20
[2026-09-20 01:14:52] [Info] [hammerspace.main] [GPL] appended custom submesh 'custom0' as submesh 2 (host bone 1, template rigid:sm1_ds5)
[2026-09-20 01:14:52] [Info] [hammerspace.main] [CloneACT] 832 bytes from block+0x360
[2026-09-20 01:14:52] [Info] [hammerspace.main] [ACT] custom submesh 'custom0': bone 1 GeoId -> 2 at ACT+0x50 (section-relative; stable across hammerspace relocation)
[2026-09-20 01:14:52] [Info] [hammerspace.main] [CloneACT] 832 bytes from block+0x360
[2026-09-20 01:14:52] [Info] [hammerspace.main] [CloneTEX] 160 bytes from block+0x6A0
[2026-09-20 01:14:52] [Info] [hammerspace.main] [CloneSKN] 384 bytes from block+0x740
[2026-09-20 01:14:52] [Info] [hammerspace.main] [CloneTrailing] No ptr6/ptr7/ptr8 sections
[2026-09-20 01:14:52] [Info] [hammerspace.main] [CloneHEADER] 0x20 bytes from offset 0x00002000
[2026-09-20 01:14:52] [Info] [hammerspace.main] [CloneGPL] 832 bytes from block+0x20
[2026-09-20 01:14:52] [Info] [hammerspace.main] [GPL] appended custom submesh 'custom0' as submesh 2 (host bone 1, template derived:sm0_ds5)
[2026-09-20 01:14:52] [Info] [hammerspace.main] [CloneACT] 832 bytes from block+0x360
[2026-09-20 01:14:52] [Info] [hammerspace.main] [ACT] custom submesh 'custom0': bone 1 GeoId -> 2 at ACT+0x50 (section-relative; stable across hammerspace relocation)
[2026-09-20 01:14:52] [Info] [hammerspace.main] [CloneACT] 832 bytes from block+0x360
[2026-09-20 01:14:52] [Info] [hammerspace.main] [CloneTEX] 160 bytes from block+0x6A0
[2026-09-20 01:14:52] [Info] [hammerspace.main] [CloneSKN] 384 bytes from block+0x740
[2026-09-20 01:14:52] [Info] [hammerspace.main] [CloneTrailing] No ptr6/ptr7/ptr8 sections
[2026-09-20 01:14:52] [Info] [hammerspace.main] [CloneHEADER] 0x20 bytes from offset 0x00002000
[2026-09-20 01:14:52] [Info] [hammerspace.main] [CloneGPL] 832 bytes from block+0x20
[2026-09-20 01:14:52] [Info] [hammerspace.main] [GPL] appended custom submesh 'custom0' as submesh 2 (host bone 1, template builtin:rigid_spec_v1)
[2026-09-20 01:14:52] [Info] [hammerspace.main] [CloneACT] 832 bytes from block+0x360
[2026-09-20 01:14:52] [Info] [hammerspace.main] [ACT] custom submesh 'custom0': bone 1 GeoId -> 2 at ACT+0x50 (section-relative; stable across hammerspace relocation)
[2026-09-20 01:14:52] [Info] [hammerspace.main] [CloneACT] 832 bytes from block+0x360
[2026-09-20 01:14:52] [Info] [hammerspace.main] [CloneTEX] 160 bytes from block+0x6A0
[2026-09-20 01:14:52] [Info] [hammerspace.main] [CloneSKN] 384 bytes from block+0x740
[2026-09-20 01:14:52] [Info] [hammerspace.main] [CloneTrailing] No ptr6/ptr7/ptr8 sections
[2026-09-20 01:14:52] [Info] [hammerspace.main] [CloneHEADER] 0x20 bytes from offset 0x00002000
[2026-09-20 01:14:53] [Info] [dispatcher] Resolved PNG '0.png' → model.sluggie texture 0
[2026-09-20 01:14:53] [Info] [dispatcher] Resolved PNG '0.png' → model.sluggie texture 0
[2026-09-20 01:14:53] [Info] [dispatcher] Found: C:\Users\gerno\AppData\Local\Temp\tmpzfoiuyer\model.sluggie
[2026-09-20 01:14:53] [Info] [dispatcher] Resolved PNG '0.png' → model.sluggie texture 0
[2026-09-20 01:14:53] [Info] [dispatcher] Found: C:\Users\gerno\AppData\Local\Temp\tmptt0mx37x\model.sluggie
[2026-09-20 01:14:53] [Warning] [act] bone 0 is not relative
[2026-09-20 01:14:53] [Warning] [act] bone 0 is not relative
[2026-09-20 01:14:53] [Warning] [act] bone 0 is not relative
[2026-09-20 01:14:53] [Info] [hammerspace.helper] [1] Current DOL entry: chunk=0, file_index=0, offset=0x00000008 (8), length=0x00000008 (8 bytes)
[2026-09-20 01:14:53] [Info] [hammerspace.helper] [2] Original DOL entry: offset=0x00000008 (8), length=0x00000008 (8 bytes)
[2026-09-20 01:14:53] [Info] [hammerspace.helper] DOL entry was already restored; original model bytes were repaired and verified.
[2026-09-20 01:14:53] [Info] [hammerspace.helper] [1] Current DOL entry: chunk=0, file_index=0, offset=0x00000040 (64), length=0x00000008 (8 bytes)
[2026-09-20 01:14:53] [Info] [hammerspace.helper] [2] Original DOL entry: offset=0x00000008 (8), length=0x00000008 (8 bytes)
[2026-09-20 01:14:53] [Info] [hammerspace.helper] [3] Restored and verified 8 original model bytes at 0x00000008.
[2026-09-20 01:14:53] [Info] [hammerspace.helper] [4] Restoring original DOL entry ...
[2026-09-20 01:14:53] [Info] [hammerspace.helper] [5] Zeroing 8 bytes at 0x00000040 in OUTPUT dt_na.dat ...
[2026-09-20 01:14:53] [Info] [hammerspace.helper]     Zeroed 8 bytes.
[2026-09-20 01:14:53] [Info] [hammerspace.helper] Done. chunk=0, file_index=0 removed from hammerspace.
[2026-09-20 01:14:53] [Info] [hammerspace.main] [ACT] bone 5 GeoId -> 65535 at ACT+0x20 (GeoIdEdited retarget; section-relative, stable across hammerspace relocation)
[2026-09-20 01:14:53] [Info] [hammerspace.main] [ACT] custom submesh 'custom0': bone 5 GeoId -> 2 at ACT+0x20 (section-relative; stable across hammerspace relocation)
[2026-09-20 01:14:53] [Info] [hammerspace.main] [ACT] bone 6 GeoId -> 1 at ACT+0x28 (GeoIdEdited retarget; section-relative, stable across hammerspace relocation)
[2026-09-20 01:14:53] [Info] [hammerspace.main] [ACT] bone 5 GeoId -> 65535 at ACT+0x20 (GeoIdEdited retarget; section-relative, stable across hammerspace relocation)
[2026-09-20 01:14:53] [Info] [hammerspace.main] [ACT] custom submesh 'custom0': bone 5 GeoId -> 1 at ACT+0x20 (section-relative; stable across hammerspace relocation)
[2026-09-20 01:14:53] [Info] [hammerspace.main] [ACT] custom submesh 'custom1': bone 6 GeoId -> 2 at ACT+0x28 (section-relative; stable across hammerspace relocation)
[2026-09-20 01:14:53] [Info] [hammerspace.main] [ACT] custom submesh 'custom0': bone 5 GeoId -> 2 at ACT+0x20 (section-relative; stable across hammerspace relocation)
[2026-09-20 01:14:53] [Error] [hammerspace.main] Bone 1: SRTOffset 0x103F is before the ACT section start (0x1040); the .sluggie's SRTOffset metadata does not match this model's ACT section layout. Re-export the model with the latest SluggiesTools export.py, then export from Blender again.
[2026-09-20 01:14:53] [Info] [hammerspace.main] [ACT] root-bone SRT scale: bone 1 wrote 400000003fc000003f800000 at ACT+0x54 (section-relative; stable across hammerspace relocation)
[2026-09-20 01:14:53] [Info] [hammerspace.main] [Container] DOL entry is an archive: 3 slots, 3 populated; rebuilding slot 1 at +0x60 and carrying the other 2 member(s) along
[2026-09-20 01:14:53] [Info] [hammerspace.main] [Container] archive slot 1 64 -> 192 bytes; 1 later slot(s) shifted by +128; archive 256 -> 384 bytes
[2026-09-20 01:14:53] [Info] [hammerspace.main] [Container] preserving 32-byte DOL entry prefix; inner model starts at +0x20
[2026-09-20 01:14:53] [Info] [hammerspace.main] [Container] DOL entry is an archive: 3 slots, 3 populated; rebuilding slot 1 at +0x60 and carrying the other 2 member(s) along
[2026-09-20 01:14:53] [Info] [hammerspace.main] [Container] archive slot 1 64 -> 192 bytes; 1 later slot(s) shifted by +128; archive 256 -> 384 bytes
[2026-09-20 01:14:53] [Info] [hammerspace.main] [Container] DOL entry is an archive: 3 slots, 3 populated; rebuilding slot 1 at +0x60 and carrying the other 2 member(s) along
[2026-09-20 01:14:53] [Info] [hammerspace.main] [Container] archive slot 1 64 -> 192 bytes; 1 later slot(s) shifted by +128; archive 256 -> 384 bytes
[2026-09-20 01:14:53] [Info] [hammerspace.main] [CloneGPL] 4 bytes from block+0x20
[2026-09-20 01:14:53] [Info] [hammerspace.main] [HDR] +0x18 patched: 0x00000180 → 0x00000100
[2026-09-20 01:14:53] [Info] [hammerspace.main] [HDR] +0x14 patched: 0x00000100 → 0x000000A0
[2026-09-20 01:14:53] [Info] [hammerspace.main] [HDR] +0x18 patched: 0x00000140 → 0x000000E0
[2026-09-20 01:14:53] [Info] [hammerspace.main] [HDR] +0x1C patched: 0x00000180 → 0x00000120
[2026-09-20 01:14:53] [Info] [hammerspace.main] [GPL] patched material state sub0 ds0 at GPL+0x10
[2026-09-20 01:14:53] [Info] [hammerspace.main] [GPL] patched material state sub0 ds1 at GPL+0x20
[2026-09-20 01:14:53] [Info] [hammerspace.main] [GPL] patched position array sub0 at GPL+0x10 (6 bytes)
[2026-09-20 01:14:53] [Info] [hammerspace.main] Model already in hammerspace at 0x00003000; keeping the old route live until replacement commits
[2026-09-20 01:14:53] [Info] [hammerspace.main] Hammerspace Log: Replaced | Model: fixture.sluggie | Old address: 0x00003000 | Old size: 0.00 MB
[2026-09-20 01:14:53] [Info] [hammerspace.main] Hammerspace Log: Written | Model: fixture.sluggie | Chunk: 18 | File: 0 | Address: 0x00004000 | Size: 0.00 MB | Modes: {'GPL': 'clone', 'ACT': 'clone', 'TEX': 'clone', 'SKN': 'clone', 'trailing': 'clone'}
[2026-09-20 01:14:53] [Info] [hammerspace.main] Model already in hammerspace at 0x00003000; keeping the old route live until replacement commits
[2026-09-20 01:14:53] [Info] [hammerspace.main] Model already in hammerspace at 0x00003000; keeping the old route live until replacement commits
[2026-09-20 01:14:53] [Info] [hammerspace.main] Hammerspace Log: Replaced | Model: fixture.sluggie | Old address: 0x00003000 | Old size: 0.00 MB
[2026-09-20 01:14:53] [Info] [hammerspace.main] Hammerspace Log: Written | Model: fixture.sluggie | Chunk: 18 | File: 0 | Address: 0x00004000 | Size: 0.00 MB | Modes: {'GPL': 'clone', 'ACT': 'clone', 'TEX': 'clone', 'SKN': 'clone', 'trailing': 'clone'}
[2026-09-20 01:14:53] [Info] [hammerspace.main] Model already in hammerspace at 0x00003000; keeping the old route live until replacement commits
[2026-09-20 01:14:53] [Info] [hammerspace.main] [GPL] appended UV array sub0 uv0 at GPL+0x80 (8 bytes)
[2026-09-20 01:14:53] [Info] [hammerspace.main] [GPL] appended primitive list sub0 ds0 (32 bytes)
[2026-09-20 01:14:53] [Info] [hammerspace.main] [GPL] patched UV array sub0 uv0 at GPL+0x14 (4 bytes)
[2026-09-20 01:14:53] [Info] [hammerspace.main] Hammerspace Log: Written | Model: fixture.sluggie | Chunk: 18 | File: 0 | Address: 0x00001020 | Size: 0.00 MB | Modes: {'GPL': 'clone', 'ACT': 'clone', 'TEX': 'clone', 'SKN': 'clone', 'trailing': 'clone'}
[2026-09-20 01:14:53] [Info] [hammerspace.main] Hammerspace Log: Written | Model: fixture.sluggie | Chunk: 18 | File: 0 | Address: 0x00002000 | Size: 0.00 MB | Modes: {'GPL': 'clone', 'ACT': 'clone', 'TEX': 'clone', 'SKN': 'clone', 'trailing': 'clone'}
[2026-09-20 01:14:53] [Warning] [hammerspace.main] [SKN] SK1/SK2 destinations are not cache-line exclusive; source arrays packed sequentially instead of mirroring the position buffer (donor layout rule) — facial poses on skinned vertices may break in-game
[2026-09-20 01:14:53] [Info] [hammerspace.main] [BuildTEX] built 5 texture(s), 5 image payload(s), 0 palette payload(s); section size 832 bytes
[2026-09-20 01:14:53] [Info] [hammerspace.main] [BuildTEX] built 2 texture(s), 2 image payload(s), 0 palette payload(s); section size 160 bytes
[2026-09-20 01:14:54] [Info] [hammerspace.main] [BuildTEX] No textures; returning empty TEX section
[2026-09-20 01:14:54] [Info] [hammerspace.main] [BuildTEX] built 2 texture(s), 2 image payload(s), 0 palette payload(s); section size 160 bytes
[2026-09-20 01:14:54] [Info] [hammerspace.main] [BuildTEX] built 2 texture(s), 2 image payload(s), 2 palette payload(s); section size 256 bytes
[2026-09-20 01:14:54] [Info] [hammerspace.main] [BuildTEX] built 1 texture(s), 1 image payload(s), 0 palette payload(s); section size 96 bytes
[2026-09-20 01:14:54] [Info] [hammerspace.main] [CloneGPL] 832 bytes from block+0x20
[2026-09-20 01:14:54] [Info] [hammerspace.main] [GPL] appended custom submesh 'custom0' as submesh 2 (host bone 1, template builtin:rigid_spec_v1)
[2026-09-20 01:14:54] [Info] [hammerspace.main] [CloneACT] 832 bytes from block+0x360
[2026-09-20 01:14:54] [Info] [hammerspace.main] [ACT] custom submesh 'custom0': bone 1 GeoId -> 2 at ACT+0x50 (section-relative; stable across hammerspace relocation)
[2026-09-20 01:14:54] [Info] [hammerspace.main] [CloneACT] 832 bytes from block+0x360
[2026-09-20 01:14:54] [Info] [hammerspace.main] [CloneTEX] 160 bytes from block+0x6A0
[2026-09-20 01:14:54] [Info] [hammerspace.main] [CloneSKN] 384 bytes from block+0x740
[2026-09-20 01:14:54] [Info] [hammerspace.main] [CloneTrailing] No ptr6/ptr7/ptr8 sections
[2026-09-20 01:14:54] [Info] [hammerspace.main] [CloneHEADER] 0x20 bytes from offset 0x00002000
[2026-09-20 01:14:54] [Info] [hammerspace.main] [CloneGPL] 832 bytes from block+0x20
[2026-09-20 01:14:54] [Info] [hammerspace.main] [GPL] appended custom submesh 'custom0' as submesh 2 (host bone 3, template derived:sm0_ds5)
[2026-09-20 01:14:54] [Info] [hammerspace.main] [CloneACT] 832 bytes from block+0x360
[2026-09-20 01:14:54] [Info] [hammerspace.main] [ACT] custom submesh 'custom0': bone 3 GeoId -> 2 at ACT+0x88 (section-relative; stable across hammerspace relocation)
[2026-09-20 01:14:54] [Info] [hammerspace.main] [CloneACT] 832 bytes from block+0x360
[2026-09-20 01:14:54] [Info] [hammerspace.main] [CloneTEX] 160 bytes from block+0x6A0
[2026-09-20 01:14:54] [Info] [hammerspace.main] [CloneSKN] 384 bytes from block+0x740
[2026-09-20 01:14:54] [Info] [hammerspace.main] [CloneTrailing] No ptr6/ptr7/ptr8 sections
[2026-09-20 01:14:54] [Info] [hammerspace.main] [CloneHEADER] 0x20 bytes from offset 0x00002000
[2026-09-20 01:14:54] [Info] [hammerspace.main] [CloneGPL] 832 bytes from block+0x20
[2026-09-20 01:14:54] [Info] [hammerspace.main] [CloneGPL] 832 bytes from block+0x20
[2026-09-20 01:14:54] [Info] [hammerspace.main] [GPL] appended custom submesh 'custom0' as submesh 2 (host bone 1, template builtin:rigid_spec_v1)
[2026-09-20 01:14:54] [Info] [hammerspace.main] [CloneACT] 832 bytes from block+0x360
[2026-09-20 01:14:54] [Info] [hammerspace.main] [ACT] custom submesh 'custom0': bone 1 GeoId -> 2 at ACT+0x50 (section-relative; stable across hammerspace relocation)
[2026-09-20 01:14:54] [Info] [hammerspace.main] [CloneACT] 832 bytes from block+0x360
[2026-09-20 01:14:54] [Info] [hammerspace.main] [CloneTEX] 160 bytes from block+0x6A0
[2026-09-20 01:14:54] [Info] [hammerspace.main] [CloneSKN] 384 bytes from block+0x740
[2026-09-20 01:14:54] [Info] [hammerspace.main] [CloneTrailing] No ptr6/ptr7/ptr8 sections
[2026-09-20 01:14:54] [Info] [hammerspace.main] [CloneHEADER] 0x20 bytes from offset 0x00002000
[2026-09-20 01:14:54] [Info] [hammerspace.main] [CloneGPL] 832 bytes from block+0x20
[2026-09-20 01:14:54] [Info] [hammerspace.main] [GPL] appended custom submesh 'custom0' as submesh 2 (host bone 2, template rigid:sm1_ds5)
[2026-09-20 01:14:54] [Info] [hammerspace.main] [CloneACT] 832 bytes from block+0x360
[2026-09-20 01:14:54] [Info] [hammerspace.main] [ACT] custom submesh 'custom0': bone 2 GeoId -> 2 at ACT+0x6C (section-relative; stable across hammerspace relocation)
[2026-09-20 01:14:54] [Info] [hammerspace.main] [CloneACT] 832 bytes from block+0x360
[2026-09-20 01:14:54] [Info] [hammerspace.main] [CloneTEX] 160 bytes from block+0x6A0
[2026-09-20 01:14:54] [Info] [hammerspace.main] [CloneSKN] 384 bytes from block+0x740
[2026-09-20 01:14:54] [Info] [hammerspace.main] [CloneTrailing] No ptr6/ptr7/ptr8 sections
[2026-09-20 01:14:54] [Info] [hammerspace.main] [CloneHEADER] 0x20 bytes from offset 0x00002000
[2026-09-20 01:14:54] [Info] [hammerspace.main] [GPL] appended custom submesh 'custom0' as submesh 1 (host bone 5, template builtin:rigid_spec_v1)
[2026-09-20 01:14:54] [Info] [geometry.rebuild] [M3.3] sub0: normal buffer compacted to 5 unique normals
[2026-09-20 01:14:54] [Info] [geometry.rebuild] [M3.2] sub0: rebuilt draw states [1]; descriptor upgrades []; triangulated 0 irreducible GX blocks
[2026-09-20 01:14:54] [Info] [geometry.rebuild] [M3.2] sub0 uv0: 6 expanded coords -> 5 compact; indices rebuilt
[2026-09-20 01:14:54] [Info] [geometry.rebuild] [M3.3] sub0: normal buffer compacted to 5 unique normals
[2026-09-20 01:14:54] [Info] [geometry.rebuild] [M3.2] sub0: rebuilt draw states [1]; descriptor upgrades []; triangulated 0 irreducible GX blocks
[2026-09-20 01:14:54] [Info] [geometry.rebuild] [M3.3] sub0: normal buffer compacted to 4 unique normals
[2026-09-20 01:15:06] [Info] [hammerspace.main] [CloneACT] 832 bytes from block+0x360
[2026-09-20 01:15:06] [Info] [hammerspace.main] [ACT] bone 1 GeoId -> 2 at ACT+0x50 (GeoIdEdited retarget; section-relative, stable across hammerspace relocation)
[2026-09-20 01:15:06] [Info] [hammerspace.main] [CloneACT] 832 bytes from block+0x360
[2026-09-20 01:15:06] [Info] [hammerspace.main] [CloneTEX] 160 bytes from block+0x6A0
[2026-09-20 01:15:06] [Info] [hammerspace.main] [CloneSKN] 384 bytes from block+0x740
[2026-09-20 01:15:06] [Info] [hammerspace.main] [CloneTrailing] No ptr6/ptr7/ptr8 sections
[2026-09-20 01:15:06] [Info] [hammerspace.main] [CloneHEADER] 0x20 bytes from offset 0x00002000
[2026-09-20 01:15:06] [Info] [build_add_submesh_fixture] [ACT] bone 1 GeoId already reads submesh 2 at ACT+0x50 (applied by BuildModelBlock via GeoIdEdited)
[2026-09-20 01:15:06] [Info] [hammerspace.main] [CloneACT] 832 bytes from block+0x360
[2026-09-20 01:15:06] [Info] [hammerspace.main] [ACT] bone 1 GeoId -> 2 at ACT+0x50 (GeoIdEdited retarget; section-relative, stable across hammerspace relocation)
[2026-09-20 01:15:06] [Info] [hammerspace.main] [CloneACT] 832 bytes from block+0x360
[2026-09-20 01:15:06] [Info] [hammerspace.main] [CloneTEX] 160 bytes from block+0x6A0
[2026-09-20 01:15:06] [Info] [hammerspace.main] [CloneSKN] 384 bytes from block+0x740
[2026-09-20 01:15:06] [Info] [hammerspace.main] [CloneTrailing] No ptr6/ptr7/ptr8 sections
[2026-09-20 01:15:06] [Info] [hammerspace.main] [CloneHEADER] 0x20 bytes from offset 0x00002000
[2026-09-20 01:15:06] [Info] [build_add_submesh_fixture] [ACT] bone 1 GeoId already reads submesh 2 at ACT+0x50 (applied by BuildModelBlock via GeoIdEdited)
[2026-09-20 01:15:06] [Info] [hammerspace.main] [CloneACT] 832 bytes from block+0x360
[2026-09-20 01:15:06] [Info] [hammerspace.main] [ACT] bone 1 GeoId -> 2 at ACT+0x50 (GeoIdEdited retarget; section-relative, stable across hammerspace relocation)
[2026-09-20 01:15:06] [Info] [hammerspace.main] [CloneACT] 832 bytes from block+0x360
[2026-09-20 01:15:06] [Info] [hammerspace.main] [CloneTEX] 160 bytes from block+0x6A0
[2026-09-20 01:15:06] [Info] [hammerspace.main] [CloneSKN] 384 bytes from block+0x740
[2026-09-20 01:15:06] [Info] [hammerspace.main] [CloneTrailing] No ptr6/ptr7/ptr8 sections
[2026-09-20 01:15:06] [Info] [hammerspace.main] [CloneHEADER] 0x20 bytes from offset 0x00002000
[2026-09-20 01:15:06] [Info] [build_add_submesh_fixture] [ACT] bone 1 GeoId already reads submesh 2 at ACT+0x50 (applied by BuildModelBlock via GeoIdEdited)
[2026-09-20 01:15:07] [Info] [hammerspace.main] [CloneACT] 832 bytes from block+0x360
[2026-09-20 01:15:07] [Info] [hammerspace.main] [ACT] bone 1 GeoId -> 2 at ACT+0x50 (GeoIdEdited retarget; section-relative, stable across hammerspace relocation)
[2026-09-20 01:15:07] [Info] [hammerspace.main] [CloneACT] 832 bytes from block+0x360
[2026-09-20 01:15:07] [Info] [hammerspace.main] [CloneTEX] 160 bytes from block+0x6A0
[2026-09-20 01:15:07] [Info] [hammerspace.main] [CloneSKN] 384 bytes from block+0x740
[2026-09-20 01:15:07] [Info] [hammerspace.main] [CloneTrailing] No ptr6/ptr7/ptr8 sections
[2026-09-20 01:15:07] [Info] [hammerspace.main] [CloneHEADER] 0x20 bytes from offset 0x00002000
[2026-09-20 01:15:07] [Info] [build_add_submesh_fixture] [ACT] bone 1 GeoId already reads submesh 2 at ACT+0x50 (applied by BuildModelBlock via GeoIdEdited)
[2026-09-20 01:15:08] [Info] [geometry.rebuild] [M3.3] sub0 color: 4 donor entries -> 4 compact; indices rebuilt
[2026-09-20 01:15:08] [Info] [geometry.rebuild] [M3.2] sub0: rebuilt draw states [1]; descriptor upgrades []; triangulated 0 irreducible GX blocks
[2026-09-20 01:15:08] [Info] [geometry.rebuild] [M3.3] sub0 color: 4 donor entries -> 4 compact; indices preserved
[2026-09-20 01:15:08] [Info] [hammerspace.main] [CloneGPL] 832 bytes from block+0x20
[2026-09-20 01:15:08] [Info] [hammerspace.main] [GPL] appended custom submesh 'custom0' as submesh 2 (host bone 1, template builtin:rigid_spec_v1)
[2026-09-20 01:15:08] [Info] [hammerspace.main] [CloneACT] 832 bytes from block+0x360
[2026-09-20 01:15:08] [Info] [hammerspace.main] [ACT] custom submesh 'custom0': bone 1 GeoId -> 2 at ACT+0x50 (section-relative; stable across hammerspace relocation)
[2026-09-20 01:15:08] [Info] [hammerspace.main] [CloneACT] 832 bytes from block+0x360
[2026-09-20 01:15:08] [Info] [hammerspace.main] [CloneTEX] 160 bytes from block+0x6A0
[2026-09-20 01:15:08] [Info] [hammerspace.main] [CloneSKN] 384 bytes from block+0x740
[2026-09-20 01:15:08] [Info] [hammerspace.main] [CloneTrailing] No ptr6/ptr7/ptr8 sections
[2026-09-20 01:15:08] [Info] [hammerspace.main] [CloneHEADER] 0x20 bytes from offset 0x00002000
[2026-09-20 01:15:08] [Info] [hammerspace.main] [CloneGPL] 832 bytes from block+0x20
[2026-09-20 01:15:08] [Info] [hammerspace.main] [GPL] appended custom submesh 'custom0' as submesh 2 (host bone 1, template builtin:rigid_spec_v1)
[2026-09-20 01:15:08] [Info] [hammerspace.main] [CloneACT] 832 bytes from block+0x360
[2026-09-20 01:15:08] [Info] [hammerspace.main] [ACT] custom submesh 'custom0': bone 1 GeoId -> 2 at ACT+0x50 (section-relative; stable across hammerspace relocation)
[2026-09-20 01:15:08] [Info] [hammerspace.main] [CloneACT] 832 bytes from block+0x360
[2026-09-20 01:15:08] [Info] [hammerspace.main] [CloneTEX] 160 bytes from block+0x6A0
[2026-09-20 01:15:08] [Info] [hammerspace.main] [CloneSKN] 384 bytes from block+0x740
[2026-09-20 01:15:08] [Info] [hammerspace.main] [CloneTrailing] No ptr6/ptr7/ptr8 sections
[2026-09-20 01:15:08] [Info] [hammerspace.main] [CloneHEADER] 0x20 bytes from offset 0x00002000
[2026-09-20 01:15:08] [Info] [hammerspace.main] [CloneGPL] 832 bytes from block+0x20
[2026-09-20 01:15:08] [Info] [hammerspace.main] [GPL] appended custom submesh 'custom0' as submesh 2 (host bone 1, template rigid:sm1_ds5)
[2026-09-20 01:15:08] [Info] [hammerspace.main] [CloneACT] 832 bytes from block+0x360
[2026-09-20 01:15:08] [Info] [hammerspace.main] [ACT] custom submesh 'custom0': bone 1 GeoId -> 2 at ACT+0x50 (section-relative; stable across hammerspace relocation)
[2026-09-20 01:15:08] [Info] [hammerspace.main] [CloneACT] 832 bytes from block+0x360
[2026-09-20 01:15:08] [Info] [hammerspace.main] [CloneTEX] 160 bytes from block+0x6A0
[2026-09-20 01:15:08] [Info] [hammerspace.main] [CloneSKN] 384 bytes from block+0x740
[2026-09-20 01:15:08] [Info] [hammerspace.main] [CloneTrailing] No ptr6/ptr7/ptr8 sections
[2026-09-20 01:15:08] [Info] [hammerspace.main] [CloneHEADER] 0x20 bytes from offset 0x00002000
[2026-09-20 01:15:08] [Info] [hammerspace.main] [CloneGPL] 832 bytes from block+0x20
[2026-09-20 01:15:08] [Info] [hammerspace.main] [GPL] appended custom submesh 'custom0' as submesh 2 (host bone 1, template derived:sm0_ds5)
[2026-09-20 01:15:08] [Info] [hammerspace.main] [CloneACT] 832 bytes from block+0x360
[2026-09-20 01:15:08] [Info] [hammerspace.main] [ACT] custom submesh 'custom0': bone 1 GeoId -> 2 at ACT+0x50 (section-relative; stable across hammerspace relocation)
[2026-09-20 01:15:08] [Info] [hammerspace.main] [CloneACT] 832 bytes from block+0x360
[2026-09-20 01:15:08] [Info] [hammerspace.main] [CloneTEX] 160 bytes from block+0x6A0
[2026-09-20 01:15:08] [Info] [hammerspace.main] [CloneSKN] 384 bytes from block+0x740
[2026-09-20 01:15:08] [Info] [hammerspace.main] [CloneTrailing] No ptr6/ptr7/ptr8 sections
[2026-09-20 01:15:08] [Info] [hammerspace.main] [CloneHEADER] 0x20 bytes from offset 0x00002000
[2026-09-20 01:15:08] [Info] [hammerspace.main] [CloneGPL] 832 bytes from block+0x20
[2026-09-20 01:15:08] [Info] [hammerspace.main] [GPL] appended custom submesh 'custom0' as submesh 2 (host bone 1, template builtin:rigid_spec_v1)
[2026-09-20 01:15:08] [Info] [hammerspace.main] [CloneACT] 832 bytes from block+0x360
[2026-09-20 01:15:08] [Info] [hammerspace.main] [ACT] custom submesh 'custom0': bone 1 GeoId -> 2 at ACT+0x50 (section-relative; stable across hammerspace relocation)
[2026-09-20 01:15:08] [Info] [hammerspace.main] [CloneACT] 832 bytes from block+0x360
[2026-09-20 01:15:08] [Info] [hammerspace.main] [CloneTEX] 160 bytes from block+0x6A0
[2026-09-20 01:15:08] [Info] [hammerspace.main] [CloneSKN] 384 bytes from block+0x740
[2026-09-20 01:15:08] [Info] [hammerspace.main] [CloneTrailing] No ptr6/ptr7/ptr8 sections
[2026-09-20 01:15:08] [Info] [hammerspace.main] [CloneHEADER] 0x20 bytes from offset 0x00002000
[2026-09-20 01:15:09] [Info] [dispatcher] Resolved PNG '0.png' → model.sluggie texture 0
[2026-09-20 01:15:09] [Info] [dispatcher] Resolved PNG '0.png' → model.sluggie texture 0
[2026-09-20 01:15:09] [Info] [dispatcher] Found: C:\Users\gerno\AppData\Local\Temp\tmp36qc8snm\model.sluggie
[2026-09-20 01:15:09] [Info] [dispatcher] Resolved PNG '0.png' → model.sluggie texture 0
[2026-09-20 01:15:09] [Info] [dispatcher] Found: C:\Users\gerno\AppData\Local\Temp\tmpu0h0bvih\model.sluggie
[2026-09-20 01:15:09] [Warning] [act] bone 0 is not relative
[2026-09-20 01:15:09] [Warning] [act] bone 0 is not relative
[2026-09-20 01:15:09] [Warning] [act] bone 0 is not relative
[2026-09-20 01:15:10] [Info] [hammerspace.helper] [1] Current DOL entry: chunk=0, file_index=0, offset=0x00000008 (8), length=0x00000008 (8 bytes)
[2026-09-20 01:15:10] [Info] [hammerspace.helper] [2] Original DOL entry: offset=0x00000008 (8), length=0x00000008 (8 bytes)
[2026-09-20 01:15:10] [Info] [hammerspace.helper] DOL entry was already restored; original model bytes were repaired and verified.
[2026-09-20 01:15:10] [Info] [hammerspace.helper] [1] Current DOL entry: chunk=0, file_index=0, offset=0x00000040 (64), length=0x00000008 (8 bytes)
[2026-09-20 01:15:10] [Info] [hammerspace.helper] [2] Original DOL entry: offset=0x00000008 (8), length=0x00000008 (8 bytes)
[2026-09-20 01:15:10] [Info] [hammerspace.helper] [3] Restored and verified 8 original model bytes at 0x00000008.
[2026-09-20 01:15:10] [Info] [hammerspace.helper] [4] Restoring original DOL entry ...
[2026-09-20 01:15:10] [Info] [hammerspace.helper] [5] Zeroing 8 bytes at 0x00000040 in OUTPUT dt_na.dat ...
[2026-09-20 01:15:10] [Info] [hammerspace.helper]     Zeroed 8 bytes.
[2026-09-20 01:15:10] [Info] [hammerspace.helper] Done. chunk=0, file_index=0 removed from hammerspace.
[2026-09-20 01:15:10] [Info] [hammerspace.main] [ACT] bone 5 GeoId -> 65535 at ACT+0x20 (GeoIdEdited retarget; section-relative, stable across hammerspace relocation)
[2026-09-20 01:15:10] [Info] [hammerspace.main] [ACT] custom submesh 'custom0': bone 5 GeoId -> 2 at ACT+0x20 (section-relative; stable across hammerspace relocation)
[2026-09-20 01:15:10] [Info] [hammerspace.main] [ACT] bone 6 GeoId -> 1 at ACT+0x28 (GeoIdEdited retarget; section-relative, stable across hammerspace relocation)
[2026-09-20 01:15:10] [Info] [hammerspace.main] [ACT] bone 5 GeoId -> 65535 at ACT+0x20 (GeoIdEdited retarget; section-relative, stable across hammerspace relocation)
[2026-09-20 01:15:10] [Info] [hammerspace.main] [ACT] custom submesh 'custom0': bone 5 GeoId -> 1 at ACT+0x20 (section-relative; stable across hammerspace relocation)
[2026-09-20 01:15:10] [Info] [hammerspace.main] [ACT] custom submesh 'custom1': bone 6 GeoId -> 2 at ACT+0x28 (section-relative; stable across hammerspace relocation)
[2026-09-20 01:15:10] [Info] [hammerspace.main] [ACT] custom submesh 'custom0': bone 5 GeoId -> 2 at ACT+0x20 (section-relative; stable across hammerspace relocation)
[2026-09-20 01:15:10] [Error] [hammerspace.main] Bone 1: SRTOffset 0x103F is before the ACT section start (0x1040); the .sluggie's SRTOffset metadata does not match this model's ACT section layout. Re-export the model with the latest SluggiesTools export.py, then export from Blender again.
[2026-09-20 01:15:10] [Info] [hammerspace.main] [ACT] root-bone SRT scale: bone 1 wrote 400000003fc000003f800000 at ACT+0x54 (section-relative; stable across hammerspace relocation)
[2026-09-20 01:15:10] [Info] [hammerspace.main] [Container] DOL entry is an archive: 3 slots, 3 populated; rebuilding slot 1 at +0x60 and carrying the other 2 member(s) along
[2026-09-20 01:15:10] [Info] [hammerspace.main] [Container] archive slot 1 64 -> 192 bytes; 1 later slot(s) shifted by +128; archive 256 -> 384 bytes
[2026-09-20 01:15:10] [Info] [hammerspace.main] [Container] preserving 32-byte DOL entry prefix; inner model starts at +0x20
[2026-09-20 01:15:10] [Info] [hammerspace.main] [Container] DOL entry is an archive: 3 slots, 3 populated; rebuilding slot 1 at +0x60 and carrying the other 2 member(s) along
[2026-09-20 01:15:10] [Info] [hammerspace.main] [Container] archive slot 1 64 -> 192 bytes; 1 later slot(s) shifted by +128; archive 256 -> 384 bytes
[2026-09-20 01:15:10] [Info] [hammerspace.main] [Container] DOL entry is an archive: 3 slots, 3 populated; rebuilding slot 1 at +0x60 and carrying the other 2 member(s) along
[2026-09-20 01:15:10] [Info] [hammerspace.main] [Container] archive slot 1 64 -> 192 bytes; 1 later slot(s) shifted by +128; archive 256 -> 384 bytes
[2026-09-20 01:15:10] [Info] [hammerspace.main] [CloneGPL] 4 bytes from block+0x20
[2026-09-20 01:15:10] [Info] [hammerspace.main] [HDR] +0x18 patched: 0x00000180 → 0x00000100
[2026-09-20 01:15:10] [Info] [hammerspace.main] [HDR] +0x14 patched: 0x00000100 → 0x000000A0
[2026-09-20 01:15:10] [Info] [hammerspace.main] [HDR] +0x18 patched: 0x00000140 → 0x000000E0
[2026-09-20 01:15:10] [Info] [hammerspace.main] [HDR] +0x1C patched: 0x00000180 → 0x00000120
[2026-09-20 01:15:10] [Info] [hammerspace.main] [GPL] patched material state sub0 ds0 at GPL+0x10
[2026-09-20 01:15:10] [Info] [hammerspace.main] [GPL] patched material state sub0 ds1 at GPL+0x20
[2026-09-20 01:15:10] [Info] [hammerspace.main] [GPL] patched position array sub0 at GPL+0x10 (6 bytes)
[2026-09-20 01:15:10] [Info] [hammerspace.main] Model already in hammerspace at 0x00003000; keeping the old route live until replacement commits
[2026-09-20 01:15:10] [Info] [hammerspace.main] Hammerspace Log: Replaced | Model: fixture.sluggie | Old address: 0x00003000 | Old size: 0.00 MB
[2026-09-20 01:15:10] [Info] [hammerspace.main] Hammerspace Log: Written | Model: fixture.sluggie | Chunk: 18 | File: 0 | Address: 0x00004000 | Size: 0.00 MB | Modes: {'GPL': 'clone', 'ACT': 'clone', 'TEX': 'clone', 'SKN': 'clone', 'trailing': 'clone'}
[2026-09-20 01:15:10] [Info] [hammerspace.main] Model already in hammerspace at 0x00003000; keeping the old route live until replacement commits
[2026-09-20 01:15:10] [Info] [hammerspace.main] Model already in hammerspace at 0x00003000; keeping the old route live until replacement commits
[2026-09-20 01:15:10] [Info] [hammerspace.main] Hammerspace Log: Replaced | Model: fixture.sluggie | Old address: 0x00003000 | Old size: 0.00 MB
[2026-09-20 01:15:10] [Info] [hammerspace.main] Hammerspace Log: Written | Model: fixture.sluggie | Chunk: 18 | File: 0 | Address: 0x00004000 | Size: 0.00 MB | Modes: {'GPL': 'clone', 'ACT': 'clone', 'TEX': 'clone', 'SKN': 'clone', 'trailing': 'clone'}
[2026-09-20 01:15:10] [Info] [hammerspace.main] Model already in hammerspace at 0x00003000; keeping the old route live until replacement commits
[2026-09-20 01:15:10] [Info] [hammerspace.main] [GPL] appended UV array sub0 uv0 at GPL+0x80 (8 bytes)
[2026-09-20 01:15:10] [Info] [hammerspace.main] [GPL] appended primitive list sub0 ds0 (32 bytes)
[2026-09-20 01:15:10] [Info] [hammerspace.main] [GPL] patched UV array sub0 uv0 at GPL+0x14 (4 bytes)
[2026-09-20 01:15:10] [Info] [hammerspace.main] Hammerspace Log: Written | Model: fixture.sluggie | Chunk: 18 | File: 0 | Address: 0x00001020 | Size: 0.00 MB | Modes: {'GPL': 'clone', 'ACT': 'clone', 'TEX': 'clone', 'SKN': 'clone', 'trailing': 'clone'}
[2026-09-20 01:15:10] [Info] [hammerspace.main] Hammerspace Log: Written | Model: fixture.sluggie | Chunk: 18 | File: 0 | Address: 0x00002000 | Size: 0.00 MB | Modes: {'GPL': 'clone', 'ACT': 'clone', 'TEX': 'clone', 'SKN': 'clone', 'trailing': 'clone'}
[2026-09-20 01:15:10] [Warning] [hammerspace.main] [SKN] SK1/SK2 destinations are not cache-line exclusive; source arrays packed sequentially instead of mirroring the position buffer (donor layout rule) — facial poses on skinned vertices may break in-game
[2026-09-20 01:15:10] [Info] [hammerspace.main] [BuildTEX] built 5 texture(s), 5 image payload(s), 0 palette payload(s); section size 832 bytes
[2026-09-20 01:15:10] [Info] [hammerspace.main] [BuildTEX] built 2 texture(s), 2 image payload(s), 0 palette payload(s); section size 160 bytes
[2026-09-20 01:15:10] [Info] [hammerspace.main] [BuildTEX] No textures; returning empty TEX section
[2026-09-20 01:15:10] [Info] [hammerspace.main] [BuildTEX] built 2 texture(s), 2 image payload(s), 0 palette payload(s); section size 160 bytes
[2026-09-20 01:15:10] [Info] [hammerspace.main] [BuildTEX] built 2 texture(s), 2 image payload(s), 2 palette payload(s); section size 256 bytes
[2026-09-20 01:15:10] [Info] [hammerspace.main] [BuildTEX] built 1 texture(s), 1 image payload(s), 0 palette payload(s); section size 96 bytes
[2026-09-20 01:15:10] [Info] [hammerspace.main] [CloneGPL] 832 bytes from block+0x20
[2026-09-20 01:15:10] [Info] [hammerspace.main] [GPL] appended custom submesh 'custom0' as submesh 2 (host bone 1, template builtin:rigid_spec_v1)
[2026-09-20 01:15:10] [Info] [hammerspace.main] [CloneACT] 832 bytes from block+0x360
[2026-09-20 01:15:10] [Info] [hammerspace.main] [ACT] custom submesh 'custom0': bone 1 GeoId -> 2 at ACT+0x50 (section-relative; stable across hammerspace relocation)
[2026-09-20 01:15:10] [Info] [hammerspace.main] [CloneACT] 832 bytes from block+0x360
[2026-09-20 01:15:10] [Info] [hammerspace.main] [CloneTEX] 160 bytes from block+0x6A0
[2026-09-20 01:15:10] [Info] [hammerspace.main] [CloneSKN] 384 bytes from block+0x740
[2026-09-20 01:15:10] [Info] [hammerspace.main] [CloneTrailing] No ptr6/ptr7/ptr8 sections
[2026-09-20 01:15:10] [Info] [hammerspace.main] [CloneHEADER] 0x20 bytes from offset 0x00002000
[2026-09-20 01:15:10] [Info] [hammerspace.main] [CloneGPL] 832 bytes from block+0x20
[2026-09-20 01:15:10] [Info] [hammerspace.main] [GPL] appended custom submesh 'custom0' as submesh 2 (host bone 3, template derived:sm0_ds5)
[2026-09-20 01:15:10] [Info] [hammerspace.main] [CloneACT] 832 bytes from block+0x360
[2026-09-20 01:15:10] [Info] [hammerspace.main] [ACT] custom submesh 'custom0': bone 3 GeoId -> 2 at ACT+0x88 (section-relative; stable across hammerspace relocation)
[2026-09-20 01:15:10] [Info] [hammerspace.main] [CloneACT] 832 bytes from block+0x360
[2026-09-20 01:15:10] [Info] [hammerspace.main] [CloneTEX] 160 bytes from block+0x6A0
[2026-09-20 01:15:10] [Info] [hammerspace.main] [CloneSKN] 384 bytes from block+0x740
[2026-09-20 01:15:10] [Info] [hammerspace.main] [CloneTrailing] No ptr6/ptr7/ptr8 sections
[2026-09-20 01:15:10] [Info] [hammerspace.main] [CloneHEADER] 0x20 bytes from offset 0x00002000
[2026-09-20 01:15:10] [Info] [hammerspace.main] [CloneGPL] 832 bytes from block+0x20
[2026-09-20 01:15:10] [Info] [hammerspace.main] [CloneGPL] 832 bytes from block+0x20
[2026-09-20 01:15:10] [Info] [hammerspace.main] [GPL] appended custom submesh 'custom0' as submesh 2 (host bone 1, template builtin:rigid_spec_v1)
[2026-09-20 01:15:10] [Info] [hammerspace.main] [CloneACT] 832 bytes from block+0x360
[2026-09-20 01:15:10] [Info] [hammerspace.main] [ACT] custom submesh 'custom0': bone 1 GeoId -> 2 at ACT+0x50 (section-relative; stable across hammerspace relocation)
[2026-09-20 01:15:10] [Info] [hammerspace.main] [CloneACT] 832 bytes from block+0x360
[2026-09-20 01:15:10] [Info] [hammerspace.main] [CloneTEX] 160 bytes from block+0x6A0
[2026-09-20 01:15:10] [Info] [hammerspace.main] [CloneSKN] 384 bytes from block+0x740
[2026-09-20 01:15:10] [Info] [hammerspace.main] [CloneTrailing] No ptr6/ptr7/ptr8 sections
[2026-09-20 01:15:10] [Info] [hammerspace.main] [CloneHEADER] 0x20 bytes from offset 0x00002000
[2026-09-20 01:15:10] [Info] [hammerspace.main] [CloneGPL] 832 bytes from block+0x20
[2026-09-20 01:15:10] [Info] [hammerspace.main] [GPL] appended custom submesh 'custom0' as submesh 2 (host bone 2, template rigid:sm1_ds5)
[2026-09-20 01:15:10] [Info] [hammerspace.main] [CloneACT] 832 bytes from block+0x360
[2026-09-20 01:15:10] [Info] [hammerspace.main] [ACT] custom submesh 'custom0': bone 2 GeoId -> 2 at ACT+0x6C (section-relative; stable across hammerspace relocation)
[2026-09-20 01:15:10] [Info] [hammerspace.main] [CloneACT] 832 bytes from block+0x360
[2026-09-20 01:15:10] [Info] [hammerspace.main] [CloneTEX] 160 bytes from block+0x6A0
[2026-09-20 01:15:10] [Info] [hammerspace.main] [CloneSKN] 384 bytes from block+0x740
[2026-09-20 01:15:10] [Info] [hammerspace.main] [CloneTrailing] No ptr6/ptr7/ptr8 sections
[2026-09-20 01:15:10] [Info] [hammerspace.main] [CloneHEADER] 0x20 bytes from offset 0x00002000
[2026-09-20 01:15:10] [Info] [hammerspace.main] [GPL] appended custom submesh 'custom0' as submesh 1 (host bone 5, template builtin:rigid_spec_v1)
[2026-09-20 01:15:10] [Info] [geometry.rebuild] [M3.3] sub0: normal buffer compacted to 5 unique normals
[2026-09-20 01:15:10] [Info] [geometry.rebuild] [M3.2] sub0: rebuilt draw states [1]; descriptor upgrades []; triangulated 0 irreducible GX blocks
[2026-09-20 01:15:10] [Info] [geometry.rebuild] [M3.2] sub0 uv0: 6 expanded coords -> 5 compact; indices rebuilt
[2026-09-20 01:15:10] [Info] [geometry.rebuild] [M3.3] sub0: normal buffer compacted to 5 unique normals
[2026-09-20 01:15:10] [Info] [geometry.rebuild] [M3.2] sub0: rebuilt draw states [1]; descriptor upgrades []; triangulated 0 irreducible GX blocks
[2026-09-20 01:15:10] [Info] [geometry.rebuild] [M3.3] sub0: normal buffer compacted to 4 unique normals
[2026-09-20 01:18:54] [Info] [hammerspace.main] [CloneACT] 832 bytes from block+0x360
[2026-09-20 01:18:54] [Info] [hammerspace.main] [ACT] bone 1 GeoId -> 2 at ACT+0x50 (GeoIdEdited retarget; section-relative, stable across hammerspace relocation)
[2026-09-20 01:18:54] [Info] [hammerspace.main] [CloneACT] 832 bytes from block+0x360
[2026-09-20 01:18:54] [Info] [hammerspace.main] [CloneTEX] 160 bytes from block+0x6A0
[2026-09-20 01:18:54] [Info] [hammerspace.main] [CloneSKN] 384 bytes from block+0x740
[2026-09-20 01:18:54] [Info] [hammerspace.main] [CloneTrailing] No ptr6/ptr7/ptr8 sections
[2026-09-20 01:18:54] [Info] [hammerspace.main] [CloneHEADER] 0x20 bytes from offset 0x00002000
[2026-09-20 01:18:54] [Info] [build_add_submesh_fixture] [ACT] bone 1 GeoId already reads submesh 2 at ACT+0x50 (applied by BuildModelBlock via GeoIdEdited)
[2026-09-20 01:18:54] [Info] [hammerspace.main] [CloneACT] 832 bytes from block+0x360
[2026-09-20 01:18:54] [Info] [hammerspace.main] [ACT] bone 1 GeoId -> 2 at ACT+0x50 (GeoIdEdited retarget; section-relative, stable across hammerspace relocation)
[2026-09-20 01:18:54] [Info] [hammerspace.main] [CloneACT] 832 bytes from block+0x360
[2026-09-20 01:18:54] [Info] [hammerspace.main] [CloneTEX] 160 bytes from block+0x6A0
[2026-09-20 01:18:54] [Info] [hammerspace.main] [CloneSKN] 384 bytes from block+0x740
[2026-09-20 01:18:54] [Info] [hammerspace.main] [CloneTrailing] No ptr6/ptr7/ptr8 sections
[2026-09-20 01:18:54] [Info] [hammerspace.main] [CloneHEADER] 0x20 bytes from offset 0x00002000
[2026-09-20 01:18:54] [Info] [build_add_submesh_fixture] [ACT] bone 1 GeoId already reads submesh 2 at ACT+0x50 (applied by BuildModelBlock via GeoIdEdited)
[2026-09-20 01:18:54] [Info] [hammerspace.main] [CloneACT] 832 bytes from block+0x360
[2026-09-20 01:18:54] [Info] [hammerspace.main] [ACT] bone 1 GeoId -> 2 at ACT+0x50 (GeoIdEdited retarget; section-relative, stable across hammerspace relocation)
[2026-09-20 01:18:54] [Info] [hammerspace.main] [CloneACT] 832 bytes from block+0x360
[2026-09-20 01:18:54] [Info] [hammerspace.main] [CloneTEX] 160 bytes from block+0x6A0
[2026-09-20 01:18:54] [Info] [hammerspace.main] [CloneSKN] 384 bytes from block+0x740
[2026-09-20 01:18:54] [Info] [hammerspace.main] [CloneTrailing] No ptr6/ptr7/ptr8 sections
[2026-09-20 01:18:54] [Info] [hammerspace.main] [CloneHEADER] 0x20 bytes from offset 0x00002000
[2026-09-20 01:18:54] [Info] [build_add_submesh_fixture] [ACT] bone 1 GeoId already reads submesh 2 at ACT+0x50 (applied by BuildModelBlock via GeoIdEdited)
[2026-09-20 01:18:54] [Info] [hammerspace.main] [CloneACT] 832 bytes from block+0x360
[2026-09-20 01:18:54] [Info] [hammerspace.main] [ACT] bone 1 GeoId -> 2 at ACT+0x50 (GeoIdEdited retarget; section-relative, stable across hammerspace relocation)
[2026-09-20 01:18:54] [Info] [hammerspace.main] [CloneACT] 832 bytes from block+0x360
[2026-09-20 01:18:54] [Info] [hammerspace.main] [CloneTEX] 160 bytes from block+0x6A0
[2026-09-20 01:18:54] [Info] [hammerspace.main] [CloneSKN] 384 bytes from block+0x740
[2026-09-20 01:18:54] [Info] [hammerspace.main] [CloneTrailing] No ptr6/ptr7/ptr8 sections
[2026-09-20 01:18:54] [Info] [hammerspace.main] [CloneHEADER] 0x20 bytes from offset 0x00002000
[2026-09-20 01:18:54] [Info] [build_add_submesh_fixture] [ACT] bone 1 GeoId already reads submesh 2 at ACT+0x50 (applied by BuildModelBlock via GeoIdEdited)
[2026-09-20 01:18:55] [Info] [geometry.rebuild] [M3.3] sub0 color: 4 donor entries -> 4 compact; indices rebuilt
[2026-09-20 01:18:55] [Info] [geometry.rebuild] [M3.2] sub0: rebuilt draw states [1]; descriptor upgrades []; triangulated 0 irreducible GX blocks
[2026-09-20 01:18:55] [Info] [geometry.rebuild] [M3.3] sub0 color: 4 donor entries -> 4 compact; indices preserved
[2026-09-20 01:18:56] [Info] [hammerspace.main] [CloneGPL] 832 bytes from block+0x20
[2026-09-20 01:18:56] [Info] [hammerspace.main] [GPL] appended custom submesh 'custom0' as submesh 2 (host bone 1, template builtin:rigid_spec_v1)
[2026-09-20 01:18:56] [Info] [hammerspace.main] [CloneACT] 832 bytes from block+0x360
[2026-09-20 01:18:56] [Info] [hammerspace.main] [ACT] custom submesh 'custom0': bone 1 GeoId -> 2 at ACT+0x50 (section-relative; stable across hammerspace relocation)
[2026-09-20 01:18:56] [Info] [hammerspace.main] [CloneACT] 832 bytes from block+0x360
[2026-09-20 01:18:56] [Info] [hammerspace.main] [CloneTEX] 160 bytes from block+0x6A0
[2026-09-20 01:18:56] [Info] [hammerspace.main] [CloneSKN] 384 bytes from block+0x740
[2026-09-20 01:18:56] [Info] [hammerspace.main] [CloneTrailing] No ptr6/ptr7/ptr8 sections
[2026-09-20 01:18:56] [Info] [hammerspace.main] [CloneHEADER] 0x20 bytes from offset 0x00002000
[2026-09-20 01:18:56] [Info] [hammerspace.main] [CloneGPL] 832 bytes from block+0x20
[2026-09-20 01:18:56] [Info] [hammerspace.main] [GPL] appended custom submesh 'custom0' as submesh 2 (host bone 1, template builtin:rigid_spec_v1)
[2026-09-20 01:18:56] [Info] [hammerspace.main] [CloneACT] 832 bytes from block+0x360
[2026-09-20 01:18:56] [Info] [hammerspace.main] [ACT] custom submesh 'custom0': bone 1 GeoId -> 2 at ACT+0x50 (section-relative; stable across hammerspace relocation)
[2026-09-20 01:18:56] [Info] [hammerspace.main] [CloneACT] 832 bytes from block+0x360
[2026-09-20 01:18:56] [Info] [hammerspace.main] [CloneTEX] 160 bytes from block+0x6A0
[2026-09-20 01:18:56] [Info] [hammerspace.main] [CloneSKN] 384 bytes from block+0x740
[2026-09-20 01:18:56] [Info] [hammerspace.main] [CloneTrailing] No ptr6/ptr7/ptr8 sections
[2026-09-20 01:18:56] [Info] [hammerspace.main] [CloneHEADER] 0x20 bytes from offset 0x00002000
[2026-09-20 01:18:56] [Info] [hammerspace.main] [CloneGPL] 832 bytes from block+0x20
[2026-09-20 01:18:56] [Info] [hammerspace.main] [GPL] appended custom submesh 'custom0' as submesh 2 (host bone 1, template rigid:sm1_ds5)
[2026-09-20 01:18:56] [Info] [hammerspace.main] [CloneACT] 832 bytes from block+0x360
[2026-09-20 01:18:56] [Info] [hammerspace.main] [ACT] custom submesh 'custom0': bone 1 GeoId -> 2 at ACT+0x50 (section-relative; stable across hammerspace relocation)
[2026-09-20 01:18:56] [Info] [hammerspace.main] [CloneACT] 832 bytes from block+0x360
[2026-09-20 01:18:56] [Info] [hammerspace.main] [CloneTEX] 160 bytes from block+0x6A0
[2026-09-20 01:18:56] [Info] [hammerspace.main] [CloneSKN] 384 bytes from block+0x740
[2026-09-20 01:18:56] [Info] [hammerspace.main] [CloneTrailing] No ptr6/ptr7/ptr8 sections
[2026-09-20 01:18:56] [Info] [hammerspace.main] [CloneHEADER] 0x20 bytes from offset 0x00002000
[2026-09-20 01:18:56] [Info] [hammerspace.main] [CloneGPL] 832 bytes from block+0x20
[2026-09-20 01:18:56] [Info] [hammerspace.main] [GPL] appended custom submesh 'custom0' as submesh 2 (host bone 1, template derived:sm0_ds5)
[2026-09-20 01:18:56] [Info] [hammerspace.main] [CloneACT] 832 bytes from block+0x360
[2026-09-20 01:18:56] [Info] [hammerspace.main] [ACT] custom submesh 'custom0': bone 1 GeoId -> 2 at ACT+0x50 (section-relative; stable across hammerspace relocation)
[2026-09-20 01:18:56] [Info] [hammerspace.main] [CloneACT] 832 bytes from block+0x360
[2026-09-20 01:18:56] [Info] [hammerspace.main] [CloneTEX] 160 bytes from block+0x6A0
[2026-09-20 01:18:56] [Info] [hammerspace.main] [CloneSKN] 384 bytes from block+0x740
[2026-09-20 01:18:56] [Info] [hammerspace.main] [CloneTrailing] No ptr6/ptr7/ptr8 sections
[2026-09-20 01:18:56] [Info] [hammerspace.main] [CloneHEADER] 0x20 bytes from offset 0x00002000
[2026-09-20 01:18:56] [Info] [hammerspace.main] [CloneGPL] 832 bytes from block+0x20
[2026-09-20 01:18:56] [Info] [hammerspace.main] [GPL] appended custom submesh 'custom0' as submesh 2 (host bone 1, template builtin:rigid_spec_v1)
[2026-09-20 01:18:56] [Info] [hammerspace.main] [CloneACT] 832 bytes from block+0x360
[2026-09-20 01:18:56] [Info] [hammerspace.main] [ACT] custom submesh 'custom0': bone 1 GeoId -> 2 at ACT+0x50 (section-relative; stable across hammerspace relocation)
[2026-09-20 01:18:56] [Info] [hammerspace.main] [CloneACT] 832 bytes from block+0x360
[2026-09-20 01:18:56] [Info] [hammerspace.main] [CloneTEX] 160 bytes from block+0x6A0
[2026-09-20 01:18:56] [Info] [hammerspace.main] [CloneSKN] 384 bytes from block+0x740
[2026-09-20 01:18:56] [Info] [hammerspace.main] [CloneTrailing] No ptr6/ptr7/ptr8 sections
[2026-09-20 01:18:56] [Info] [hammerspace.main] [CloneHEADER] 0x20 bytes from offset 0x00002000
[2026-09-20 01:18:56] [Info] [dispatcher] Resolved PNG '0.png' → model.sluggie texture 0
[2026-09-20 01:18:56] [Info] [dispatcher] Resolved PNG '0.png' → model.sluggie texture 0
[2026-09-20 01:18:56] [Info] [dispatcher] Found: C:\Users\gerno\AppData\Local\Temp\tmpskcf3u8d\model.sluggie
[2026-09-20 01:18:56] [Info] [dispatcher] Resolved PNG '0.png' → model.sluggie texture 0
[2026-09-20 01:18:56] [Info] [dispatcher] Found: C:\Users\gerno\AppData\Local\Temp\tmpykah0089\model.sluggie
[2026-09-20 01:18:56] [Warning] [act] bone 0 is not relative
[2026-09-20 01:18:56] [Warning] [act] bone 0 is not relative
[2026-09-20 01:18:56] [Warning] [act] bone 0 is not relative
[2026-09-20 01:18:57] [Info] [hammerspace.helper] [1] Current DOL entry: chunk=0, file_index=0, offset=0x00000008 (8), length=0x00000008 (8 bytes)
[2026-09-20 01:18:57] [Info] [hammerspace.helper] [2] Original DOL entry: offset=0x00000008 (8), length=0x00000008 (8 bytes)
[2026-09-20 01:18:57] [Info] [hammerspace.helper] DOL entry was already restored; original model bytes were repaired and verified.
[2026-09-20 01:18:57] [Info] [hammerspace.helper] [1] Current DOL entry: chunk=0, file_index=0, offset=0x00000040 (64), length=0x00000008 (8 bytes)
[2026-09-20 01:18:57] [Info] [hammerspace.helper] [2] Original DOL entry: offset=0x00000008 (8), length=0x00000008 (8 bytes)
[2026-09-20 01:18:57] [Info] [hammerspace.helper] [3] Restored and verified 8 original model bytes at 0x00000008.
[2026-09-20 01:18:57] [Info] [hammerspace.helper] [4] Restoring original DOL entry ...
[2026-09-20 01:18:57] [Info] [hammerspace.helper] [5] Zeroing 8 bytes at 0x00000040 in OUTPUT dt_na.dat ...
[2026-09-20 01:18:57] [Info] [hammerspace.helper]     Zeroed 8 bytes.
[2026-09-20 01:18:57] [Info] [hammerspace.helper] Done. chunk=0, file_index=0 removed from hammerspace.
[2026-09-20 01:18:57] [Info] [hammerspace.main] [ACT] bone 5 GeoId -> 65535 at ACT+0x20 (GeoIdEdited retarget; section-relative, stable across hammerspace relocation)
[2026-09-20 01:18:57] [Info] [hammerspace.main] [ACT] custom submesh 'custom0': bone 5 GeoId -> 2 at ACT+0x20 (section-relative; stable across hammerspace relocation)
[2026-09-20 01:18:57] [Info] [hammerspace.main] [ACT] bone 6 GeoId -> 1 at ACT+0x28 (GeoIdEdited retarget; section-relative, stable across hammerspace relocation)
[2026-09-20 01:18:57] [Info] [hammerspace.main] [ACT] bone 5 GeoId -> 65535 at ACT+0x20 (GeoIdEdited retarget; section-relative, stable across hammerspace relocation)
[2026-09-20 01:18:57] [Info] [hammerspace.main] [ACT] custom submesh 'custom0': bone 5 GeoId -> 1 at ACT+0x20 (section-relative; stable across hammerspace relocation)
[2026-09-20 01:18:57] [Info] [hammerspace.main] [ACT] custom submesh 'custom1': bone 6 GeoId -> 2 at ACT+0x28 (section-relative; stable across hammerspace relocation)
[2026-09-20 01:18:57] [Info] [hammerspace.main] [ACT] custom submesh 'custom0': bone 5 GeoId -> 2 at ACT+0x20 (section-relative; stable across hammerspace relocation)
[2026-09-20 01:18:57] [Error] [hammerspace.main] Bone 1: SRTOffset 0x103F is before the ACT section start (0x1040); the .sluggie's SRTOffset metadata does not match this model's ACT section layout. Re-export the model with the latest SluggiesTools export.py, then export from Blender again.
[2026-09-20 01:18:57] [Info] [hammerspace.main] [ACT] root-bone SRT scale: bone 1 wrote 400000003fc000003f800000 at ACT+0x54 (section-relative; stable across hammerspace relocation)
[2026-09-20 01:18:57] [Info] [hammerspace.main] [Container] DOL entry is an archive: 3 slots, 3 populated; rebuilding slot 1 at +0x60 and carrying the other 2 member(s) along
[2026-09-20 01:18:57] [Info] [hammerspace.main] [Container] archive slot 1 64 -> 192 bytes; 1 later slot(s) shifted by +128; archive 256 -> 384 bytes
[2026-09-20 01:18:57] [Info] [hammerspace.main] [Container] preserving 32-byte DOL entry prefix; inner model starts at +0x20
[2026-09-20 01:18:57] [Info] [hammerspace.main] [Container] DOL entry is an archive: 3 slots, 3 populated; rebuilding slot 1 at +0x60 and carrying the other 2 member(s) along
[2026-09-20 01:18:57] [Info] [hammerspace.main] [Container] archive slot 1 64 -> 192 bytes; 1 later slot(s) shifted by +128; archive 256 -> 384 bytes
[2026-09-20 01:18:57] [Info] [hammerspace.main] [Container] DOL entry is an archive: 3 slots, 3 populated; rebuilding slot 1 at +0x60 and carrying the other 2 member(s) along
[2026-09-20 01:18:57] [Info] [hammerspace.main] [Container] archive slot 1 64 -> 192 bytes; 1 later slot(s) shifted by +128; archive 256 -> 384 bytes
[2026-09-20 01:18:57] [Info] [hammerspace.main] [CloneGPL] 4 bytes from block+0x20
[2026-09-20 01:18:57] [Info] [hammerspace.main] [HDR] +0x18 patched: 0x00000180 → 0x00000100
[2026-09-20 01:18:57] [Info] [hammerspace.main] [HDR] +0x14 patched: 0x00000100 → 0x000000A0
[2026-09-20 01:18:57] [Info] [hammerspace.main] [HDR] +0x18 patched: 0x00000140 → 0x000000E0
[2026-09-20 01:18:57] [Info] [hammerspace.main] [HDR] +0x1C patched: 0x00000180 → 0x00000120
[2026-09-20 01:18:57] [Info] [hammerspace.main] [GPL] patched material state sub0 ds0 at GPL+0x10
[2026-09-20 01:18:57] [Info] [hammerspace.main] [GPL] patched material state sub0 ds1 at GPL+0x20
[2026-09-20 01:18:57] [Info] [hammerspace.main] [GPL] patched position array sub0 at GPL+0x10 (6 bytes)
[2026-09-20 01:18:57] [Info] [hammerspace.main] Model already in hammerspace at 0x00003000; keeping the old route live until replacement commits
[2026-09-20 01:18:57] [Info] [hammerspace.main] Hammerspace Log: Replaced | Model: fixture.sluggie | Old address: 0x00003000 | Old size: 0.00 MB
[2026-09-20 01:18:57] [Info] [hammerspace.main] Hammerspace Log: Written | Model: fixture.sluggie | Chunk: 18 | File: 0 | Address: 0x00004000 | Size: 0.00 MB | Modes: {'GPL': 'clone', 'ACT': 'clone', 'TEX': 'clone', 'SKN': 'clone', 'trailing': 'clone'}
[2026-09-20 01:18:57] [Info] [hammerspace.main] Model already in hammerspace at 0x00003000; keeping the old route live until replacement commits
[2026-09-20 01:18:57] [Info] [hammerspace.main] Model already in hammerspace at 0x00003000; keeping the old route live until replacement commits
[2026-09-20 01:18:57] [Info] [hammerspace.main] Hammerspace Log: Replaced | Model: fixture.sluggie | Old address: 0x00003000 | Old size: 0.00 MB
[2026-09-20 01:18:57] [Info] [hammerspace.main] Hammerspace Log: Written | Model: fixture.sluggie | Chunk: 18 | File: 0 | Address: 0x00004000 | Size: 0.00 MB | Modes: {'GPL': 'clone', 'ACT': 'clone', 'TEX': 'clone', 'SKN': 'clone', 'trailing': 'clone'}
[2026-09-20 01:18:57] [Info] [hammerspace.main] Model already in hammerspace at 0x00003000; keeping the old route live until replacement commits
[2026-09-20 01:18:57] [Info] [hammerspace.main] [GPL] appended UV array sub0 uv0 at GPL+0x80 (8 bytes)
[2026-09-20 01:18:57] [Info] [hammerspace.main] [GPL] appended primitive list sub0 ds0 (32 bytes)
[2026-09-20 01:18:57] [Info] [hammerspace.main] [GPL] patched UV array sub0 uv0 at GPL+0x14 (4 bytes)
[2026-09-20 01:18:57] [Info] [hammerspace.main] Hammerspace Log: Written | Model: fixture.sluggie | Chunk: 18 | File: 0 | Address: 0x00001020 | Size: 0.00 MB | Modes: {'GPL': 'clone', 'ACT': 'clone', 'TEX': 'clone', 'SKN': 'clone', 'trailing': 'clone'}
[2026-09-20 01:18:57] [Info] [hammerspace.main] Hammerspace Log: Written | Model: fixture.sluggie | Chunk: 18 | File: 0 | Address: 0x00002000 | Size: 0.00 MB | Modes: {'GPL': 'clone', 'ACT': 'clone', 'TEX': 'clone', 'SKN': 'clone', 'trailing': 'clone'}
[2026-09-20 01:18:57] [Warning] [hammerspace.main] [SKN] SK1/SK2 destinations are not cache-line exclusive; source arrays packed sequentially instead of mirroring the position buffer (donor layout rule) — facial poses on skinned vertices may break in-game
[2026-09-20 01:18:57] [Info] [hammerspace.main] [BuildTEX] built 5 texture(s), 5 image payload(s), 0 palette payload(s); section size 832 bytes
[2026-09-20 01:18:57] [Info] [hammerspace.main] [BuildTEX] built 2 texture(s), 2 image payload(s), 0 palette payload(s); section size 160 bytes
[2026-09-20 01:18:57] [Info] [hammerspace.main] [BuildTEX] No textures; returning empty TEX section
[2026-09-20 01:18:57] [Info] [hammerspace.main] [BuildTEX] built 2 texture(s), 2 image payload(s), 0 palette payload(s); section size 160 bytes
[2026-09-20 01:18:57] [Info] [hammerspace.main] [BuildTEX] built 2 texture(s), 2 image payload(s), 2 palette payload(s); section size 256 bytes
[2026-09-20 01:18:57] [Info] [hammerspace.main] [BuildTEX] built 1 texture(s), 1 image payload(s), 0 palette payload(s); section size 96 bytes
[2026-09-20 01:18:57] [Info] [hammerspace.main] [CloneGPL] 832 bytes from block+0x20
[2026-09-20 01:18:57] [Info] [hammerspace.main] [GPL] appended custom submesh 'custom0' as submesh 2 (host bone 1, template builtin:rigid_spec_v1)
[2026-09-20 01:18:57] [Info] [hammerspace.main] [CloneACT] 832 bytes from block+0x360
[2026-09-20 01:18:57] [Info] [hammerspace.main] [ACT] custom submesh 'custom0': bone 1 GeoId -> 2 at ACT+0x50 (section-relative; stable across hammerspace relocation)
[2026-09-20 01:18:57] [Info] [hammerspace.main] [CloneACT] 832 bytes from block+0x360
[2026-09-20 01:18:57] [Info] [hammerspace.main] [CloneTEX] 160 bytes from block+0x6A0
[2026-09-20 01:18:57] [Info] [hammerspace.main] [CloneSKN] 384 bytes from block+0x740
[2026-09-20 01:18:57] [Info] [hammerspace.main] [CloneTrailing] No ptr6/ptr7/ptr8 sections
[2026-09-20 01:18:57] [Info] [hammerspace.main] [CloneHEADER] 0x20 bytes from offset 0x00002000
[2026-09-20 01:18:57] [Info] [hammerspace.main] [CloneGPL] 832 bytes from block+0x20
[2026-09-20 01:18:57] [Info] [hammerspace.main] [GPL] appended custom submesh 'custom0' as submesh 2 (host bone 3, template derived:sm0_ds5)
[2026-09-20 01:18:57] [Info] [hammerspace.main] [CloneACT] 832 bytes from block+0x360
[2026-09-20 01:18:57] [Info] [hammerspace.main] [ACT] custom submesh 'custom0': bone 3 GeoId -> 2 at ACT+0x88 (section-relative; stable across hammerspace relocation)
[2026-09-20 01:18:57] [Info] [hammerspace.main] [CloneACT] 832 bytes from block+0x360
[2026-09-20 01:18:57] [Info] [hammerspace.main] [CloneTEX] 160 bytes from block+0x6A0
[2026-09-20 01:18:57] [Info] [hammerspace.main] [CloneSKN] 384 bytes from block+0x740
[2026-09-20 01:18:57] [Info] [hammerspace.main] [CloneTrailing] No ptr6/ptr7/ptr8 sections
[2026-09-20 01:18:57] [Info] [hammerspace.main] [CloneHEADER] 0x20 bytes from offset 0x00002000
[2026-09-20 01:18:57] [Info] [hammerspace.main] [CloneGPL] 832 bytes from block+0x20
[2026-09-20 01:18:57] [Info] [hammerspace.main] [CloneGPL] 832 bytes from block+0x20
[2026-09-20 01:18:57] [Info] [hammerspace.main] [GPL] appended custom submesh 'custom0' as submesh 2 (host bone 1, template builtin:rigid_spec_v1)
[2026-09-20 01:18:57] [Info] [hammerspace.main] [CloneACT] 832 bytes from block+0x360
[2026-09-20 01:18:57] [Info] [hammerspace.main] [ACT] custom submesh 'custom0': bone 1 GeoId -> 2 at ACT+0x50 (section-relative; stable across hammerspace relocation)
[2026-09-20 01:18:57] [Info] [hammerspace.main] [CloneACT] 832 bytes from block+0x360
[2026-09-20 01:18:57] [Info] [hammerspace.main] [CloneTEX] 160 bytes from block+0x6A0
[2026-09-20 01:18:57] [Info] [hammerspace.main] [CloneSKN] 384 bytes from block+0x740
[2026-09-20 01:18:57] [Info] [hammerspace.main] [CloneTrailing] No ptr6/ptr7/ptr8 sections
[2026-09-20 01:18:57] [Info] [hammerspace.main] [CloneHEADER] 0x20 bytes from offset 0x00002000
[2026-09-20 01:18:57] [Info] [hammerspace.main] [CloneGPL] 832 bytes from block+0x20
[2026-09-20 01:18:57] [Info] [hammerspace.main] [GPL] appended custom submesh 'custom0' as submesh 2 (host bone 2, template rigid:sm1_ds5)
[2026-09-20 01:18:57] [Info] [hammerspace.main] [CloneACT] 832 bytes from block+0x360
[2026-09-20 01:18:57] [Info] [hammerspace.main] [ACT] custom submesh 'custom0': bone 2 GeoId -> 2 at ACT+0x6C (section-relative; stable across hammerspace relocation)
[2026-09-20 01:18:57] [Info] [hammerspace.main] [CloneACT] 832 bytes from block+0x360
[2026-09-20 01:18:57] [Info] [hammerspace.main] [CloneTEX] 160 bytes from block+0x6A0
[2026-09-20 01:18:57] [Info] [hammerspace.main] [CloneSKN] 384 bytes from block+0x740
[2026-09-20 01:18:57] [Info] [hammerspace.main] [CloneTrailing] No ptr6/ptr7/ptr8 sections
[2026-09-20 01:18:57] [Info] [hammerspace.main] [CloneHEADER] 0x20 bytes from offset 0x00002000
[2026-09-20 01:18:57] [Info] [hammerspace.main] [GPL] appended custom submesh 'custom0' as submesh 1 (host bone 5, template builtin:rigid_spec_v1)
[2026-09-20 01:18:57] [Info] [geometry.rebuild] [M3.3] sub0: normal buffer compacted to 5 unique normals
[2026-09-20 01:18:57] [Info] [geometry.rebuild] [M3.2] sub0: rebuilt draw states [1]; descriptor upgrades []; triangulated 0 irreducible GX blocks
[2026-09-20 01:18:57] [Info] [geometry.rebuild] [M3.2] sub0 uv0: 6 expanded coords -> 5 compact; indices rebuilt
[2026-09-20 01:18:57] [Info] [geometry.rebuild] [M3.3] sub0: normal buffer compacted to 5 unique normals
[2026-09-20 01:18:57] [Info] [geometry.rebuild] [M3.2] sub0: rebuilt draw states [1]; descriptor upgrades []; triangulated 0 irreducible GX blocks
[2026-09-20 01:18:57] [Info] [geometry.rebuild] [M3.3] sub0: normal buffer compacted to 4 unique normals
[2026-09-20 01:49:56] [Info] [dispatcher] Command (StartTools.bat): start.py --patch 646420640_sta03_yoshi_train02.gpl.sluggie
[2026-09-20 01:49:56] [Info] [dispatcher] Batch menu selection: 5 - Patch model(s)
[2026-09-20 01:49:56] [Info] [dispatcher] Batch model file input: '646420640_sta03_yoshi_train02.gpl.sluggie'
[2026-09-20 01:49:56] [Info] [dispatcher] Found: E:\Sluggies\Sluggies-dat-tools\2_Output_Models\136 Scoreboards Items and Obstacles\646304320\646420640_sta03_yoshi_train02.gpl\646420640_sta03_yoshi_train02.gpl.sluggie
[2026-09-20 01:49:56] [Info] [hammerspace.main] [Container] DOL entry is an archive: 24 slots, 10 populated; rebuilding slot 9 at +0x1C660 and carrying the other 9 member(s) along
[2026-09-20 01:49:56] [Info] [texture_helper] texture 2 (CumTank.png): PNG dimensions 1024x1024 differ from descriptor 256x256; using 1024x1024 for encoding
[2026-09-20 01:49:57] [Info] [hammerspace.main] [CloneGPL] 5,952 bytes from block+0x20
[2026-09-20 01:49:57] [Info] [hammerspace.main] [GPL] appended custom submesh 'custom0' as submesh 3 (host bone 3, template builtin:rigid_spec_v1)
[2026-09-20 01:49:57] [Info] [hammerspace.main] [CloneACT] 256 bytes from block+0x1760
[2026-09-20 01:49:57] [Error] [hammerspace.main] Hammerspace operation failed | Model: 646420640_sta03_yoshi_train02.gpl.sluggie | ValueError: append_leaf_bone only supports donors with exactly one kind-3 (track) and one kind-2 (mirror) user-data descriptor
[2026-09-20 01:49:57] [Error] [dispatcher] Patch failed for '646420640_sta03_yoshi_train02.gpl.sluggie' (exit code 1)
[2026-09-20 01:49:57] [Info] [dispatcher] Command completed
[2026-09-20 01:53:17] [Info] [dispatcher] Command (StartTools.bat): start.py --patch 646420640_sta03_yoshi_train02.gpl.sluggie
[2026-09-20 01:53:17] [Info] [dispatcher] Batch menu selection: 5 - Patch model(s)
[2026-09-20 01:53:17] [Info] [dispatcher] Batch model file input: '646420640_sta03_yoshi_train02.gpl.sluggie'
[2026-09-20 01:53:17] [Info] [dispatcher] Found: E:\Sluggies\Sluggies-dat-tools\2_Output_Models\136 Scoreboards Items and Obstacles\646304320\646420640_sta03_yoshi_train02.gpl\646420640_sta03_yoshi_train02.gpl.sluggie
[2026-09-20 01:53:17] [Info] [hammerspace.main] [Container] DOL entry is an archive: 24 slots, 10 populated; rebuilding slot 9 at +0x1C660 and carrying the other 9 member(s) along
[2026-09-20 01:53:17] [Info] [texture_helper] texture 2 (CumTank.png): PNG dimensions 1024x1024 differ from descriptor 256x256; using 1024x1024 for encoding
[2026-09-20 01:53:17] [Info] [hammerspace.main] [CloneGPL] 5,952 bytes from block+0x20
[2026-09-20 01:53:17] [Info] [hammerspace.main] [GPL] appended custom submesh 'custom0' as submesh 3 (host bone 3, template builtin:rigid_spec_v1)
[2026-09-20 01:53:17] [Info] [hammerspace.main] [CloneACT] 256 bytes from block+0x1760
[2026-09-20 01:53:17] [Error] [hammerspace.main] Hammerspace operation failed | Model: 646420640_sta03_yoshi_train02.gpl.sluggie | ValueError: append_leaf_bone only supports donors with exactly one kind-3 (track) and one kind-2 (mirror) user-data descriptor
[2026-09-20 01:53:17] [Error] [dispatcher] Patch failed for '646420640_sta03_yoshi_train02.gpl.sluggie' (exit code 1)
[2026-09-20 01:53:17] [Info] [dispatcher] Command completed
[2026-09-20 01:55:55] [Info] [dispatcher] Command (StartTools.bat): start.py --patch 646420640_sta03_yoshi_train02.gpl.sluggie
[2026-09-20 01:55:55] [Info] [dispatcher] Batch menu selection: 5 - Patch model(s)
[2026-09-20 01:55:55] [Info] [dispatcher] Batch model file input: '646420640_sta03_yoshi_train02.gpl.sluggie'
[2026-09-20 01:55:55] [Info] [dispatcher] Found: E:\Sluggies\Sluggies-dat-tools\2_Output_Models\136 Scoreboards Items and Obstacles\646304320\646420640_sta03_yoshi_train02.gpl\646420640_sta03_yoshi_train02.gpl.sluggie
[2026-09-20 01:55:55] [Info] [hammerspace.main] [Container] DOL entry is an archive: 24 slots, 10 populated; rebuilding slot 9 at +0x1C660 and carrying the other 9 member(s) along
[2026-09-20 01:55:55] [Info] [texture_helper] texture 2 (CumTank.png): PNG dimensions 1024x1024 differ from descriptor 256x256; using 1024x1024 for encoding
[2026-09-20 01:55:55] [Info] [hammerspace.main] [CloneGPL] 5,952 bytes from block+0x20
[2026-09-20 01:55:55] [Info] [hammerspace.main] [GPL] appended custom submesh 'custom0' as submesh 3 (host bone 3, template builtin:rigid_spec_v1)
[2026-09-20 01:55:55] [Info] [hammerspace.main] [CloneACT] 256 bytes from block+0x1760
[2026-09-20 01:55:55] [Error] [hammerspace.main] Hammerspace operation failed | Model: 646420640_sta03_yoshi_train02.gpl.sluggie | ValueError: append_leaf_bone only supports donors with exactly one kind-3 (track) and one kind-2 (mirror) user-data descriptor
[2026-09-20 01:55:55] [Error] [dispatcher] Patch failed for '646420640_sta03_yoshi_train02.gpl.sluggie' (exit code 1)
[2026-09-20 01:55:55] [Info] [dispatcher] Command completed
[2026-09-20 01:57:53] [Info] [hammerspace.main] [CloneACT] 256 bytes from block+0x1760
[2026-09-20 01:58:48] [Info] [hammerspace.main] [CloneACT] 256 bytes from block+0x1760
[2026-09-20 01:58:58] [Info] [hammerspace.main] [CloneACT] 256 bytes from block+0x1760
[2026-09-20 01:59:09] [Info] [hammerspace.main] [CloneACT] 256 bytes from block+0x1760
[2026-09-20 02:02:07] [Info] [hammerspace.main] [CloneACT] 256 bytes from block+0x1760
[2026-09-20 02:03:09] [Info] [hammerspace.main] [CloneACT] 832 bytes from block+0x360
[2026-09-20 02:03:09] [Info] [hammerspace.main] [ACT] bone 1 GeoId -> 2 at ACT+0x50 (GeoIdEdited retarget; section-relative, stable across hammerspace relocation)
[2026-09-20 02:03:09] [Info] [hammerspace.main] [CloneACT] 832 bytes from block+0x360
[2026-09-20 02:03:09] [Info] [hammerspace.main] [CloneTEX] 160 bytes from block+0x6A0
[2026-09-20 02:03:09] [Info] [hammerspace.main] [CloneSKN] 384 bytes from block+0x740
[2026-09-20 02:03:09] [Info] [hammerspace.main] [CloneTrailing] No ptr6/ptr7/ptr8 sections
[2026-09-20 02:03:09] [Info] [hammerspace.main] [CloneHEADER] 0x20 bytes from offset 0x00002000
[2026-09-20 02:03:09] [Info] [build_add_submesh_fixture] [ACT] bone 1 GeoId already reads submesh 2 at ACT+0x50 (applied by BuildModelBlock via GeoIdEdited)
[2026-09-20 02:03:10] [Info] [hammerspace.main] [CloneACT] 832 bytes from block+0x360
[2026-09-20 02:03:10] [Info] [hammerspace.main] [ACT] bone 1 GeoId -> 2 at ACT+0x50 (GeoIdEdited retarget; section-relative, stable across hammerspace relocation)
[2026-09-20 02:03:10] [Info] [hammerspace.main] [CloneACT] 832 bytes from block+0x360
[2026-09-20 02:03:10] [Info] [hammerspace.main] [CloneTEX] 160 bytes from block+0x6A0
[2026-09-20 02:03:10] [Info] [hammerspace.main] [CloneSKN] 384 bytes from block+0x740
[2026-09-20 02:03:10] [Info] [hammerspace.main] [CloneTrailing] No ptr6/ptr7/ptr8 sections
[2026-09-20 02:03:10] [Info] [hammerspace.main] [CloneHEADER] 0x20 bytes from offset 0x00002000
[2026-09-20 02:03:10] [Info] [build_add_submesh_fixture] [ACT] bone 1 GeoId already reads submesh 2 at ACT+0x50 (applied by BuildModelBlock via GeoIdEdited)
[2026-09-20 02:03:10] [Info] [hammerspace.main] [CloneACT] 832 bytes from block+0x360
[2026-09-20 02:03:10] [Info] [hammerspace.main] [ACT] bone 1 GeoId -> 2 at ACT+0x50 (GeoIdEdited retarget; section-relative, stable across hammerspace relocation)
[2026-09-20 02:03:10] [Info] [hammerspace.main] [CloneACT] 832 bytes from block+0x360
[2026-09-20 02:03:10] [Info] [hammerspace.main] [CloneTEX] 160 bytes from block+0x6A0
[2026-09-20 02:03:10] [Info] [hammerspace.main] [CloneSKN] 384 bytes from block+0x740
[2026-09-20 02:03:10] [Info] [hammerspace.main] [CloneTrailing] No ptr6/ptr7/ptr8 sections
[2026-09-20 02:03:10] [Info] [hammerspace.main] [CloneHEADER] 0x20 bytes from offset 0x00002000
[2026-09-20 02:03:10] [Info] [build_add_submesh_fixture] [ACT] bone 1 GeoId already reads submesh 2 at ACT+0x50 (applied by BuildModelBlock via GeoIdEdited)
[2026-09-20 02:03:10] [Info] [hammerspace.main] [CloneACT] 832 bytes from block+0x360
[2026-09-20 02:03:10] [Info] [hammerspace.main] [ACT] bone 1 GeoId -> 2 at ACT+0x50 (GeoIdEdited retarget; section-relative, stable across hammerspace relocation)
[2026-09-20 02:03:10] [Info] [hammerspace.main] [CloneACT] 832 bytes from block+0x360
[2026-09-20 02:03:10] [Info] [hammerspace.main] [CloneTEX] 160 bytes from block+0x6A0
[2026-09-20 02:03:10] [Info] [hammerspace.main] [CloneSKN] 384 bytes from block+0x740
[2026-09-20 02:03:10] [Info] [hammerspace.main] [CloneTrailing] No ptr6/ptr7/ptr8 sections
[2026-09-20 02:03:10] [Info] [hammerspace.main] [CloneHEADER] 0x20 bytes from offset 0x00002000
[2026-09-20 02:03:10] [Info] [build_add_submesh_fixture] [ACT] bone 1 GeoId already reads submesh 2 at ACT+0x50 (applied by BuildModelBlock via GeoIdEdited)
[2026-09-20 02:03:11] [Info] [geometry.rebuild] [M3.3] sub0 color: 4 donor entries -> 4 compact; indices rebuilt
[2026-09-20 02:03:11] [Info] [geometry.rebuild] [M3.2] sub0: rebuilt draw states [1]; descriptor upgrades []; triangulated 0 irreducible GX blocks
[2026-09-20 02:03:11] [Info] [geometry.rebuild] [M3.3] sub0 color: 4 donor entries -> 4 compact; indices preserved
[2026-09-20 02:03:11] [Info] [hammerspace.main] [CloneGPL] 832 bytes from block+0x20
[2026-09-20 02:03:11] [Info] [hammerspace.main] [GPL] appended custom submesh 'custom0' as submesh 2 (host bone 1, template builtin:rigid_spec_v1)
[2026-09-20 02:03:11] [Info] [hammerspace.main] [CloneACT] 832 bytes from block+0x360
[2026-09-20 02:03:11] [Info] [hammerspace.main] [ACT] custom submesh 'custom0': bone 1 GeoId -> 2 at ACT+0x50 (section-relative; stable across hammerspace relocation)
[2026-09-20 02:03:11] [Info] [hammerspace.main] [CloneACT] 832 bytes from block+0x360
[2026-09-20 02:03:11] [Info] [hammerspace.main] [CloneTEX] 160 bytes from block+0x6A0
[2026-09-20 02:03:11] [Info] [hammerspace.main] [CloneSKN] 384 bytes from block+0x740
[2026-09-20 02:03:11] [Info] [hammerspace.main] [CloneTrailing] No ptr6/ptr7/ptr8 sections
[2026-09-20 02:03:11] [Info] [hammerspace.main] [CloneHEADER] 0x20 bytes from offset 0x00002000
[2026-09-20 02:03:12] [Info] [hammerspace.main] [CloneGPL] 832 bytes from block+0x20
[2026-09-20 02:03:12] [Info] [hammerspace.main] [GPL] appended custom submesh 'custom0' as submesh 2 (host bone 1, template builtin:rigid_spec_v1)
[2026-09-20 02:03:12] [Info] [hammerspace.main] [CloneACT] 832 bytes from block+0x360
[2026-09-20 02:03:12] [Info] [hammerspace.main] [ACT] custom submesh 'custom0': bone 1 GeoId -> 2 at ACT+0x50 (section-relative; stable across hammerspace relocation)
[2026-09-20 02:03:12] [Info] [hammerspace.main] [CloneACT] 832 bytes from block+0x360
[2026-09-20 02:03:12] [Info] [hammerspace.main] [CloneTEX] 160 bytes from block+0x6A0
[2026-09-20 02:03:12] [Info] [hammerspace.main] [CloneSKN] 384 bytes from block+0x740
[2026-09-20 02:03:12] [Info] [hammerspace.main] [CloneTrailing] No ptr6/ptr7/ptr8 sections
[2026-09-20 02:03:12] [Info] [hammerspace.main] [CloneHEADER] 0x20 bytes from offset 0x00002000
[2026-09-20 02:03:12] [Info] [hammerspace.main] [CloneGPL] 832 bytes from block+0x20
[2026-09-20 02:03:12] [Info] [hammerspace.main] [GPL] appended custom submesh 'custom0' as submesh 2 (host bone 1, template rigid:sm1_ds5)
[2026-09-20 02:03:12] [Info] [hammerspace.main] [CloneACT] 832 bytes from block+0x360
[2026-09-20 02:03:12] [Info] [hammerspace.main] [ACT] custom submesh 'custom0': bone 1 GeoId -> 2 at ACT+0x50 (section-relative; stable across hammerspace relocation)
[2026-09-20 02:03:12] [Info] [hammerspace.main] [CloneACT] 832 bytes from block+0x360
[2026-09-20 02:03:12] [Info] [hammerspace.main] [CloneTEX] 160 bytes from block+0x6A0
[2026-09-20 02:03:12] [Info] [hammerspace.main] [CloneSKN] 384 bytes from block+0x740
[2026-09-20 02:03:12] [Info] [hammerspace.main] [CloneTrailing] No ptr6/ptr7/ptr8 sections
[2026-09-20 02:03:12] [Info] [hammerspace.main] [CloneHEADER] 0x20 bytes from offset 0x00002000
[2026-09-20 02:03:12] [Info] [hammerspace.main] [CloneGPL] 832 bytes from block+0x20
[2026-09-20 02:03:12] [Info] [hammerspace.main] [GPL] appended custom submesh 'custom0' as submesh 2 (host bone 1, template derived:sm0_ds5)
[2026-09-20 02:03:12] [Info] [hammerspace.main] [CloneACT] 832 bytes from block+0x360
[2026-09-20 02:03:12] [Info] [hammerspace.main] [ACT] custom submesh 'custom0': bone 1 GeoId -> 2 at ACT+0x50 (section-relative; stable across hammerspace relocation)
[2026-09-20 02:03:12] [Info] [hammerspace.main] [CloneACT] 832 bytes from block+0x360
[2026-09-20 02:03:12] [Info] [hammerspace.main] [CloneTEX] 160 bytes from block+0x6A0
[2026-09-20 02:03:12] [Info] [hammerspace.main] [CloneSKN] 384 bytes from block+0x740
[2026-09-20 02:03:12] [Info] [hammerspace.main] [CloneTrailing] No ptr6/ptr7/ptr8 sections
[2026-09-20 02:03:12] [Info] [hammerspace.main] [CloneHEADER] 0x20 bytes from offset 0x00002000
[2026-09-20 02:03:12] [Info] [hammerspace.main] [CloneGPL] 832 bytes from block+0x20
[2026-09-20 02:03:12] [Info] [hammerspace.main] [GPL] appended custom submesh 'custom0' as submesh 2 (host bone 1, template builtin:rigid_spec_v1)
[2026-09-20 02:03:12] [Info] [hammerspace.main] [CloneACT] 832 bytes from block+0x360
[2026-09-20 02:03:12] [Info] [hammerspace.main] [ACT] custom submesh 'custom0': bone 1 GeoId -> 2 at ACT+0x50 (section-relative; stable across hammerspace relocation)
[2026-09-20 02:03:12] [Info] [hammerspace.main] [CloneACT] 832 bytes from block+0x360
[2026-09-20 02:03:12] [Info] [hammerspace.main] [CloneTEX] 160 bytes from block+0x6A0
[2026-09-20 02:03:12] [Info] [hammerspace.main] [CloneSKN] 384 bytes from block+0x740
[2026-09-20 02:03:12] [Info] [hammerspace.main] [CloneTrailing] No ptr6/ptr7/ptr8 sections
[2026-09-20 02:03:12] [Info] [hammerspace.main] [CloneHEADER] 0x20 bytes from offset 0x00002000
[2026-09-20 02:03:12] [Info] [dispatcher] Resolved PNG '0.png' → model.sluggie texture 0
[2026-09-20 02:03:12] [Info] [dispatcher] Resolved PNG '0.png' → model.sluggie texture 0
[2026-09-20 02:03:12] [Info] [dispatcher] Found: C:\Users\gerno\AppData\Local\Temp\tmpmdr_vp6i\model.sluggie
[2026-09-20 02:03:12] [Info] [dispatcher] Resolved PNG '0.png' → model.sluggie texture 0
[2026-09-20 02:03:12] [Info] [dispatcher] Found: C:\Users\gerno\AppData\Local\Temp\tmpv4uz4ekv\model.sluggie
[2026-09-20 02:03:12] [Warning] [act] bone 0 is not relative
[2026-09-20 02:03:12] [Warning] [act] bone 0 is not relative
[2026-09-20 02:03:12] [Warning] [act] bone 0 is not relative
[2026-09-20 02:03:13] [Info] [hammerspace.helper] [1] Current DOL entry: chunk=0, file_index=0, offset=0x00000008 (8), length=0x00000008 (8 bytes)
[2026-09-20 02:03:13] [Info] [hammerspace.helper] [2] Original DOL entry: offset=0x00000008 (8), length=0x00000008 (8 bytes)
[2026-09-20 02:03:13] [Info] [hammerspace.helper] DOL entry was already restored; original model bytes were repaired and verified.
[2026-09-20 02:03:13] [Info] [hammerspace.helper] [1] Current DOL entry: chunk=0, file_index=0, offset=0x00000040 (64), length=0x00000008 (8 bytes)
[2026-09-20 02:03:13] [Info] [hammerspace.helper] [2] Original DOL entry: offset=0x00000008 (8), length=0x00000008 (8 bytes)
[2026-09-20 02:03:13] [Info] [hammerspace.helper] [3] Restored and verified 8 original model bytes at 0x00000008.
[2026-09-20 02:03:13] [Info] [hammerspace.helper] [4] Restoring original DOL entry ...
[2026-09-20 02:03:13] [Info] [hammerspace.helper] [5] Zeroing 8 bytes at 0x00000040 in OUTPUT dt_na.dat ...
[2026-09-20 02:03:13] [Info] [hammerspace.helper]     Zeroed 8 bytes.
[2026-09-20 02:03:13] [Info] [hammerspace.helper] Done. chunk=0, file_index=0 removed from hammerspace.
[2026-09-20 02:03:13] [Info] [hammerspace.main] [ACT] bone 5 GeoId -> 65535 at ACT+0x20 (GeoIdEdited retarget; section-relative, stable across hammerspace relocation)
[2026-09-20 02:03:13] [Info] [hammerspace.main] [ACT] custom submesh 'custom0': bone 5 GeoId -> 2 at ACT+0x20 (section-relative; stable across hammerspace relocation)
[2026-09-20 02:03:13] [Info] [hammerspace.main] [ACT] bone 6 GeoId -> 1 at ACT+0x28 (GeoIdEdited retarget; section-relative, stable across hammerspace relocation)
[2026-09-20 02:03:13] [Info] [hammerspace.main] [ACT] bone 5 GeoId -> 65535 at ACT+0x20 (GeoIdEdited retarget; section-relative, stable across hammerspace relocation)
[2026-09-20 02:03:13] [Info] [hammerspace.main] [ACT] custom submesh 'custom0': bone 5 GeoId -> 1 at ACT+0x20 (section-relative; stable across hammerspace relocation)
[2026-09-20 02:03:13] [Info] [hammerspace.main] [ACT] custom submesh 'custom1': bone 6 GeoId -> 2 at ACT+0x28 (section-relative; stable across hammerspace relocation)
[2026-09-20 02:03:13] [Info] [hammerspace.main] [ACT] custom submesh 'custom0': bone 5 GeoId -> 2 at ACT+0x20 (section-relative; stable across hammerspace relocation)
[2026-09-20 02:03:13] [Error] [hammerspace.main] Bone 1: SRTOffset 0x103F is before the ACT section start (0x1040); the .sluggie's SRTOffset metadata does not match this model's ACT section layout. Re-export the model with the latest SluggiesTools export.py, then export from Blender again.
[2026-09-20 02:03:13] [Info] [hammerspace.main] [ACT] root-bone SRT scale: bone 1 wrote 400000003fc000003f800000 at ACT+0x54 (section-relative; stable across hammerspace relocation)
[2026-09-20 02:03:13] [Info] [hammerspace.main] [Container] DOL entry is an archive: 3 slots, 3 populated; rebuilding slot 1 at +0x60 and carrying the other 2 member(s) along
[2026-09-20 02:03:13] [Info] [hammerspace.main] [Container] archive slot 1 64 -> 192 bytes; 1 later slot(s) shifted by +128; archive 256 -> 384 bytes
[2026-09-20 02:03:13] [Info] [hammerspace.main] [Container] preserving 32-byte DOL entry prefix; inner model starts at +0x20
[2026-09-20 02:03:13] [Info] [hammerspace.main] [Container] DOL entry is an archive: 3 slots, 3 populated; rebuilding slot 1 at +0x60 and carrying the other 2 member(s) along
[2026-09-20 02:03:13] [Info] [hammerspace.main] [Container] archive slot 1 64 -> 192 bytes; 1 later slot(s) shifted by +128; archive 256 -> 384 bytes
[2026-09-20 02:03:13] [Info] [hammerspace.main] [Container] DOL entry is an archive: 3 slots, 3 populated; rebuilding slot 1 at +0x60 and carrying the other 2 member(s) along
[2026-09-20 02:03:13] [Info] [hammerspace.main] [Container] archive slot 1 64 -> 192 bytes; 1 later slot(s) shifted by +128; archive 256 -> 384 bytes
[2026-09-20 02:03:13] [Info] [hammerspace.main] [CloneGPL] 4 bytes from block+0x20
[2026-09-20 02:03:13] [Info] [hammerspace.main] [HDR] +0x18 patched: 0x00000180 → 0x00000100
[2026-09-20 02:03:13] [Info] [hammerspace.main] [HDR] +0x14 patched: 0x00000100 → 0x000000A0
[2026-09-20 02:03:13] [Info] [hammerspace.main] [HDR] +0x18 patched: 0x00000140 → 0x000000E0
[2026-09-20 02:03:13] [Info] [hammerspace.main] [HDR] +0x1C patched: 0x00000180 → 0x00000120
[2026-09-20 02:03:13] [Info] [hammerspace.main] [GPL] patched material state sub0 ds0 at GPL+0x10
[2026-09-20 02:03:13] [Info] [hammerspace.main] [GPL] patched material state sub0 ds1 at GPL+0x20
[2026-09-20 02:03:13] [Info] [hammerspace.main] [GPL] patched position array sub0 at GPL+0x10 (6 bytes)
[2026-09-20 02:03:13] [Info] [hammerspace.main] Model already in hammerspace at 0x00003000; keeping the old route live until replacement commits
[2026-09-20 02:03:13] [Info] [hammerspace.main] Hammerspace Log: Replaced | Model: fixture.sluggie | Old address: 0x00003000 | Old size: 0.00 MB
[2026-09-20 02:03:13] [Info] [hammerspace.main] Hammerspace Log: Written | Model: fixture.sluggie | Chunk: 18 | File: 0 | Address: 0x00004000 | Size: 0.00 MB | Modes: {'GPL': 'clone', 'ACT': 'clone', 'TEX': 'clone', 'SKN': 'clone', 'trailing': 'clone'}
[2026-09-20 02:03:13] [Info] [hammerspace.main] Model already in hammerspace at 0x00003000; keeping the old route live until replacement commits
[2026-09-20 02:03:13] [Info] [hammerspace.main] Model already in hammerspace at 0x00003000; keeping the old route live until replacement commits
[2026-09-20 02:03:13] [Info] [hammerspace.main] Hammerspace Log: Replaced | Model: fixture.sluggie | Old address: 0x00003000 | Old size: 0.00 MB
[2026-09-20 02:03:13] [Info] [hammerspace.main] Hammerspace Log: Written | Model: fixture.sluggie | Chunk: 18 | File: 0 | Address: 0x00004000 | Size: 0.00 MB | Modes: {'GPL': 'clone', 'ACT': 'clone', 'TEX': 'clone', 'SKN': 'clone', 'trailing': 'clone'}
[2026-09-20 02:03:13] [Info] [hammerspace.main] Model already in hammerspace at 0x00003000; keeping the old route live until replacement commits
[2026-09-20 02:03:13] [Info] [hammerspace.main] [GPL] appended UV array sub0 uv0 at GPL+0x80 (8 bytes)
[2026-09-20 02:03:13] [Info] [hammerspace.main] [GPL] appended primitive list sub0 ds0 (32 bytes)
[2026-09-20 02:03:13] [Info] [hammerspace.main] [GPL] patched UV array sub0 uv0 at GPL+0x14 (4 bytes)
[2026-09-20 02:03:13] [Info] [hammerspace.main] Hammerspace Log: Written | Model: fixture.sluggie | Chunk: 18 | File: 0 | Address: 0x00001020 | Size: 0.00 MB | Modes: {'GPL': 'clone', 'ACT': 'clone', 'TEX': 'clone', 'SKN': 'clone', 'trailing': 'clone'}
[2026-09-20 02:03:13] [Info] [hammerspace.main] Hammerspace Log: Written | Model: fixture.sluggie | Chunk: 18 | File: 0 | Address: 0x00002000 | Size: 0.00 MB | Modes: {'GPL': 'clone', 'ACT': 'clone', 'TEX': 'clone', 'SKN': 'clone', 'trailing': 'clone'}
[2026-09-20 02:03:13] [Warning] [hammerspace.main] [SKN] SK1/SK2 destinations are not cache-line exclusive; source arrays packed sequentially instead of mirroring the position buffer (donor layout rule) — facial poses on skinned vertices may break in-game
[2026-09-20 02:03:13] [Info] [hammerspace.main] [BuildTEX] built 5 texture(s), 5 image payload(s), 0 palette payload(s); section size 832 bytes
[2026-09-20 02:03:13] [Info] [hammerspace.main] [BuildTEX] built 2 texture(s), 2 image payload(s), 0 palette payload(s); section size 160 bytes
[2026-09-20 02:03:13] [Info] [hammerspace.main] [BuildTEX] No textures; returning empty TEX section
[2026-09-20 02:03:13] [Info] [hammerspace.main] [BuildTEX] built 2 texture(s), 2 image payload(s), 0 palette payload(s); section size 160 bytes
[2026-09-20 02:03:13] [Info] [hammerspace.main] [BuildTEX] built 2 texture(s), 2 image payload(s), 2 palette payload(s); section size 256 bytes
[2026-09-20 02:03:13] [Info] [hammerspace.main] [BuildTEX] built 1 texture(s), 1 image payload(s), 0 palette payload(s); section size 96 bytes
[2026-09-20 02:03:13] [Info] [hammerspace.main] [CloneGPL] 832 bytes from block+0x20
[2026-09-20 02:03:13] [Info] [hammerspace.main] [GPL] appended custom submesh 'custom0' as submesh 2 (host bone 1, template builtin:rigid_spec_v1)
[2026-09-20 02:03:13] [Info] [hammerspace.main] [CloneACT] 832 bytes from block+0x360
[2026-09-20 02:03:13] [Info] [hammerspace.main] [ACT] custom submesh 'custom0': bone 1 GeoId -> 2 at ACT+0x50 (section-relative; stable across hammerspace relocation)
[2026-09-20 02:03:13] [Info] [hammerspace.main] [CloneACT] 832 bytes from block+0x360
[2026-09-20 02:03:13] [Info] [hammerspace.main] [CloneTEX] 160 bytes from block+0x6A0
[2026-09-20 02:03:13] [Info] [hammerspace.main] [CloneSKN] 384 bytes from block+0x740
[2026-09-20 02:03:13] [Info] [hammerspace.main] [CloneTrailing] No ptr6/ptr7/ptr8 sections
[2026-09-20 02:03:13] [Info] [hammerspace.main] [CloneHEADER] 0x20 bytes from offset 0x00002000
[2026-09-20 02:03:13] [Info] [hammerspace.main] [CloneGPL] 832 bytes from block+0x20
[2026-09-20 02:03:13] [Info] [hammerspace.main] [GPL] appended custom submesh 'custom0' as submesh 2 (host bone 3, template derived:sm0_ds5)
[2026-09-20 02:03:13] [Info] [hammerspace.main] [CloneACT] 832 bytes from block+0x360
[2026-09-20 02:03:13] [Info] [hammerspace.main] [ACT] custom submesh 'custom0': bone 3 GeoId -> 2 at ACT+0x88 (section-relative; stable across hammerspace relocation)
[2026-09-20 02:03:13] [Info] [hammerspace.main] [CloneACT] 832 bytes from block+0x360
[2026-09-20 02:03:13] [Info] [hammerspace.main] [CloneTEX] 160 bytes from block+0x6A0
[2026-09-20 02:03:13] [Info] [hammerspace.main] [CloneSKN] 384 bytes from block+0x740
[2026-09-20 02:03:13] [Info] [hammerspace.main] [CloneTrailing] No ptr6/ptr7/ptr8 sections
[2026-09-20 02:03:13] [Info] [hammerspace.main] [CloneHEADER] 0x20 bytes from offset 0x00002000
[2026-09-20 02:03:13] [Info] [hammerspace.main] [CloneGPL] 832 bytes from block+0x20
[2026-09-20 02:03:13] [Info] [hammerspace.main] [CloneGPL] 832 bytes from block+0x20
[2026-09-20 02:03:13] [Info] [hammerspace.main] [GPL] appended custom submesh 'custom0' as submesh 2 (host bone 1, template builtin:rigid_spec_v1)
[2026-09-20 02:03:13] [Info] [hammerspace.main] [CloneACT] 832 bytes from block+0x360
[2026-09-20 02:03:13] [Info] [hammerspace.main] [ACT] custom submesh 'custom0': bone 1 GeoId -> 2 at ACT+0x50 (section-relative; stable across hammerspace relocation)
[2026-09-20 02:03:13] [Info] [hammerspace.main] [CloneACT] 832 bytes from block+0x360
[2026-09-20 02:03:13] [Info] [hammerspace.main] [CloneTEX] 160 bytes from block+0x6A0
[2026-09-20 02:03:13] [Info] [hammerspace.main] [CloneSKN] 384 bytes from block+0x740
[2026-09-20 02:03:13] [Info] [hammerspace.main] [CloneTrailing] No ptr6/ptr7/ptr8 sections
[2026-09-20 02:03:13] [Info] [hammerspace.main] [CloneHEADER] 0x20 bytes from offset 0x00002000
[2026-09-20 02:03:13] [Info] [hammerspace.main] [CloneGPL] 832 bytes from block+0x20
[2026-09-20 02:03:13] [Info] [hammerspace.main] [GPL] appended custom submesh 'custom0' as submesh 2 (host bone 2, template rigid:sm1_ds5)
[2026-09-20 02:03:13] [Info] [hammerspace.main] [CloneACT] 832 bytes from block+0x360
[2026-09-20 02:03:13] [Info] [hammerspace.main] [ACT] custom submesh 'custom0': bone 2 GeoId -> 2 at ACT+0x6C (section-relative; stable across hammerspace relocation)
[2026-09-20 02:03:13] [Info] [hammerspace.main] [CloneACT] 832 bytes from block+0x360
[2026-09-20 02:03:13] [Info] [hammerspace.main] [CloneTEX] 160 bytes from block+0x6A0
[2026-09-20 02:03:13] [Info] [hammerspace.main] [CloneSKN] 384 bytes from block+0x740
[2026-09-20 02:03:13] [Info] [hammerspace.main] [CloneTrailing] No ptr6/ptr7/ptr8 sections
[2026-09-20 02:03:13] [Info] [hammerspace.main] [CloneHEADER] 0x20 bytes from offset 0x00002000
[2026-09-20 02:03:13] [Info] [hammerspace.main] [GPL] appended custom submesh 'custom0' as submesh 1 (host bone 5, template builtin:rigid_spec_v1)
[2026-09-20 02:03:13] [Info] [geometry.rebuild] [M3.3] sub0: normal buffer compacted to 5 unique normals
[2026-09-20 02:03:13] [Info] [geometry.rebuild] [M3.2] sub0: rebuilt draw states [1]; descriptor upgrades []; triangulated 0 irreducible GX blocks
[2026-09-20 02:03:13] [Info] [geometry.rebuild] [M3.2] sub0 uv0: 6 expanded coords -> 5 compact; indices rebuilt
[2026-09-20 02:03:13] [Info] [geometry.rebuild] [M3.3] sub0: normal buffer compacted to 5 unique normals
[2026-09-20 02:03:13] [Info] [geometry.rebuild] [M3.2] sub0: rebuilt draw states [1]; descriptor upgrades []; triangulated 0 irreducible GX blocks
[2026-09-20 02:03:13] [Info] [geometry.rebuild] [M3.3] sub0: normal buffer compacted to 4 unique normals
[2026-09-20 02:04:06] [Info] [hammerspace.main] [CloneACT] 832 bytes from block+0x360
[2026-09-20 02:04:06] [Info] [hammerspace.main] [ACT] bone 1 GeoId -> 2 at ACT+0x50 (GeoIdEdited retarget; section-relative, stable across hammerspace relocation)
[2026-09-20 02:04:06] [Info] [hammerspace.main] [CloneACT] 832 bytes from block+0x360
[2026-09-20 02:04:06] [Info] [hammerspace.main] [CloneTEX] 160 bytes from block+0x6A0
[2026-09-20 02:04:06] [Info] [hammerspace.main] [CloneSKN] 384 bytes from block+0x740
[2026-09-20 02:04:06] [Info] [hammerspace.main] [CloneTrailing] No ptr6/ptr7/ptr8 sections
[2026-09-20 02:04:06] [Info] [hammerspace.main] [CloneHEADER] 0x20 bytes from offset 0x00002000
[2026-09-20 02:04:06] [Info] [build_add_submesh_fixture] [ACT] bone 1 GeoId already reads submesh 2 at ACT+0x50 (applied by BuildModelBlock via GeoIdEdited)
[2026-09-20 02:04:06] [Info] [hammerspace.main] [CloneACT] 832 bytes from block+0x360
[2026-09-20 02:04:06] [Info] [hammerspace.main] [ACT] bone 1 GeoId -> 2 at ACT+0x50 (GeoIdEdited retarget; section-relative, stable across hammerspace relocation)
[2026-09-20 02:04:06] [Info] [hammerspace.main] [CloneACT] 832 bytes from block+0x360
[2026-09-20 02:04:06] [Info] [hammerspace.main] [CloneTEX] 160 bytes from block+0x6A0
[2026-09-20 02:04:06] [Info] [hammerspace.main] [CloneSKN] 384 bytes from block+0x740
[2026-09-20 02:04:06] [Info] [hammerspace.main] [CloneTrailing] No ptr6/ptr7/ptr8 sections
[2026-09-20 02:04:06] [Info] [hammerspace.main] [CloneHEADER] 0x20 bytes from offset 0x00002000
[2026-09-20 02:04:06] [Info] [build_add_submesh_fixture] [ACT] bone 1 GeoId already reads submesh 2 at ACT+0x50 (applied by BuildModelBlock via GeoIdEdited)
[2026-09-20 02:04:06] [Info] [hammerspace.main] [CloneACT] 832 bytes from block+0x360
[2026-09-20 02:04:06] [Info] [hammerspace.main] [ACT] bone 1 GeoId -> 2 at ACT+0x50 (GeoIdEdited retarget; section-relative, stable across hammerspace relocation)
[2026-09-20 02:04:06] [Info] [hammerspace.main] [CloneACT] 832 bytes from block+0x360
[2026-09-20 02:04:06] [Info] [hammerspace.main] [CloneTEX] 160 bytes from block+0x6A0
[2026-09-20 02:04:06] [Info] [hammerspace.main] [CloneSKN] 384 bytes from block+0x740
[2026-09-20 02:04:06] [Info] [hammerspace.main] [CloneTrailing] No ptr6/ptr7/ptr8 sections
[2026-09-20 02:04:06] [Info] [hammerspace.main] [CloneHEADER] 0x20 bytes from offset 0x00002000
[2026-09-20 02:04:06] [Info] [build_add_submesh_fixture] [ACT] bone 1 GeoId already reads submesh 2 at ACT+0x50 (applied by BuildModelBlock via GeoIdEdited)
[2026-09-20 02:04:06] [Info] [hammerspace.main] [CloneACT] 832 bytes from block+0x360
[2026-09-20 02:04:06] [Info] [hammerspace.main] [ACT] bone 1 GeoId -> 2 at ACT+0x50 (GeoIdEdited retarget; section-relative, stable across hammerspace relocation)
[2026-09-20 02:04:06] [Info] [hammerspace.main] [CloneACT] 832 bytes from block+0x360
[2026-09-20 02:04:06] [Info] [hammerspace.main] [CloneTEX] 160 bytes from block+0x6A0
[2026-09-20 02:04:06] [Info] [hammerspace.main] [CloneSKN] 384 bytes from block+0x740
[2026-09-20 02:04:06] [Info] [hammerspace.main] [CloneTrailing] No ptr6/ptr7/ptr8 sections
[2026-09-20 02:04:06] [Info] [hammerspace.main] [CloneHEADER] 0x20 bytes from offset 0x00002000
[2026-09-20 02:04:06] [Info] [build_add_submesh_fixture] [ACT] bone 1 GeoId already reads submesh 2 at ACT+0x50 (applied by BuildModelBlock via GeoIdEdited)
[2026-09-20 02:04:08] [Info] [geometry.rebuild] [M3.3] sub0 color: 4 donor entries -> 4 compact; indices rebuilt
[2026-09-20 02:04:08] [Info] [geometry.rebuild] [M3.2] sub0: rebuilt draw states [1]; descriptor upgrades []; triangulated 0 irreducible GX blocks
[2026-09-20 02:04:08] [Info] [geometry.rebuild] [M3.3] sub0 color: 4 donor entries -> 4 compact; indices preserved
[2026-09-20 02:04:09] [Info] [hammerspace.main] [CloneGPL] 832 bytes from block+0x20
[2026-09-20 02:04:09] [Info] [hammerspace.main] [GPL] appended custom submesh 'custom0' as submesh 2 (host bone 1, template builtin:rigid_spec_v1)
[2026-09-20 02:04:09] [Info] [hammerspace.main] [CloneACT] 832 bytes from block+0x360
[2026-09-20 02:04:09] [Info] [hammerspace.main] [ACT] custom submesh 'custom0': bone 1 GeoId -> 2 at ACT+0x50 (section-relative; stable across hammerspace relocation)
[2026-09-20 02:04:09] [Info] [hammerspace.main] [CloneACT] 832 bytes from block+0x360
[2026-09-20 02:04:09] [Info] [hammerspace.main] [CloneTEX] 160 bytes from block+0x6A0
[2026-09-20 02:04:09] [Info] [hammerspace.main] [CloneSKN] 384 bytes from block+0x740
[2026-09-20 02:04:09] [Info] [hammerspace.main] [CloneTrailing] No ptr6/ptr7/ptr8 sections
[2026-09-20 02:04:09] [Info] [hammerspace.main] [CloneHEADER] 0x20 bytes from offset 0x00002000
[2026-09-20 02:04:09] [Info] [hammerspace.main] [CloneGPL] 832 bytes from block+0x20
[2026-09-20 02:04:09] [Info] [hammerspace.main] [GPL] appended custom submesh 'custom0' as submesh 2 (host bone 1, template builtin:rigid_spec_v1)
[2026-09-20 02:04:09] [Info] [hammerspace.main] [CloneACT] 832 bytes from block+0x360
[2026-09-20 02:04:09] [Info] [hammerspace.main] [ACT] custom submesh 'custom0': bone 1 GeoId -> 2 at ACT+0x50 (section-relative; stable across hammerspace relocation)
[2026-09-20 02:04:09] [Info] [hammerspace.main] [CloneACT] 832 bytes from block+0x360
[2026-09-20 02:04:09] [Info] [hammerspace.main] [CloneTEX] 160 bytes from block+0x6A0
[2026-09-20 02:04:09] [Info] [hammerspace.main] [CloneSKN] 384 bytes from block+0x740
[2026-09-20 02:04:09] [Info] [hammerspace.main] [CloneTrailing] No ptr6/ptr7/ptr8 sections
[2026-09-20 02:04:09] [Info] [hammerspace.main] [CloneHEADER] 0x20 bytes from offset 0x00002000
[2026-09-20 02:04:09] [Info] [hammerspace.main] [CloneGPL] 832 bytes from block+0x20
[2026-09-20 02:04:09] [Info] [hammerspace.main] [GPL] appended custom submesh 'custom0' as submesh 2 (host bone 1, template rigid:sm1_ds5)
[2026-09-20 02:04:09] [Info] [hammerspace.main] [CloneACT] 832 bytes from block+0x360
[2026-09-20 02:04:09] [Info] [hammerspace.main] [ACT] custom submesh 'custom0': bone 1 GeoId -> 2 at ACT+0x50 (section-relative; stable across hammerspace relocation)
[2026-09-20 02:04:09] [Info] [hammerspace.main] [CloneACT] 832 bytes from block+0x360
[2026-09-20 02:04:09] [Info] [hammerspace.main] [CloneTEX] 160 bytes from block+0x6A0
[2026-09-20 02:04:09] [Info] [hammerspace.main] [CloneSKN] 384 bytes from block+0x740
[2026-09-20 02:04:09] [Info] [hammerspace.main] [CloneTrailing] No ptr6/ptr7/ptr8 sections
[2026-09-20 02:04:09] [Info] [hammerspace.main] [CloneHEADER] 0x20 bytes from offset 0x00002000
[2026-09-20 02:04:09] [Info] [hammerspace.main] [CloneGPL] 832 bytes from block+0x20
[2026-09-20 02:04:09] [Info] [hammerspace.main] [GPL] appended custom submesh 'custom0' as submesh 2 (host bone 1, template derived:sm0_ds5)
[2026-09-20 02:04:09] [Info] [hammerspace.main] [CloneACT] 832 bytes from block+0x360
[2026-09-20 02:04:09] [Info] [hammerspace.main] [ACT] custom submesh 'custom0': bone 1 GeoId -> 2 at ACT+0x50 (section-relative; stable across hammerspace relocation)
[2026-09-20 02:04:09] [Info] [hammerspace.main] [CloneACT] 832 bytes from block+0x360
[2026-09-20 02:04:09] [Info] [hammerspace.main] [CloneTEX] 160 bytes from block+0x6A0
[2026-09-20 02:04:09] [Info] [hammerspace.main] [CloneSKN] 384 bytes from block+0x740
[2026-09-20 02:04:09] [Info] [hammerspace.main] [CloneTrailing] No ptr6/ptr7/ptr8 sections
[2026-09-20 02:04:09] [Info] [hammerspace.main] [CloneHEADER] 0x20 bytes from offset 0x00002000
[2026-09-20 02:04:09] [Info] [hammerspace.main] [CloneGPL] 832 bytes from block+0x20
[2026-09-20 02:04:09] [Info] [hammerspace.main] [GPL] appended custom submesh 'custom0' as submesh 2 (host bone 1, template builtin:rigid_spec_v1)
[2026-09-20 02:04:09] [Info] [hammerspace.main] [CloneACT] 832 bytes from block+0x360
[2026-09-20 02:04:09] [Info] [hammerspace.main] [ACT] custom submesh 'custom0': bone 1 GeoId -> 2 at ACT+0x50 (section-relative; stable across hammerspace relocation)
[2026-09-20 02:04:09] [Info] [hammerspace.main] [CloneACT] 832 bytes from block+0x360
[2026-09-20 02:04:09] [Info] [hammerspace.main] [CloneTEX] 160 bytes from block+0x6A0
[2026-09-20 02:04:09] [Info] [hammerspace.main] [CloneSKN] 384 bytes from block+0x740
[2026-09-20 02:04:09] [Info] [hammerspace.main] [CloneTrailing] No ptr6/ptr7/ptr8 sections
[2026-09-20 02:04:09] [Info] [hammerspace.main] [CloneHEADER] 0x20 bytes from offset 0x00002000
[2026-09-20 02:04:09] [Info] [dispatcher] Resolved PNG '0.png' → model.sluggie texture 0
[2026-09-20 02:04:09] [Info] [dispatcher] Resolved PNG '0.png' → model.sluggie texture 0
[2026-09-20 02:04:09] [Info] [dispatcher] Found: C:\Users\gerno\AppData\Local\Temp\tmpa_bmh5nt\model.sluggie
[2026-09-20 02:04:09] [Info] [dispatcher] Resolved PNG '0.png' → model.sluggie texture 0
[2026-09-20 02:04:09] [Info] [dispatcher] Found: C:\Users\gerno\AppData\Local\Temp\tmpqvgnhn8l\model.sluggie
[2026-09-20 02:04:09] [Warning] [act] bone 0 is not relative
[2026-09-20 02:04:09] [Warning] [act] bone 0 is not relative
[2026-09-20 02:04:09] [Warning] [act] bone 0 is not relative
[2026-09-20 02:04:10] [Info] [hammerspace.helper] [1] Current DOL entry: chunk=0, file_index=0, offset=0x00000008 (8), length=0x00000008 (8 bytes)
[2026-09-20 02:04:10] [Info] [hammerspace.helper] [2] Original DOL entry: offset=0x00000008 (8), length=0x00000008 (8 bytes)
[2026-09-20 02:04:10] [Info] [hammerspace.helper] DOL entry was already restored; original model bytes were repaired and verified.
[2026-09-20 02:04:10] [Info] [hammerspace.helper] [1] Current DOL entry: chunk=0, file_index=0, offset=0x00000040 (64), length=0x00000008 (8 bytes)
[2026-09-20 02:04:10] [Info] [hammerspace.helper] [2] Original DOL entry: offset=0x00000008 (8), length=0x00000008 (8 bytes)
[2026-09-20 02:04:10] [Info] [hammerspace.helper] [3] Restored and verified 8 original model bytes at 0x00000008.
[2026-09-20 02:04:10] [Info] [hammerspace.helper] [4] Restoring original DOL entry ...
[2026-09-20 02:04:10] [Info] [hammerspace.helper] [5] Zeroing 8 bytes at 0x00000040 in OUTPUT dt_na.dat ...
[2026-09-20 02:04:10] [Info] [hammerspace.helper]     Zeroed 8 bytes.
[2026-09-20 02:04:10] [Info] [hammerspace.helper] Done. chunk=0, file_index=0 removed from hammerspace.
[2026-09-20 02:04:10] [Info] [hammerspace.main] [ACT] bone 5 GeoId -> 65535 at ACT+0x20 (GeoIdEdited retarget; section-relative, stable across hammerspace relocation)
[2026-09-20 02:04:10] [Info] [hammerspace.main] [ACT] custom submesh 'custom0': bone 5 GeoId -> 2 at ACT+0x20 (section-relative; stable across hammerspace relocation)
[2026-09-20 02:04:10] [Info] [hammerspace.main] [ACT] bone 6 GeoId -> 1 at ACT+0x28 (GeoIdEdited retarget; section-relative, stable across hammerspace relocation)
[2026-09-20 02:04:10] [Info] [hammerspace.main] [ACT] bone 5 GeoId -> 65535 at ACT+0x20 (GeoIdEdited retarget; section-relative, stable across hammerspace relocation)
[2026-09-20 02:04:10] [Info] [hammerspace.main] [ACT] custom submesh 'custom0': bone 5 GeoId -> 1 at ACT+0x20 (section-relative; stable across hammerspace relocation)
[2026-09-20 02:04:10] [Info] [hammerspace.main] [ACT] custom submesh 'custom1': bone 6 GeoId -> 2 at ACT+0x28 (section-relative; stable across hammerspace relocation)
[2026-09-20 02:04:10] [Info] [hammerspace.main] [ACT] custom submesh 'custom0': bone 5 GeoId -> 2 at ACT+0x20 (section-relative; stable across hammerspace relocation)
[2026-09-20 02:04:10] [Error] [hammerspace.main] Bone 1: SRTOffset 0x103F is before the ACT section start (0x1040); the .sluggie's SRTOffset metadata does not match this model's ACT section layout. Re-export the model with the latest SluggiesTools export.py, then export from Blender again.
[2026-09-20 02:04:10] [Info] [hammerspace.main] [ACT] root-bone SRT scale: bone 1 wrote 400000003fc000003f800000 at ACT+0x54 (section-relative; stable across hammerspace relocation)
[2026-09-20 02:04:10] [Info] [hammerspace.main] [Container] DOL entry is an archive: 3 slots, 3 populated; rebuilding slot 1 at +0x60 and carrying the other 2 member(s) along
[2026-09-20 02:04:10] [Info] [hammerspace.main] [Container] archive slot 1 64 -> 192 bytes; 1 later slot(s) shifted by +128; archive 256 -> 384 bytes
[2026-09-20 02:04:10] [Info] [hammerspace.main] [Container] preserving 32-byte DOL entry prefix; inner model starts at +0x20
[2026-09-20 02:04:10] [Info] [hammerspace.main] [Container] DOL entry is an archive: 3 slots, 3 populated; rebuilding slot 1 at +0x60 and carrying the other 2 member(s) along
[2026-09-20 02:04:10] [Info] [hammerspace.main] [Container] archive slot 1 64 -> 192 bytes; 1 later slot(s) shifted by +128; archive 256 -> 384 bytes
[2026-09-20 02:04:10] [Info] [hammerspace.main] [Container] DOL entry is an archive: 3 slots, 3 populated; rebuilding slot 1 at +0x60 and carrying the other 2 member(s) along
[2026-09-20 02:04:10] [Info] [hammerspace.main] [Container] archive slot 1 64 -> 192 bytes; 1 later slot(s) shifted by +128; archive 256 -> 384 bytes
[2026-09-20 02:04:10] [Info] [hammerspace.main] [CloneGPL] 4 bytes from block+0x20
[2026-09-20 02:04:10] [Info] [hammerspace.main] [HDR] +0x18 patched: 0x00000180 → 0x00000100
[2026-09-20 02:04:10] [Info] [hammerspace.main] [HDR] +0x14 patched: 0x00000100 → 0x000000A0
[2026-09-20 02:04:10] [Info] [hammerspace.main] [HDR] +0x18 patched: 0x00000140 → 0x000000E0
[2026-09-20 02:04:10] [Info] [hammerspace.main] [HDR] +0x1C patched: 0x00000180 → 0x00000120
[2026-09-20 02:04:10] [Info] [hammerspace.main] [GPL] patched material state sub0 ds0 at GPL+0x10
[2026-09-20 02:04:10] [Info] [hammerspace.main] [GPL] patched material state sub0 ds1 at GPL+0x20
[2026-09-20 02:04:10] [Info] [hammerspace.main] [GPL] patched position array sub0 at GPL+0x10 (6 bytes)
[2026-09-20 02:04:10] [Info] [hammerspace.main] Model already in hammerspace at 0x00003000; keeping the old route live until replacement commits
[2026-09-20 02:04:10] [Info] [hammerspace.main] Hammerspace Log: Replaced | Model: fixture.sluggie | Old address: 0x00003000 | Old size: 0.00 MB
[2026-09-20 02:04:10] [Info] [hammerspace.main] Hammerspace Log: Written | Model: fixture.sluggie | Chunk: 18 | File: 0 | Address: 0x00004000 | Size: 0.00 MB | Modes: {'GPL': 'clone', 'ACT': 'clone', 'TEX': 'clone', 'SKN': 'clone', 'trailing': 'clone'}
[2026-09-20 02:04:10] [Info] [hammerspace.main] Model already in hammerspace at 0x00003000; keeping the old route live until replacement commits
[2026-09-20 02:04:10] [Info] [hammerspace.main] Model already in hammerspace at 0x00003000; keeping the old route live until replacement commits
[2026-09-20 02:04:10] [Info] [hammerspace.main] Hammerspace Log: Replaced | Model: fixture.sluggie | Old address: 0x00003000 | Old size: 0.00 MB
[2026-09-20 02:04:10] [Info] [hammerspace.main] Hammerspace Log: Written | Model: fixture.sluggie | Chunk: 18 | File: 0 | Address: 0x00004000 | Size: 0.00 MB | Modes: {'GPL': 'clone', 'ACT': 'clone', 'TEX': 'clone', 'SKN': 'clone', 'trailing': 'clone'}
[2026-09-20 02:04:10] [Info] [hammerspace.main] Model already in hammerspace at 0x00003000; keeping the old route live until replacement commits
[2026-09-20 02:04:10] [Info] [hammerspace.main] [GPL] appended UV array sub0 uv0 at GPL+0x80 (8 bytes)
[2026-09-20 02:04:10] [Info] [hammerspace.main] [GPL] appended primitive list sub0 ds0 (32 bytes)
[2026-09-20 02:04:10] [Info] [hammerspace.main] [GPL] patched UV array sub0 uv0 at GPL+0x14 (4 bytes)
[2026-09-20 02:04:10] [Info] [hammerspace.main] Hammerspace Log: Written | Model: fixture.sluggie | Chunk: 18 | File: 0 | Address: 0x00001020 | Size: 0.00 MB | Modes: {'GPL': 'clone', 'ACT': 'clone', 'TEX': 'clone', 'SKN': 'clone', 'trailing': 'clone'}
[2026-09-20 02:04:10] [Info] [hammerspace.main] Hammerspace Log: Written | Model: fixture.sluggie | Chunk: 18 | File: 0 | Address: 0x00002000 | Size: 0.00 MB | Modes: {'GPL': 'clone', 'ACT': 'clone', 'TEX': 'clone', 'SKN': 'clone', 'trailing': 'clone'}
[2026-09-20 02:04:10] [Warning] [hammerspace.main] [SKN] SK1/SK2 destinations are not cache-line exclusive; source arrays packed sequentially instead of mirroring the position buffer (donor layout rule) — facial poses on skinned vertices may break in-game
[2026-09-20 02:04:10] [Info] [hammerspace.main] [BuildTEX] built 5 texture(s), 5 image payload(s), 0 palette payload(s); section size 832 bytes
[2026-09-20 02:04:10] [Info] [hammerspace.main] [BuildTEX] built 2 texture(s), 2 image payload(s), 0 palette payload(s); section size 160 bytes
[2026-09-20 02:04:10] [Info] [hammerspace.main] [BuildTEX] No textures; returning empty TEX section
[2026-09-20 02:04:10] [Info] [hammerspace.main] [BuildTEX] built 2 texture(s), 2 image payload(s), 0 palette payload(s); section size 160 bytes
[2026-09-20 02:04:10] [Info] [hammerspace.main] [BuildTEX] built 2 texture(s), 2 image payload(s), 2 palette payload(s); section size 256 bytes
[2026-09-20 02:04:10] [Info] [hammerspace.main] [BuildTEX] built 1 texture(s), 1 image payload(s), 0 palette payload(s); section size 96 bytes
[2026-09-20 02:04:10] [Info] [hammerspace.main] [CloneGPL] 832 bytes from block+0x20
[2026-09-20 02:04:10] [Info] [hammerspace.main] [GPL] appended custom submesh 'custom0' as submesh 2 (host bone 1, template builtin:rigid_spec_v1)
[2026-09-20 02:04:10] [Info] [hammerspace.main] [CloneACT] 832 bytes from block+0x360
[2026-09-20 02:04:10] [Info] [hammerspace.main] [ACT] custom submesh 'custom0': bone 1 GeoId -> 2 at ACT+0x50 (section-relative; stable across hammerspace relocation)
[2026-09-20 02:04:10] [Info] [hammerspace.main] [CloneACT] 832 bytes from block+0x360
[2026-09-20 02:04:10] [Info] [hammerspace.main] [CloneTEX] 160 bytes from block+0x6A0
[2026-09-20 02:04:10] [Info] [hammerspace.main] [CloneSKN] 384 bytes from block+0x740
[2026-09-20 02:04:10] [Info] [hammerspace.main] [CloneTrailing] No ptr6/ptr7/ptr8 sections
[2026-09-20 02:04:10] [Info] [hammerspace.main] [CloneHEADER] 0x20 bytes from offset 0x00002000
[2026-09-20 02:04:10] [Info] [hammerspace.main] [CloneGPL] 832 bytes from block+0x20
[2026-09-20 02:04:10] [Info] [hammerspace.main] [GPL] appended custom submesh 'custom0' as submesh 2 (host bone 3, template derived:sm0_ds5)
[2026-09-20 02:04:10] [Info] [hammerspace.main] [CloneACT] 832 bytes from block+0x360
[2026-09-20 02:04:10] [Info] [hammerspace.main] [ACT] custom submesh 'custom0': bone 3 GeoId -> 2 at ACT+0x88 (section-relative; stable across hammerspace relocation)
[2026-09-20 02:04:10] [Info] [hammerspace.main] [CloneACT] 832 bytes from block+0x360
[2026-09-20 02:04:10] [Info] [hammerspace.main] [CloneTEX] 160 bytes from block+0x6A0
[2026-09-20 02:04:10] [Info] [hammerspace.main] [CloneSKN] 384 bytes from block+0x740
[2026-09-20 02:04:10] [Info] [hammerspace.main] [CloneTrailing] No ptr6/ptr7/ptr8 sections
[2026-09-20 02:04:10] [Info] [hammerspace.main] [CloneHEADER] 0x20 bytes from offset 0x00002000
[2026-09-20 02:04:10] [Info] [hammerspace.main] [CloneGPL] 832 bytes from block+0x20
[2026-09-20 02:04:10] [Info] [hammerspace.main] [CloneGPL] 832 bytes from block+0x20
[2026-09-20 02:04:10] [Info] [hammerspace.main] [GPL] appended custom submesh 'custom0' as submesh 2 (host bone 1, template builtin:rigid_spec_v1)
[2026-09-20 02:04:10] [Info] [hammerspace.main] [CloneACT] 832 bytes from block+0x360
[2026-09-20 02:04:10] [Info] [hammerspace.main] [ACT] custom submesh 'custom0': bone 1 GeoId -> 2 at ACT+0x50 (section-relative; stable across hammerspace relocation)
[2026-09-20 02:04:10] [Info] [hammerspace.main] [CloneACT] 832 bytes from block+0x360
[2026-09-20 02:04:10] [Info] [hammerspace.main] [CloneTEX] 160 bytes from block+0x6A0
[2026-09-20 02:04:10] [Info] [hammerspace.main] [CloneSKN] 384 bytes from block+0x740
[2026-09-20 02:04:10] [Info] [hammerspace.main] [CloneTrailing] No ptr6/ptr7/ptr8 sections
[2026-09-20 02:04:10] [Info] [hammerspace.main] [CloneHEADER] 0x20 bytes from offset 0x00002000
[2026-09-20 02:04:10] [Info] [hammerspace.main] [CloneGPL] 832 bytes from block+0x20
[2026-09-20 02:04:10] [Info] [hammerspace.main] [GPL] appended custom submesh 'custom0' as submesh 2 (host bone 2, template rigid:sm1_ds5)
[2026-09-20 02:04:10] [Info] [hammerspace.main] [CloneACT] 832 bytes from block+0x360
[2026-09-20 02:04:10] [Info] [hammerspace.main] [ACT] custom submesh 'custom0': bone 2 GeoId -> 2 at ACT+0x6C (section-relative; stable across hammerspace relocation)
[2026-09-20 02:04:10] [Info] [hammerspace.main] [CloneACT] 832 bytes from block+0x360
[2026-09-20 02:04:10] [Info] [hammerspace.main] [CloneTEX] 160 bytes from block+0x6A0
[2026-09-20 02:04:10] [Info] [hammerspace.main] [CloneSKN] 384 bytes from block+0x740
[2026-09-20 02:04:10] [Info] [hammerspace.main] [CloneTrailing] No ptr6/ptr7/ptr8 sections
[2026-09-20 02:04:10] [Info] [hammerspace.main] [CloneHEADER] 0x20 bytes from offset 0x00002000
[2026-09-20 02:04:10] [Info] [hammerspace.main] [GPL] appended custom submesh 'custom0' as submesh 1 (host bone 5, template builtin:rigid_spec_v1)
[2026-09-20 02:04:10] [Info] [geometry.rebuild] [M3.3] sub0: normal buffer compacted to 5 unique normals
[2026-09-20 02:04:10] [Info] [geometry.rebuild] [M3.2] sub0: rebuilt draw states [1]; descriptor upgrades []; triangulated 0 irreducible GX blocks
[2026-09-20 02:04:10] [Info] [geometry.rebuild] [M3.2] sub0 uv0: 6 expanded coords -> 5 compact; indices rebuilt
[2026-09-20 02:04:10] [Info] [geometry.rebuild] [M3.3] sub0: normal buffer compacted to 5 unique normals
[2026-09-20 02:04:10] [Info] [geometry.rebuild] [M3.2] sub0: rebuilt draw states [1]; descriptor upgrades []; triangulated 0 irreducible GX blocks
[2026-09-20 02:04:10] [Info] [geometry.rebuild] [M3.3] sub0: normal buffer compacted to 4 unique normals
[2026-09-20 02:06:19] [Info] [dispatcher] Command (StartTools.bat): start.py --patch 646420640_sta03_yoshi_train02.gpl.sluggie
[2026-09-20 02:06:19] [Info] [dispatcher] Batch menu selection: 5 - Patch model(s)
[2026-09-20 02:06:19] [Info] [dispatcher] Batch model file input: '646420640_sta03_yoshi_train02.gpl.sluggie'
[2026-09-20 02:06:19] [Info] [dispatcher] Found: E:\Sluggies\Sluggies-dat-tools\2_Output_Models\136 Scoreboards Items and Obstacles\646304320\646420640_sta03_yoshi_train02.gpl\646420640_sta03_yoshi_train02.gpl.sluggie
[2026-09-20 02:06:19] [Info] [hammerspace.main] [Container] DOL entry is an archive: 24 slots, 10 populated; rebuilding slot 9 at +0x1C660 and carrying the other 9 member(s) along
[2026-09-20 02:06:19] [Info] [texture_helper] texture 2 (CumTank.png): PNG dimensions 1024x1024 differ from descriptor 256x256; using 1024x1024 for encoding
[2026-09-20 02:06:19] [Info] [hammerspace.main] [CloneGPL] 5,952 bytes from block+0x20
[2026-09-20 02:06:19] [Info] [hammerspace.main] [GPL] appended custom submesh 'custom0' as submesh 3 (host bone 3, template builtin:rigid_spec_v1)
[2026-09-20 02:06:19] [Info] [hammerspace.main] [CloneACT] 256 bytes from block+0x1760
[2026-09-20 02:06:19] [Info] [hammerspace.main] [CloneACT] 256 bytes from block+0x1760
[2026-09-20 02:06:19] [Info] [hammerspace.main] [BuildTEX] built 3 texture(s), 3 image payload(s), 0 palette payload(s); section size 559,232 bytes
[2026-09-20 02:06:19] [Info] [hammerspace.main] [CloneSKN] No SKN section
[2026-09-20 02:06:19] [Info] [hammerspace.main] [CloneHEADER] 0x20 bytes from offset 0x268798A0
[2026-09-20 02:06:19] [Info] [hammerspace.main] [HDR] +0x14 patched: 0x0000A0C0 → 0x0008F740
[2026-09-20 02:06:19] [Info] [hammerspace.main] [Container] archive slot 9 41,440 -> 587,872 bytes; 6 later slot(s) shifted by +546,432; archive 564,236 -> 1,110,668 bytes
[2026-09-20 02:06:19] [Info] [hammerspace.main] Build validation report:
    {
      "valid": true,
      "errors": [],
      "warnings": [],
      "section_modes": {
        "GPL": "build",
        "ACT": "clone",
        "TEX": "build",
        "SKN": "clone",
        "trailing": "clone"
      },
      "section_sizes": {
        "GPL": 27968,
        "ACT": 336,
        "TEX": 559232,
        "SKN": 0,
        "trailing": 288
      },
      "section_pointers": {
        "GPL": 32,
        "ACT": 28000,
        "TEX": 28352,
        "SKN": 0
      },
      "assembled_size": 1110668,
      "original_size": 564236,
      "size_delta": 546432,
      "validator_facts": {
        "section_pointers": {
          "GPL": 32,
          "ACT": 28000,
          "TEX": 28352,
          "SKN": 0,
          "ptr6": 587584,
          "ptr7": 0,
          "ptr8": 0
        },
        "section_ranges": {
          "GPL": {
            "start": 32,
            "end": 28000
          },
          "ACT": {
            "start": 28000,
            "end": 28352
          },
          "TEX": {
            "start": 28352,
            "end": 587584
          },
          "ptr6": {
            "start": 587584,
            "end": 587872
          }
        },
        "section_sizes": {
          "GPL": 27968,
          "ACT": 352,
          "TEX": 559232,
          "ptr6": 288
        },
        "alignment": {
          "checked": 12,
          "failed": 0
        },
        "gpl_texture_references": [
          {
            "submesh": 0,
            "display_state": 0,
            "texture_index": 1
          },
          {
            "submesh": 0,
            "display_state": 1,
            "texture_index": 0
          },
          {
            "submesh": 0,
            "display_state": 6,
            "texture_index": 1
          },
          {
            "submesh": 1,
            "display_state": 0,
            "texture_index": 1
          },
          {
            "submesh": 1,
            "display_state": 1,
            "texture_index": 0
          },
          {
            "submesh": 2,
            "display_state": 0,
            "texture_index": 1
          },
          {
            "submesh": 2,
            "display_state": 1,
            "texture_index": 0
          },
          {
            "submesh": 3,
            "display_state": 0,
            "texture_index": 2
          },
          {
            "submesh": 3,
            "display_state": 1,
            "texture_index": 0
          }
        ],
        "primitive_lists_validated": 17,
        "gpl_submesh_layout": [
          {
            "position_count": 71,
            "position_comp_count": 3,
            "position_quantize_info": 61,
            "normal_count": 18,
            "normal_comp_count": 3,
            "normal_quantize_info": 62
          },
          {
            "position_count": 52,
            "position_comp_count": 3,
            "position_quantize_info": 61,
            "normal_count": 26,
            "normal_comp_count": 3,
            "normal_quantize_info": 62
          },
          {
            "position_count": 52,
            "position_comp_count": 3,
            "position_quantize_info": 61,
            "normal_count": 26,
            "normal_comp_count": 3,
            "normal_quantize_info": 62
          },
          {
            "position_count": 382,
            "position_comp_count": 3,
            "position_quantize_info": 59,
            "normal_count": 308,
            "normal_comp_count": 3,
            "normal_quantize_info": 62
          }
        ],
        "tex_texture_count": 3,
        "tex_clut_count": 0,
        "act_bone_count": 4,
        "act_geo_id_owners": {
          "0": [
            0
          ],
          "1": [
            1
          ],
          "2": [
            2
          ],
          "3": [
            3
          ]
        },
        "act_shared_geo_ids": [],
        "skinned_position_offsets": [],
        "primitive_offsets": [
          1504,
          2336,
          3200,
          4960,
          12192
        ],
        "scratch_write_ends": [],
        "skn_stride": null
      },
      "root_scale_applied": false,
      "archive_file_count": 24,
      "archive_populated_slots": 10,
      "archive_member_slot": 9,
      "archive_member_offset": 116320,
      "archive_member_original_size": 41440,
      "archive_member_new_size": 587872,
      "archive_member_padding": 0,
      "archive_slots_shifted": 6,
      "archive_suffix_size": 406476,
      "archive_original_size": 564236,
      "archive_new_size": 1110668,
      "archive_size_delta": 546432,
      "container_prefix_size": 116320,
      "inner_assembled_size": 587872,
      "inner_original_size": 41440
    }
[2026-09-20 02:06:19] [Info] [hammerspace.helper] Expanding OUTPUT dt_na.dat by 1,110,796 bytes (current: 740,312,608 → target: 741,423,404) ...
[2026-09-20 02:06:19] [Info] [hammerspace.helper] Expansion complete. New size: 741,423,404 bytes
[2026-09-20 02:06:19] [Info] [hammerspace.helper] Patched DOL entry: chunk=136, file_index=9, offset=0x2C204520, length=0x10F28C
[2026-09-20 02:06:19] [Info] [hammerspace.helper] Patched DOL entry: chunk=131, file_index=129, offset=0x2C204520, length=0x10F28C
[2026-09-20 02:06:19] [Info] [hammerspace.helper] Patched DOL entry: chunk=132, file_index=122, offset=0x2C204520, length=0x10F28C
[2026-09-20 02:06:19] [Info] [hammerspace.helper] Patched DOL entry: chunk=133, file_index=21, offset=0x2C204520, length=0x10F28C
[2026-09-20 02:06:19] [Info] [hammerspace.helper] Patched DOL entry: chunk=134, file_index=12, offset=0x2C204520, length=0x10F28C
[2026-09-20 02:06:19] [Info] [hammerspace.helper] Patched DOL entry: chunk=135, file_index=10, offset=0x2C204520, length=0x10F28C
[2026-09-20 02:06:19] [Info] [hammerspace.helper] Patched FST: dt_na.dat size 0x2C204620 -> 0x2C31392C (741,423,404 bytes)
[2026-09-20 02:06:19] [Info] [hammerspace.helper] Zeroing original model data: 0x2685D240, 564,236 bytes ...
[2026-09-20 02:06:19] [Info] [hammerspace.helper]     Zeroed 564,236 bytes at original location.
[2026-09-20 02:06:19] [Info] [hammerspace.helper] [Debug] Original block    → E:\Sluggies\Sluggies-dat-tools\3_Output_Dat\SluggDebugg\646420640_sta03_yoshi_train02.gpl.sluggie_Original.SluggDebugg
[2026-09-20 02:06:19] [Info] [hammerspace.helper] [Debug] Hammerspace block → E:\Sluggies\Sluggies-dat-tools\3_Output_Dat\SluggDebugg\646420640_sta03_yoshi_train02.gpl.sluggie_Hammerspace.SluggDebugg
[2026-09-20 02:06:19] [Info] [hammerspace.main] Hammerspace Log: Written | Model: 646420640_sta03_yoshi_train02.gpl.sluggie | Chunk: 136 | File: 9 | Address: 0x2C204520 | Size: 1.06 MB | Modes: {'GPL': 'build', 'ACT': 'clone', 'TEX': 'build', 'SKN': 'clone', 'trailing': 'clone'}
[2026-09-20 02:06:19] [Info] [dispatcher] Command completed
[2026-09-20 02:15:36] [Info] [dispatcher] Command (StartTools.bat): start.py --patch 646420640_sta03_yoshi_train02.gpl.sluggie
[2026-09-20 02:15:36] [Info] [dispatcher] Batch menu selection: 5 - Patch model(s)
[2026-09-20 02:15:36] [Info] [dispatcher] Batch model file input: '646420640_sta03_yoshi_train02.gpl.sluggie'
[2026-09-20 02:15:36] [Info] [dispatcher] Found: E:\Sluggies\Sluggies-dat-tools\2_Output_Models\136 Scoreboards Items and Obstacles\646304320\646420640_sta03_yoshi_train02.gpl\646420640_sta03_yoshi_train02.gpl.sluggie
[2026-09-20 02:15:36] [Info] [hammerspace.main] [Container] DOL entry is an archive: 24 slots, 10 populated; rebuilding slot 9 at +0x1C660 and carrying the other 9 member(s) along
[2026-09-20 02:15:36] [Info] [texture_helper] texture 2 (CumTank.png): PNG dimensions 1024x1024 differ from descriptor 256x256; using 1024x1024 for encoding
[2026-09-20 02:15:36] [Info] [hammerspace.main] [CloneGPL] 5,952 bytes from block+0x20
[2026-09-20 02:15:36] [Info] [hammerspace.main] [GPL] appended custom submesh 'custom0' as submesh 3 (host bone 3, template builtin:rigid_spec_v1)
[2026-09-20 02:15:36] [Info] [hammerspace.main] [CloneACT] 256 bytes from block+0x1760
[2026-09-20 02:15:36] [Info] [hammerspace.main] [CloneACT] 256 bytes from block+0x1760
[2026-09-20 02:15:36] [Info] [hammerspace.main] [BuildTEX] built 3 texture(s), 3 image payload(s), 0 palette payload(s); section size 559,232 bytes
[2026-09-20 02:15:36] [Info] [hammerspace.main] [CloneSKN] No SKN section
[2026-09-20 02:15:36] [Info] [hammerspace.main] [CloneHEADER] 0x20 bytes from offset 0x268798A0
[2026-09-20 02:15:36] [Info] [hammerspace.main] [HDR] +0x14 patched: 0x0000A0C0 → 0x0008F740
[2026-09-20 02:15:36] [Info] [hammerspace.main] [Container] archive slot 9 41,440 -> 587,872 bytes; 6 later slot(s) shifted by +546,432; archive 564,236 -> 1,110,668 bytes
[2026-09-20 02:15:36] [Info] [hammerspace.main] Build validation report:
    {
      "valid": true,
      "errors": [],
      "warnings": [],
      "section_modes": {
        "GPL": "build",
        "ACT": "clone",
        "TEX": "build",
        "SKN": "clone",
        "trailing": "clone"
      },
      "section_sizes": {
        "GPL": 27968,
        "ACT": 336,
        "TEX": 559232,
        "SKN": 0,
        "trailing": 288
      },
      "section_pointers": {
        "GPL": 32,
        "ACT": 28000,
        "TEX": 28352,
        "SKN": 0
      },
      "assembled_size": 1110668,
      "original_size": 564236,
      "size_delta": 546432,
      "validator_facts": {
        "section_pointers": {
          "GPL": 32,
          "ACT": 28000,
          "TEX": 28352,
          "SKN": 0,
          "ptr6": 587584,
          "ptr7": 0,
          "ptr8": 0
        },
        "section_ranges": {
          "GPL": {
            "start": 32,
            "end": 28000
          },
          "ACT": {
            "start": 28000,
            "end": 28352
          },
          "TEX": {
            "start": 28352,
            "end": 587584
          },
          "ptr6": {
            "start": 587584,
            "end": 587872
          }
        },
        "section_sizes": {
          "GPL": 27968,
          "ACT": 352,
          "TEX": 559232,
          "ptr6": 288
        },
        "alignment": {
          "checked": 12,
          "failed": 0
        },
        "gpl_texture_references": [
          {
            "submesh": 0,
            "display_state": 0,
            "texture_index": 1
          },
          {
            "submesh": 0,
            "display_state": 1,
            "texture_index": 0
          },
          {
            "submesh": 0,
            "display_state": 6,
            "texture_index": 1
          },
          {
            "submesh": 1,
            "display_state": 0,
            "texture_index": 1
          },
          {
            "submesh": 1,
            "display_state": 1,
            "texture_index": 0
          },
          {
            "submesh": 2,
            "display_state": 0,
            "texture_index": 1
          },
          {
            "submesh": 2,
            "display_state": 1,
            "texture_index": 0
          },
          {
            "submesh": 3,
            "display_state": 0,
            "texture_index": 2
          },
          {
            "submesh": 3,
            "display_state": 1,
            "texture_index": 0
          }
        ],
        "primitive_lists_validated": 17,
        "gpl_submesh_layout": [
          {
            "position_count": 71,
            "position_comp_count": 3,
            "position_quantize_info": 61,
            "normal_count": 18,
            "normal_comp_count": 3,
            "normal_quantize_info": 62
          },
          {
            "position_count": 52,
            "position_comp_count": 3,
            "position_quantize_info": 61,
            "normal_count": 26,
            "normal_comp_count": 3,
            "normal_quantize_info": 62
          },
          {
            "position_count": 52,
            "position_comp_count": 3,
            "position_quantize_info": 61,
            "normal_count": 26,
            "normal_comp_count": 3,
            "normal_quantize_info": 62
          },
          {
            "position_count": 382,
            "position_comp_count": 3,
            "position_quantize_info": 59,
            "normal_count": 308,
            "normal_comp_count": 3,
            "normal_quantize_info": 62
          }
        ],
        "tex_texture_count": 3,
        "tex_clut_count": 0,
        "act_bone_count": 4,
        "act_geo_id_owners": {
          "0": [
            0
          ],
          "1": [
            1
          ],
          "2": [
            2
          ],
          "3": [
            3
          ]
        },
        "act_shared_geo_ids": [],
        "skinned_position_offsets": [],
        "primitive_offsets": [
          1504,
          2336,
          3200,
          4960,
          12192
        ],
        "scratch_write_ends": [],
        "skn_stride": null
      },
      "root_scale_applied": false,
      "archive_file_count": 24,
      "archive_populated_slots": 10,
      "archive_member_slot": 9,
      "archive_member_offset": 116320,
      "archive_member_original_size": 41440,
      "archive_member_new_size": 587872,
      "archive_member_padding": 0,
      "archive_slots_shifted": 6,
      "archive_suffix_size": 406476,
      "archive_original_size": 564236,
      "archive_new_size": 1110668,
      "archive_size_delta": 546432,
      "container_prefix_size": 116320,
      "inner_assembled_size": 587872,
      "inner_original_size": 41440
    }
[2026-09-20 02:15:36] [Info] [hammerspace.main] Model already in hammerspace at 0x2C204520; keeping the old route live until replacement commits
[2026-09-20 02:15:36] [Info] [hammerspace.helper] Expanding OUTPUT dt_na.dat by 1,110,816 bytes (current: 741,423,404 → target: 742,534,220) ...
[2026-09-20 02:15:36] [Info] [hammerspace.helper] Expansion complete. New size: 742,534,220 bytes
[2026-09-20 02:15:37] [Info] [hammerspace.helper] Patched DOL entry: chunk=136, file_index=9, offset=0x2C3137C0, length=0x10F28C
[2026-09-20 02:15:37] [Info] [hammerspace.helper] Patched DOL entry: chunk=131, file_index=129, offset=0x2C3137C0, length=0x10F28C
[2026-09-20 02:15:37] [Info] [hammerspace.helper] Patched DOL entry: chunk=132, file_index=122, offset=0x2C3137C0, length=0x10F28C
[2026-09-20 02:15:37] [Info] [hammerspace.helper] Patched DOL entry: chunk=133, file_index=21, offset=0x2C3137C0, length=0x10F28C
[2026-09-20 02:15:37] [Info] [hammerspace.helper] Patched DOL entry: chunk=134, file_index=12, offset=0x2C3137C0, length=0x10F28C
[2026-09-20 02:15:37] [Info] [hammerspace.helper] Patched DOL entry: chunk=135, file_index=10, offset=0x2C3137C0, length=0x10F28C
[2026-09-20 02:15:37] [Info] [hammerspace.helper] Patched FST: dt_na.dat size 0x2C31392C -> 0x2C422C4C (742,534,220 bytes)
[2026-09-20 02:15:37] [Info] [hammerspace.helper] Zeroing original model data: 0x2685D240, 564,236 bytes ...
[2026-09-20 02:15:37] [Info] [hammerspace.helper]     Zeroed 564,236 bytes at original location.
[2026-09-20 02:15:37] [Info] [hammerspace.main] Hammerspace Log: Replaced | Model: 646420640_sta03_yoshi_train02.gpl.sluggie | Old address: 0x2C204520 | Old size: 1.06 MB
[2026-09-20 02:15:37] [Info] [hammerspace.helper] [Debug] Original block    → E:\Sluggies\Sluggies-dat-tools\3_Output_Dat\SluggDebugg\646420640_sta03_yoshi_train02.gpl.sluggie_Original.SluggDebugg
[2026-09-20 02:15:37] [Info] [hammerspace.helper] [Debug] Hammerspace block → E:\Sluggies\Sluggies-dat-tools\3_Output_Dat\SluggDebugg\646420640_sta03_yoshi_train02.gpl.sluggie_Hammerspace.SluggDebugg
[2026-09-20 02:15:37] [Info] [hammerspace.main] Hammerspace Log: Written | Model: 646420640_sta03_yoshi_train02.gpl.sluggie | Chunk: 136 | File: 9 | Address: 0x2C3137C0 | Size: 1.06 MB | Modes: {'GPL': 'build', 'ACT': 'clone', 'TEX': 'build', 'SKN': 'clone', 'trailing': 'clone'}
[2026-09-20 02:15:37] [Info] [dispatcher] Command completed
[2026-09-20 02:18:52] [Info] [dispatcher] Command (StartTools.bat): start.py --patch 646420640_sta03_yoshi_train02.gpl.sluggie
[2026-09-20 02:18:52] [Info] [dispatcher] Batch menu selection: 5 - Patch model(s)
[2026-09-20 02:18:52] [Info] [dispatcher] Batch model file input: '646420640_sta03_yoshi_train02.gpl.sluggie'
[2026-09-20 02:18:52] [Info] [dispatcher] Found: E:\Sluggies\Sluggies-dat-tools\2_Output_Models\136 Scoreboards Items and Obstacles\646304320\646420640_sta03_yoshi_train02.gpl\646420640_sta03_yoshi_train02.gpl.sluggie
[2026-09-20 02:18:52] [Info] [hammerspace.main] [Container] DOL entry is an archive: 24 slots, 10 populated; rebuilding slot 9 at +0x1C660 and carrying the other 9 member(s) along
[2026-09-20 02:18:52] [Info] [geometry.rebuild] [M3.3] sub0: normal buffer compacted to 27 unique normals
[2026-09-20 02:18:52] [Info] [geometry.rebuild] [M3.2] sub0: rebuilt draw states [5, 7]; descriptor upgrades []; triangulated 3 irreducible GX blocks
[2026-09-20 02:18:52] [Info] [geometry.rebuild] [M3.3] sub1: normal buffer compacted to 50 unique normals
[2026-09-20 02:18:52] [Info] [geometry.rebuild] [M3.2] sub1: rebuilt draw states [5]; descriptor upgrades []; triangulated 0 irreducible GX blocks
[2026-09-20 02:18:52] [Info] [geometry.rebuild] [M3.3] sub2: normal buffer compacted to 50 unique normals
[2026-09-20 02:18:52] [Info] [geometry.rebuild] [M3.2] sub2: rebuilt draw states [5]; descriptor upgrades []; triangulated 0 irreducible GX blocks
[2026-09-20 02:18:52] [Info] [texture_helper] texture 2 (CumTank.png): PNG dimensions 1024x1024 differ from descriptor 256x256; using 1024x1024 for encoding
[2026-09-20 02:18:52] [Info] [hammerspace.main] [CloneGPL] 5,952 bytes from block+0x20
[2026-09-20 02:18:52] [Info] [hammerspace.main] [GPL] appended normal array sub0 at GPL+0x1740 (162 bytes)
[2026-09-20 02:18:52] [Info] [hammerspace.main] [GPL] appended primitive list sub0 ds5 (896 bytes)
[2026-09-20 02:18:52] [Info] [hammerspace.main] [GPL] appended primitive list sub0 ds7 (96 bytes)
[2026-09-20 02:18:52] [Info] [hammerspace.main] [GPL] appended normal array sub1 at GPL+0x1BE0 (300 bytes)
[2026-09-20 02:18:52] [Info] [hammerspace.main] [GPL] appended primitive list sub1 ds5 (992 bytes)
[2026-09-20 02:18:52] [Info] [hammerspace.main] [GPL] appended normal array sub2 at GPL+0x2100 (300 bytes)
[2026-09-20 02:18:52] [Info] [hammerspace.main] [GPL] appended primitive list sub2 ds5 (992 bytes)
[2026-09-20 02:18:52] [Info] [hammerspace.main] [GPL] appended custom submesh 'custom0' as submesh 3 (host bone 3, template builtin:rigid_spec_v1)
[2026-09-20 02:18:52] [Info] [hammerspace.main] [CloneACT] 256 bytes from block+0x1760
[2026-09-20 02:18:52] [Info] [hammerspace.main] [CloneACT] 256 bytes from block+0x1760
[2026-09-20 02:18:52] [Info] [hammerspace.main] [BuildTEX] built 3 texture(s), 3 image payload(s), 0 palette payload(s); section size 559,232 bytes
[2026-09-20 02:18:52] [Info] [hammerspace.main] [CloneSKN] No SKN section
[2026-09-20 02:18:52] [Info] [hammerspace.main] [CloneHEADER] 0x20 bytes from offset 0x268798A0
[2026-09-20 02:18:52] [Info] [hammerspace.main] [HDR] +0x14 patched: 0x0000A0C0 → 0x00090620
[2026-09-20 02:18:52] [Info] [hammerspace.main] [Container] archive slot 9 41,440 -> 591,680 bytes; 6 later slot(s) shifted by +550,240; archive 564,236 -> 1,114,476 bytes
[2026-09-20 02:18:52] [Info] [hammerspace.main] Build validation report:
    {
      "valid": true,
      "errors": [],
      "warnings": [],
      "section_modes": {
        "GPL": "build",
        "ACT": "clone",
        "TEX": "build",
        "SKN": "clone",
        "trailing": "clone"
      },
      "section_sizes": {
        "GPL": 31776,
        "ACT": 336,
        "TEX": 559232,
        "SKN": 0,
        "trailing": 288
      },
      "section_pointers": {
        "GPL": 32,
        "ACT": 31808,
        "TEX": 32160,
        "SKN": 0
      },
      "assembled_size": 1114476,
      "original_size": 564236,
      "size_delta": 550240,
      "validator_facts": {
        "section_pointers": {
          "GPL": 32,
          "ACT": 31808,
          "TEX": 32160,
          "SKN": 0,
          "ptr6": 591392,
          "ptr7": 0,
          "ptr8": 0
        },
        "section_ranges": {
          "GPL": {
            "start": 32,
            "end": 31808
          },
          "ACT": {
            "start": 31808,
            "end": 32160
          },
          "TEX": {
            "start": 32160,
            "end": 591392
          },
          "ptr6": {
            "start": 591392,
            "end": 591680
          }
        },
        "section_sizes": {
          "GPL": 31776,
          "ACT": 352,
          "TEX": 559232,
          "ptr6": 288
        },
        "alignment": {
          "checked": 12,
          "failed": 0
        },
        "gpl_texture_references": [
          {
            "submesh": 0,
            "display_state": 0,
            "texture_index": 1
          },
          {
            "submesh": 0,
            "display_state": 1,
            "texture_index": 0
          },
          {
            "submesh": 0,
            "display_state": 6,
            "texture_index": 1
          },
          {
            "submesh": 1,
            "display_state": 0,
            "texture_index": 1
          },
          {
            "submesh": 1,
            "display_state": 1,
            "texture_index": 0
          },
          {
            "submesh": 2,
            "display_state": 0,
            "texture_index": 1
          },
          {
            "submesh": 2,
            "display_state": 1,
            "texture_index": 0
          },
          {
            "submesh": 3,
            "display_state": 0,
            "texture_index": 2
          },
          {
            "submesh": 3,
            "display_state": 1,
            "texture_index": 0
          }
        ],
        "primitive_lists_validated": 19,
        "gpl_submesh_layout": [
          {
            "position_count": 71,
            "position_comp_count": 3,
            "position_quantize_info": 61,
            "normal_count": 27,
            "normal_comp_count": 3,
            "normal_quantize_info": 62
          },
          {
            "position_count": 52,
            "position_comp_count": 3,
            "position_quantize_info": 61,
            "normal_count": 50,
            "normal_comp_count": 3,
            "normal_quantize_info": 62
          },
          {
            "position_count": 52,
            "position_comp_count": 3,
            "position_quantize_info": 61,
            "normal_count": 50,
            "normal_comp_count": 3,
            "normal_quantize_info": 62
          },
          {
            "position_count": 382,
            "position_comp_count": 3,
            "position_quantize_info": 59,
            "normal_count": 308,
            "normal_comp_count": 3,
            "normal_quantize_info": 62
          }
        ],
        "tex_texture_count": 3,
        "tex_clut_count": 0,
        "act_bone_count": 4,
        "act_geo_id_owners": {
          "0": [
            0
          ],
          "1": [
            1
          ],
          "2": [
            2
          ],
          "3": [
            3
          ]
        },
        "act_shared_geo_ids": [],
        "skinned_position_offsets": [],
        "primitive_offsets": [
          6208,
          7104,
          7520,
          8832,
          16000
        ],
        "scratch_write_ends": [],
        "skn_stride": null
      },
      "root_scale_applied": false,
      "archive_file_count": 24,
      "archive_populated_slots": 10,
      "archive_member_slot": 9,
      "archive_member_offset": 116320,
      "archive_member_original_size": 41440,
      "archive_member_new_size": 591680,
      "archive_member_padding": 0,
      "archive_slots_shifted": 6,
      "archive_suffix_size": 406476,
      "archive_original_size": 564236,
      "archive_new_size": 1114476,
      "archive_size_delta": 550240,
      "container_prefix_size": 116320,
      "inner_assembled_size": 591680,
      "inner_original_size": 41440
    }
[2026-09-20 02:18:52] [Info] [hammerspace.main] Model already in hammerspace at 0x2C3137C0; keeping the old route live until replacement commits
[2026-09-20 02:18:53] [Info] [hammerspace.helper] Expanding OUTPUT dt_na.dat by 1,114,624 bytes (current: 742,534,220 → target: 743,648,844) ...
[2026-09-20 02:18:53] [Info] [hammerspace.helper] Expansion complete. New size: 743,648,844 bytes
[2026-09-20 02:18:53] [Info] [hammerspace.helper] Patched DOL entry: chunk=136, file_index=9, offset=0x2C422A60, length=0x11016C
[2026-09-20 02:18:53] [Info] [hammerspace.helper] Patched DOL entry: chunk=131, file_index=129, offset=0x2C422A60, length=0x11016C
[2026-09-20 02:18:53] [Info] [hammerspace.helper] Patched DOL entry: chunk=132, file_index=122, offset=0x2C422A60, length=0x11016C
[2026-09-20 02:18:53] [Info] [hammerspace.helper] Patched DOL entry: chunk=133, file_index=21, offset=0x2C422A60, length=0x11016C
[2026-09-20 02:18:53] [Info] [hammerspace.helper] Patched DOL entry: chunk=134, file_index=12, offset=0x2C422A60, length=0x11016C
[2026-09-20 02:18:53] [Info] [hammerspace.helper] Patched DOL entry: chunk=135, file_index=10, offset=0x2C422A60, length=0x11016C
[2026-09-20 02:18:53] [Info] [hammerspace.helper] Patched FST: dt_na.dat size 0x2C422C4C -> 0x2C532E4C (743,648,844 bytes)
[2026-09-20 02:18:53] [Info] [hammerspace.helper] Zeroing original model data: 0x2685D240, 564,236 bytes ...
[2026-09-20 02:18:53] [Info] [hammerspace.helper]     Zeroed 564,236 bytes at original location.
[2026-09-20 02:18:53] [Info] [hammerspace.main] Hammerspace Log: Replaced | Model: 646420640_sta03_yoshi_train02.gpl.sluggie | Old address: 0x2C3137C0 | Old size: 1.06 MB
[2026-09-20 02:18:53] [Info] [hammerspace.helper] [Debug] Original block    → E:\Sluggies\Sluggies-dat-tools\3_Output_Dat\SluggDebugg\646420640_sta03_yoshi_train02.gpl.sluggie_Original.SluggDebugg
[2026-09-20 02:18:53] [Info] [hammerspace.helper] [Debug] Hammerspace block → E:\Sluggies\Sluggies-dat-tools\3_Output_Dat\SluggDebugg\646420640_sta03_yoshi_train02.gpl.sluggie_Hammerspace.SluggDebugg
[2026-09-20 02:18:53] [Info] [hammerspace.main] Hammerspace Log: Written | Model: 646420640_sta03_yoshi_train02.gpl.sluggie | Chunk: 136 | File: 9 | Address: 0x2C422A60 | Size: 1.06 MB | Modes: {'GPL': 'build', 'ACT': 'clone', 'TEX': 'build', 'SKN': 'clone', 'trailing': 'clone'}
[2026-09-20 02:18:53] [Info] [dispatcher] Command completed
[2026-09-20 02:28:01] [Info] [hammerspace.main] [CloneACT] 832 bytes from block+0x360
[2026-09-20 02:28:01] [Info] [hammerspace.main] [ACT] bone 1 GeoId -> 2 at ACT+0x50 (GeoIdEdited retarget; section-relative, stable across hammerspace relocation)
[2026-09-20 02:28:01] [Info] [hammerspace.main] [CloneACT] 832 bytes from block+0x360
[2026-09-20 02:28:01] [Info] [hammerspace.main] [CloneTEX] 160 bytes from block+0x6A0
[2026-09-20 02:28:01] [Info] [hammerspace.main] [CloneSKN] 384 bytes from block+0x740
[2026-09-20 02:28:01] [Info] [hammerspace.main] [CloneTrailing] No ptr6/ptr7/ptr8 sections
[2026-09-20 02:28:01] [Info] [hammerspace.main] [CloneHEADER] 0x20 bytes from offset 0x00002000
[2026-09-20 02:28:01] [Info] [build_add_submesh_fixture] [ACT] bone 1 GeoId already reads submesh 2 at ACT+0x50 (applied by BuildModelBlock via GeoIdEdited)
[2026-09-20 02:28:01] [Info] [hammerspace.main] [CloneACT] 832 bytes from block+0x360
[2026-09-20 02:28:01] [Info] [hammerspace.main] [ACT] bone 1 GeoId -> 2 at ACT+0x50 (GeoIdEdited retarget; section-relative, stable across hammerspace relocation)
[2026-09-20 02:28:01] [Info] [hammerspace.main] [CloneACT] 832 bytes from block+0x360
[2026-09-20 02:28:01] [Info] [hammerspace.main] [CloneTEX] 160 bytes from block+0x6A0
[2026-09-20 02:28:01] [Info] [hammerspace.main] [CloneSKN] 384 bytes from block+0x740
[2026-09-20 02:28:01] [Info] [hammerspace.main] [CloneTrailing] No ptr6/ptr7/ptr8 sections
[2026-09-20 02:28:01] [Info] [hammerspace.main] [CloneHEADER] 0x20 bytes from offset 0x00002000
[2026-09-20 02:28:01] [Info] [build_add_submesh_fixture] [ACT] bone 1 GeoId already reads submesh 2 at ACT+0x50 (applied by BuildModelBlock via GeoIdEdited)
[2026-09-20 02:28:01] [Info] [hammerspace.main] [CloneACT] 832 bytes from block+0x360
[2026-09-20 02:28:01] [Info] [hammerspace.main] [ACT] bone 1 GeoId -> 2 at ACT+0x50 (GeoIdEdited retarget; section-relative, stable across hammerspace relocation)
[2026-09-20 02:28:01] [Info] [hammerspace.main] [CloneACT] 832 bytes from block+0x360
[2026-09-20 02:28:01] [Info] [hammerspace.main] [CloneTEX] 160 bytes from block+0x6A0
[2026-09-20 02:28:01] [Info] [hammerspace.main] [CloneSKN] 384 bytes from block+0x740
[2026-09-20 02:28:01] [Info] [hammerspace.main] [CloneTrailing] No ptr6/ptr7/ptr8 sections
[2026-09-20 02:28:01] [Info] [hammerspace.main] [CloneHEADER] 0x20 bytes from offset 0x00002000
[2026-09-20 02:28:01] [Info] [build_add_submesh_fixture] [ACT] bone 1 GeoId already reads submesh 2 at ACT+0x50 (applied by BuildModelBlock via GeoIdEdited)
[2026-09-20 02:28:01] [Info] [hammerspace.main] [CloneACT] 832 bytes from block+0x360
[2026-09-20 02:28:01] [Info] [hammerspace.main] [ACT] bone 1 GeoId -> 2 at ACT+0x50 (GeoIdEdited retarget; section-relative, stable across hammerspace relocation)
[2026-09-20 02:28:01] [Info] [hammerspace.main] [CloneACT] 832 bytes from block+0x360
[2026-09-20 02:28:01] [Info] [hammerspace.main] [CloneTEX] 160 bytes from block+0x6A0
[2026-09-20 02:28:01] [Info] [hammerspace.main] [CloneSKN] 384 bytes from block+0x740
[2026-09-20 02:28:01] [Info] [hammerspace.main] [CloneTrailing] No ptr6/ptr7/ptr8 sections
[2026-09-20 02:28:01] [Info] [hammerspace.main] [CloneHEADER] 0x20 bytes from offset 0x00002000
[2026-09-20 02:28:01] [Info] [build_add_submesh_fixture] [ACT] bone 1 GeoId already reads submesh 2 at ACT+0x50 (applied by BuildModelBlock via GeoIdEdited)
[2026-09-20 02:28:03] [Info] [geometry.rebuild] [M3.3] sub0 color: 4 donor entries -> 4 compact; indices rebuilt
[2026-09-20 02:28:03] [Info] [geometry.rebuild] [M3.2] sub0: rebuilt draw states [1]; descriptor upgrades []; triangulated 0 irreducible GX blocks
[2026-09-20 02:28:03] [Info] [geometry.rebuild] [M3.3] sub0 color: 4 donor entries -> 4 compact; indices preserved
[2026-09-20 02:28:03] [Info] [hammerspace.main] [CloneGPL] 832 bytes from block+0x20
[2026-09-20 02:28:03] [Info] [hammerspace.main] [GPL] appended custom submesh 'custom0' as submesh 2 (host bone 1, template builtin:rigid_spec_v1)
[2026-09-20 02:28:03] [Info] [hammerspace.main] [CloneACT] 832 bytes from block+0x360
[2026-09-20 02:28:03] [Info] [hammerspace.main] [ACT] custom submesh 'custom0': bone 1 GeoId -> 2 at ACT+0x50 (section-relative; stable across hammerspace relocation)
[2026-09-20 02:28:03] [Info] [hammerspace.main] [CloneACT] 832 bytes from block+0x360
[2026-09-20 02:28:03] [Info] [hammerspace.main] [CloneTEX] 160 bytes from block+0x6A0
[2026-09-20 02:28:03] [Info] [hammerspace.main] [CloneSKN] 384 bytes from block+0x740
[2026-09-20 02:28:03] [Info] [hammerspace.main] [CloneTrailing] No ptr6/ptr7/ptr8 sections
[2026-09-20 02:28:03] [Info] [hammerspace.main] [CloneHEADER] 0x20 bytes from offset 0x00002000
[2026-09-20 02:28:03] [Info] [hammerspace.main] [CloneGPL] 832 bytes from block+0x20
[2026-09-20 02:28:03] [Info] [hammerspace.main] [GPL] appended custom submesh 'custom0' as submesh 2 (host bone 1, template builtin:rigid_spec_v1)
[2026-09-20 02:28:03] [Info] [hammerspace.main] [CloneACT] 832 bytes from block+0x360
[2026-09-20 02:28:03] [Info] [hammerspace.main] [ACT] custom submesh 'custom0': bone 1 GeoId -> 2 at ACT+0x50 (section-relative; stable across hammerspace relocation)
[2026-09-20 02:28:03] [Info] [hammerspace.main] [CloneACT] 832 bytes from block+0x360
[2026-09-20 02:28:03] [Info] [hammerspace.main] [CloneTEX] 160 bytes from block+0x6A0
[2026-09-20 02:28:03] [Info] [hammerspace.main] [CloneSKN] 384 bytes from block+0x740
[2026-09-20 02:28:03] [Info] [hammerspace.main] [CloneTrailing] No ptr6/ptr7/ptr8 sections
[2026-09-20 02:28:03] [Info] [hammerspace.main] [CloneHEADER] 0x20 bytes from offset 0x00002000
[2026-09-20 02:28:03] [Info] [hammerspace.main] [CloneGPL] 832 bytes from block+0x20
[2026-09-20 02:28:03] [Info] [hammerspace.main] [GPL] appended custom submesh 'custom0' as submesh 2 (host bone 1, template rigid:sm1_ds5)
[2026-09-20 02:28:03] [Info] [hammerspace.main] [CloneACT] 832 bytes from block+0x360
[2026-09-20 02:28:03] [Info] [hammerspace.main] [ACT] custom submesh 'custom0': bone 1 GeoId -> 2 at ACT+0x50 (section-relative; stable across hammerspace relocation)
[2026-09-20 02:28:03] [Info] [hammerspace.main] [CloneACT] 832 bytes from block+0x360
[2026-09-20 02:28:03] [Info] [hammerspace.main] [CloneTEX] 160 bytes from block+0x6A0
[2026-09-20 02:28:03] [Info] [hammerspace.main] [CloneSKN] 384 bytes from block+0x740
[2026-09-20 02:28:03] [Info] [hammerspace.main] [CloneTrailing] No ptr6/ptr7/ptr8 sections
[2026-09-20 02:28:03] [Info] [hammerspace.main] [CloneHEADER] 0x20 bytes from offset 0x00002000
[2026-09-20 02:28:03] [Info] [hammerspace.main] [CloneGPL] 832 bytes from block+0x20
[2026-09-20 02:28:03] [Info] [hammerspace.main] [GPL] appended custom submesh 'custom0' as submesh 2 (host bone 1, template derived:sm0_ds5)
[2026-09-20 02:28:03] [Info] [hammerspace.main] [CloneACT] 832 bytes from block+0x360
[2026-09-20 02:28:03] [Info] [hammerspace.main] [ACT] custom submesh 'custom0': bone 1 GeoId -> 2 at ACT+0x50 (section-relative; stable across hammerspace relocation)
[2026-09-20 02:28:03] [Info] [hammerspace.main] [CloneACT] 832 bytes from block+0x360
[2026-09-20 02:28:03] [Info] [hammerspace.main] [CloneTEX] 160 bytes from block+0x6A0
[2026-09-20 02:28:03] [Info] [hammerspace.main] [CloneSKN] 384 bytes from block+0x740
[2026-09-20 02:28:03] [Info] [hammerspace.main] [CloneTrailing] No ptr6/ptr7/ptr8 sections
[2026-09-20 02:28:03] [Info] [hammerspace.main] [CloneHEADER] 0x20 bytes from offset 0x00002000
[2026-09-20 02:28:03] [Info] [hammerspace.main] [CloneGPL] 832 bytes from block+0x20
[2026-09-20 02:28:03] [Info] [hammerspace.main] [GPL] appended custom submesh 'custom0' as submesh 2 (host bone 1, template builtin:rigid_spec_v1)
[2026-09-20 02:28:03] [Info] [hammerspace.main] [CloneACT] 832 bytes from block+0x360
[2026-09-20 02:28:03] [Info] [hammerspace.main] [ACT] custom submesh 'custom0': bone 1 GeoId -> 2 at ACT+0x50 (section-relative; stable across hammerspace relocation)
[2026-09-20 02:28:03] [Info] [hammerspace.main] [CloneACT] 832 bytes from block+0x360
[2026-09-20 02:28:03] [Info] [hammerspace.main] [CloneTEX] 160 bytes from block+0x6A0
[2026-09-20 02:28:03] [Info] [hammerspace.main] [CloneSKN] 384 bytes from block+0x740
[2026-09-20 02:28:03] [Info] [hammerspace.main] [CloneTrailing] No ptr6/ptr7/ptr8 sections
[2026-09-20 02:28:03] [Info] [hammerspace.main] [CloneHEADER] 0x20 bytes from offset 0x00002000
[2026-09-20 02:28:04] [Info] [dispatcher] Resolved PNG '0.png' → model.sluggie texture 0
[2026-09-20 02:28:04] [Info] [dispatcher] Resolved PNG '0.png' → model.sluggie texture 0
[2026-09-20 02:28:04] [Info] [dispatcher] Found: C:\Users\gerno\AppData\Local\Temp\tmp1e_yeqzy\model.sluggie
[2026-09-20 02:28:04] [Info] [dispatcher] Resolved PNG '0.png' → model.sluggie texture 0
[2026-09-20 02:28:04] [Info] [dispatcher] Found: C:\Users\gerno\AppData\Local\Temp\tmpomt3s81b\model.sluggie
[2026-09-20 02:28:04] [Warning] [act] bone 0 is not relative
[2026-09-20 02:28:04] [Warning] [act] bone 0 is not relative
[2026-09-20 02:28:04] [Warning] [act] bone 0 is not relative
[2026-09-20 02:28:04] [Info] [hammerspace.helper] [1] Current DOL entry: chunk=0, file_index=0, offset=0x00000008 (8), length=0x00000008 (8 bytes)
[2026-09-20 02:28:04] [Info] [hammerspace.helper] [2] Original DOL entry: offset=0x00000008 (8), length=0x00000008 (8 bytes)
[2026-09-20 02:28:04] [Info] [hammerspace.helper] DOL entry was already restored; original model bytes were repaired and verified.
[2026-09-20 02:28:04] [Info] [hammerspace.helper] [1] Current DOL entry: chunk=0, file_index=0, offset=0x00000040 (64), length=0x00000008 (8 bytes)
[2026-09-20 02:28:04] [Info] [hammerspace.helper] [2] Original DOL entry: offset=0x00000008 (8), length=0x00000008 (8 bytes)
[2026-09-20 02:28:04] [Info] [hammerspace.helper] [3] Restored and verified 8 original model bytes at 0x00000008.
[2026-09-20 02:28:04] [Info] [hammerspace.helper] [4] Restoring original DOL entry ...
[2026-09-20 02:28:04] [Info] [hammerspace.helper] [5] Zeroing 8 bytes at 0x00000040 in OUTPUT dt_na.dat ...
[2026-09-20 02:28:04] [Info] [hammerspace.helper]     Zeroed 8 bytes.
[2026-09-20 02:28:04] [Info] [hammerspace.helper] Done. chunk=0, file_index=0 removed from hammerspace.
[2026-09-20 02:28:04] [Info] [hammerspace.main] [ACT] bone 5 GeoId -> 65535 at ACT+0x20 (GeoIdEdited retarget; section-relative, stable across hammerspace relocation)
[2026-09-20 02:28:04] [Info] [hammerspace.main] [ACT] custom submesh 'custom0': bone 5 GeoId -> 2 at ACT+0x20 (section-relative; stable across hammerspace relocation)
[2026-09-20 02:28:04] [Info] [hammerspace.main] [ACT] bone 6 GeoId -> 1 at ACT+0x28 (GeoIdEdited retarget; section-relative, stable across hammerspace relocation)
[2026-09-20 02:28:04] [Info] [hammerspace.main] [ACT] bone 5 GeoId -> 65535 at ACT+0x20 (GeoIdEdited retarget; section-relative, stable across hammerspace relocation)
[2026-09-20 02:28:04] [Info] [hammerspace.main] [ACT] custom submesh 'custom0': bone 5 GeoId -> 1 at ACT+0x20 (section-relative; stable across hammerspace relocation)
[2026-09-20 02:28:04] [Info] [hammerspace.main] [ACT] custom submesh 'custom1': bone 6 GeoId -> 2 at ACT+0x28 (section-relative; stable across hammerspace relocation)
[2026-09-20 02:28:04] [Info] [hammerspace.main] [ACT] custom submesh 'custom0': bone 5 GeoId -> 2 at ACT+0x20 (section-relative; stable across hammerspace relocation)
[2026-09-20 02:28:04] [Error] [hammerspace.main] Bone 1: SRTOffset 0x103F is before the ACT section start (0x1040); the .sluggie's SRTOffset metadata does not match this model's ACT section layout. Re-export the model with the latest SluggiesTools export.py, then export from Blender again.
[2026-09-20 02:28:04] [Info] [hammerspace.main] [ACT] root-bone SRT scale: bone 1 wrote 400000003fc000003f800000 at ACT+0x54 (section-relative; stable across hammerspace relocation)
[2026-09-20 02:28:04] [Info] [hammerspace.main] [Container] DOL entry is an archive: 3 slots, 3 populated; rebuilding slot 1 at +0x60 and carrying the other 2 member(s) along
[2026-09-20 02:28:04] [Info] [hammerspace.main] [Container] archive slot 1 64 -> 192 bytes; 1 later slot(s) shifted by +128; archive 256 -> 384 bytes
[2026-09-20 02:28:04] [Info] [hammerspace.main] [Container] preserving 32-byte DOL entry prefix; inner model starts at +0x20
[2026-09-20 02:28:04] [Info] [hammerspace.main] [Container] DOL entry is an archive: 3 slots, 3 populated; rebuilding slot 1 at +0x60 and carrying the other 2 member(s) along
[2026-09-20 02:28:04] [Info] [hammerspace.main] [Container] archive slot 1 64 -> 192 bytes; 1 later slot(s) shifted by +128; archive 256 -> 384 bytes
[2026-09-20 02:28:04] [Info] [hammerspace.main] [Container] DOL entry is an archive: 3 slots, 3 populated; rebuilding slot 1 at +0x60 and carrying the other 2 member(s) along
[2026-09-20 02:28:04] [Info] [hammerspace.main] [Container] archive slot 1 64 -> 192 bytes; 1 later slot(s) shifted by +128; archive 256 -> 384 bytes
[2026-09-20 02:28:04] [Info] [hammerspace.main] [CloneGPL] 4 bytes from block+0x20
[2026-09-20 02:28:04] [Info] [hammerspace.main] [HDR] +0x18 patched: 0x00000180 → 0x00000100
[2026-09-20 02:28:04] [Info] [hammerspace.main] [HDR] +0x14 patched: 0x00000100 → 0x000000A0
[2026-09-20 02:28:04] [Info] [hammerspace.main] [HDR] +0x18 patched: 0x00000140 → 0x000000E0
[2026-09-20 02:28:04] [Info] [hammerspace.main] [HDR] +0x1C patched: 0x00000180 → 0x00000120
[2026-09-20 02:28:04] [Info] [hammerspace.main] [GPL] patched material state sub0 ds0 at GPL+0x10
[2026-09-20 02:28:04] [Info] [hammerspace.main] [GPL] patched material state sub0 ds1 at GPL+0x20
[2026-09-20 02:28:04] [Info] [hammerspace.main] [GPL] patched position array sub0 at GPL+0x10 (6 bytes)
[2026-09-20 02:28:04] [Info] [hammerspace.main] Model already in hammerspace at 0x00003000; keeping the old route live until replacement commits
[2026-09-20 02:28:04] [Info] [hammerspace.main] Hammerspace Log: Replaced | Model: fixture.sluggie | Old address: 0x00003000 | Old size: 0.00 MB
[2026-09-20 02:28:04] [Info] [hammerspace.main] Hammerspace Log: Written | Model: fixture.sluggie | Chunk: 18 | File: 0 | Address: 0x00004000 | Size: 0.00 MB | Modes: {'GPL': 'clone', 'ACT': 'clone', 'TEX': 'clone', 'SKN': 'clone', 'trailing': 'clone'}
[2026-09-20 02:28:04] [Info] [hammerspace.main] Model already in hammerspace at 0x00003000; keeping the old route live until replacement commits
[2026-09-20 02:28:04] [Info] [hammerspace.main] Model already in hammerspace at 0x00003000; keeping the old route live until replacement commits
[2026-09-20 02:28:04] [Info] [hammerspace.main] Hammerspace Log: Replaced | Model: fixture.sluggie | Old address: 0x00003000 | Old size: 0.00 MB
[2026-09-20 02:28:04] [Info] [hammerspace.main] Hammerspace Log: Written | Model: fixture.sluggie | Chunk: 18 | File: 0 | Address: 0x00004000 | Size: 0.00 MB | Modes: {'GPL': 'clone', 'ACT': 'clone', 'TEX': 'clone', 'SKN': 'clone', 'trailing': 'clone'}
[2026-09-20 02:28:04] [Info] [hammerspace.main] Model already in hammerspace at 0x00003000; keeping the old route live until replacement commits
[2026-09-20 02:28:04] [Info] [hammerspace.main] [GPL] appended UV array sub0 uv0 at GPL+0x80 (8 bytes)
[2026-09-20 02:28:04] [Info] [hammerspace.main] [GPL] appended primitive list sub0 ds0 (32 bytes)
[2026-09-20 02:28:05] [Info] [hammerspace.main] [GPL] patched UV array sub0 uv0 at GPL+0x14 (4 bytes)
[2026-09-20 02:28:05] [Info] [hammerspace.main] Hammerspace Log: Written | Model: fixture.sluggie | Chunk: 18 | File: 0 | Address: 0x00001020 | Size: 0.00 MB | Modes: {'GPL': 'clone', 'ACT': 'clone', 'TEX': 'clone', 'SKN': 'clone', 'trailing': 'clone'}
[2026-09-20 02:28:05] [Info] [hammerspace.main] Hammerspace Log: Written | Model: fixture.sluggie | Chunk: 18 | File: 0 | Address: 0x00002000 | Size: 0.00 MB | Modes: {'GPL': 'clone', 'ACT': 'clone', 'TEX': 'clone', 'SKN': 'clone', 'trailing': 'clone'}
[2026-09-20 02:28:05] [Warning] [hammerspace.main] [SKN] SK1/SK2 destinations are not cache-line exclusive; source arrays packed sequentially instead of mirroring the position buffer (donor layout rule) — facial poses on skinned vertices may break in-game
[2026-09-20 02:28:05] [Info] [hammerspace.main] [BuildTEX] built 5 texture(s), 5 image payload(s), 0 palette payload(s); section size 832 bytes
[2026-09-20 02:28:05] [Info] [hammerspace.main] [BuildTEX] built 2 texture(s), 2 image payload(s), 0 palette payload(s); section size 160 bytes
[2026-09-20 02:28:05] [Info] [hammerspace.main] [BuildTEX] No textures; returning empty TEX section
[2026-09-20 02:28:05] [Info] [hammerspace.main] [BuildTEX] built 2 texture(s), 2 image payload(s), 0 palette payload(s); section size 160 bytes
[2026-09-20 02:28:05] [Info] [hammerspace.main] [BuildTEX] built 2 texture(s), 2 image payload(s), 2 palette payload(s); section size 256 bytes
[2026-09-20 02:28:05] [Info] [hammerspace.main] [BuildTEX] built 1 texture(s), 1 image payload(s), 0 palette payload(s); section size 96 bytes
[2026-09-20 02:28:05] [Info] [hammerspace.main] [CloneGPL] 832 bytes from block+0x20
[2026-09-20 02:28:05] [Info] [hammerspace.main] [GPL] appended custom submesh 'custom0' as submesh 2 (host bone 1, template builtin:rigid_spec_v1)
[2026-09-20 02:28:05] [Info] [hammerspace.main] [CloneACT] 832 bytes from block+0x360
[2026-09-20 02:28:05] [Info] [hammerspace.main] [ACT] custom submesh 'custom0': bone 1 GeoId -> 2 at ACT+0x50 (section-relative; stable across hammerspace relocation)
[2026-09-20 02:28:05] [Info] [hammerspace.main] [CloneACT] 832 bytes from block+0x360
[2026-09-20 02:28:05] [Info] [hammerspace.main] [CloneTEX] 160 bytes from block+0x6A0
[2026-09-20 02:28:05] [Info] [hammerspace.main] [CloneSKN] 384 bytes from block+0x740
[2026-09-20 02:28:05] [Info] [hammerspace.main] [CloneTrailing] No ptr6/ptr7/ptr8 sections
[2026-09-20 02:28:05] [Info] [hammerspace.main] [CloneHEADER] 0x20 bytes from offset 0x00002000
[2026-09-20 02:28:05] [Info] [hammerspace.main] [CloneGPL] 832 bytes from block+0x20
[2026-09-20 02:28:05] [Info] [hammerspace.main] [GPL] appended custom submesh 'custom0' as submesh 2 (host bone 3, template derived:sm0_ds5)
[2026-09-20 02:28:05] [Info] [hammerspace.main] [CloneACT] 832 bytes from block+0x360
[2026-09-20 02:28:05] [Info] [hammerspace.main] [ACT] custom submesh 'custom0': bone 3 GeoId -> 2 at ACT+0x88 (section-relative; stable across hammerspace relocation)
[2026-09-20 02:28:05] [Info] [hammerspace.main] [CloneACT] 832 bytes from block+0x360
[2026-09-20 02:28:05] [Info] [hammerspace.main] [CloneTEX] 160 bytes from block+0x6A0
[2026-09-20 02:28:05] [Info] [hammerspace.main] [CloneSKN] 384 bytes from block+0x740
[2026-09-20 02:28:05] [Info] [hammerspace.main] [CloneTrailing] No ptr6/ptr7/ptr8 sections
[2026-09-20 02:28:05] [Info] [hammerspace.main] [CloneHEADER] 0x20 bytes from offset 0x00002000
[2026-09-20 02:28:05] [Info] [hammerspace.main] [CloneGPL] 832 bytes from block+0x20
[2026-09-20 02:28:05] [Info] [hammerspace.main] [CloneGPL] 832 bytes from block+0x20
[2026-09-20 02:28:05] [Info] [hammerspace.main] [GPL] appended custom submesh 'custom0' as submesh 2 (host bone 1, template builtin:rigid_spec_v1)
[2026-09-20 02:28:05] [Info] [hammerspace.main] [CloneACT] 832 bytes from block+0x360
[2026-09-20 02:28:05] [Info] [hammerspace.main] [ACT] custom submesh 'custom0': bone 1 GeoId -> 2 at ACT+0x50 (section-relative; stable across hammerspace relocation)
[2026-09-20 02:28:05] [Info] [hammerspace.main] [CloneACT] 832 bytes from block+0x360
[2026-09-20 02:28:05] [Info] [hammerspace.main] [CloneTEX] 160 bytes from block+0x6A0
[2026-09-20 02:28:05] [Info] [hammerspace.main] [CloneSKN] 384 bytes from block+0x740
[2026-09-20 02:28:05] [Info] [hammerspace.main] [CloneTrailing] No ptr6/ptr7/ptr8 sections
[2026-09-20 02:28:05] [Info] [hammerspace.main] [CloneHEADER] 0x20 bytes from offset 0x00002000
[2026-09-20 02:28:05] [Info] [hammerspace.main] [CloneGPL] 832 bytes from block+0x20
[2026-09-20 02:28:05] [Info] [hammerspace.main] [GPL] appended custom submesh 'custom0' as submesh 2 (host bone 2, template rigid:sm1_ds5)
[2026-09-20 02:28:05] [Info] [hammerspace.main] [CloneACT] 832 bytes from block+0x360
[2026-09-20 02:28:05] [Info] [hammerspace.main] [ACT] custom submesh 'custom0': bone 2 GeoId -> 2 at ACT+0x6C (section-relative; stable across hammerspace relocation)
[2026-09-20 02:28:05] [Info] [hammerspace.main] [CloneACT] 832 bytes from block+0x360
[2026-09-20 02:28:05] [Info] [hammerspace.main] [CloneTEX] 160 bytes from block+0x6A0
[2026-09-20 02:28:05] [Info] [hammerspace.main] [CloneSKN] 384 bytes from block+0x740
[2026-09-20 02:28:05] [Info] [hammerspace.main] [CloneTrailing] No ptr6/ptr7/ptr8 sections
[2026-09-20 02:28:05] [Info] [hammerspace.main] [CloneHEADER] 0x20 bytes from offset 0x00002000
[2026-09-20 02:28:05] [Info] [hammerspace.main] [GPL] appended custom submesh 'custom0' as submesh 1 (host bone 5, template builtin:rigid_spec_v1)
[2026-09-20 02:28:05] [Info] [geometry.rebuild] [M3.3] sub0: normal buffer compacted to 5 unique normals
[2026-09-20 02:28:05] [Info] [geometry.rebuild] [M3.2] sub0: rebuilt draw states [1]; descriptor upgrades []; triangulated 0 irreducible GX blocks
[2026-09-20 02:28:05] [Info] [geometry.rebuild] [M3.2] sub0 uv0: 6 expanded coords -> 5 compact; indices rebuilt
[2026-09-20 02:28:05] [Info] [geometry.rebuild] [M3.3] sub0: normal buffer compacted to 5 unique normals
[2026-09-20 02:28:05] [Info] [geometry.rebuild] [M3.2] sub0: rebuilt draw states [1]; descriptor upgrades []; triangulated 0 irreducible GX blocks
[2026-09-20 02:28:05] [Info] [geometry.rebuild] [M3.3] sub0: normal buffer compacted to 4 unique normals
